id,name,street,zip,city,lat,lon,distance_m,phone,email,website,care_type,has_kurzzeitpflege,eigenanteil_display,pg1_total_month,pg1_eigenanteil,pg1_housing_care,pg1_invest,pg2_total_month,pg2_eigenanteil,pg2_housing_care,pg2_invest,pg3_total_month,pg3_eigenanteil,pg3_housing_care,pg3_invest,pg4_total_month,pg4_eigenanteil,pg4_housing_care,pg4_invest,pg5_total_month,pg5_eigenanteil,pg5_housing_care,pg5_invest,staff_ratio,construction_year,facility_amenities,room_amenities,services,meal_info,quality_report_url,photo_count,photo_urls,visiting_always,visiting_hours,accessibility,contact_persons,last_update,google_rating,google_review_count,google_website,google_maps_url,google_place_id,google_match_distance_m,web_verfuegbare_plaetze,web_preise_details,web_zimmer_typen,web_pflegeangebote,web_besondere_schwerpunkte,web_aktivitaeten,web_lage_umgebung,web_traeger,web_besonderheiten,web_kontakt_details
8877,Seniorenzentrum am Birkenwald,Birkenwaldstr. 19,70191,Stuttgart,48.790549941217,9.1788089643484,1041,0711 259720,rezeption.birkenwald@asb-stuttgart.de,http://www.asb-in-stuttgart.de/index.php?id=98,"Kurzzeitpflege, Langzeitpflege",True,"3.033,15 €",3210.9412000000007,2210.3172000000004,1131.6240000000003,0,3033.1505,2237.09,1131.6240000000003,0,3033.1505,2237.09,1131.6240000000003,0,3033.1505,2237.09,1131.6240000000003,0,3033.1505,2237.09,1131.6240000000003,0,"Pflegegrad 1: 1 Vollzeitstelle: 4,5 Pflegebedürftige; Pflegegrad 2: 1 Vollzeitstelle: 3,5 Pflegebedürftige; Pflegegrad 3: 1 Vollzeitstelle: 2,5 Pflegebedürftige; Pflegegrad 4: 1 Vollzeitstelle: 1,9 Pflegebedürftige; Pflegegrad 5: 1 Vollzeitstelle: 1,8 Pflegebedürftige",2010,Einrichtungseigene Aufenthaltsmöglichkeiten im Freien; Eigene Haustiere erlaubt: nach Absprache,Telefonanschluss in den Bewohnerzimmern: gegen Gebühr; TV- oder Kabelanschluss in den Bewohnerzimmern: gegen Gebühr; Internetzugang in den Bewohnerzimmern: W-Lan; Möbelmitnahme möglich,"Wäscheversorgung (insbesondere Kleidung); Gymnastik, Gedächtnistraining, basale Stimulation, Besuchshund, jahreszeitliche Feiern u. a.; Für alle gesetzlich versicherten Bewohnerinnen und Bewohner besteht ein Beratungsangebot zur gesundheitlichen Versorgungsplanung nach § 132g SGB V durch einen weitergebildeten Berater.; Friseur, Fußpflege, Wäschekennzeichnung","Zwischenmahlzeiten (z.B. Joghurt, Obst) zur freien Verfügung; Teeküche ist für die individuelle Nutzung der Bewohner vorhanden; Mahlzeiten werden in der Einrichtung zubereitet (nach Absprache): Mittagessen vom Caterer im Cook&Chill-Verfahren.; Spezielle Kostformen nach Absprache möglich (z. B. vegetarisch, ohne Schweinefleisch); Diätkost (z.B. Diabetiker- oder Reduktionskost); Getränke (kalt/heiß) zur freien Verfügung; Einnahme von Mahlzeiten auf Wunsch im eigenen Zimmer möglich; Zubereitung eigener Mahlzeiten möglich; Gemeinschaftliches Mittagessen möglich",https://navigatoren.aok.de/etl/public/reports/2019/510/51081957770191-6925af330e6c9.pdf,3,https://navigatoren.aok.de/etl/public/images/nursing_home/image332092detail-63738b9906267.jpg; https://navigatoren.aok.de/etl/public/images/nursing_home/image332093detail-63738b99070fc.jpg; https://navigatoren.aok.de/etl/public/images/nursing_home/image332094detail-63738b9908273.jpg,False,,Alle Wohn- und Gemeinschaftsflächen sind für die Bewohner und deren Angehörige in der Einrichtung barrierefrei zugänglich.,,,4.5,17,http://www.asb-in-stuttgart.de/index.php?id=98,https://maps.google.com/?cid=8012580573669863431&g_mp=Cidnb29nbGUubWFwcy5wbGFjZXMudjEuUGxhY2VzLlNlYXJjaFRleHQQAhgEIAA,ChIJtXVpky7bmUcRB7DJS5RnMm8,40,,,,"Pflegeheime, Betreutes Wohnen, Ambulanter Pflegedienst / Häusliche Krankenpflege",,,Region Stuttgart - mehr als zehn Pflegeheime mit insgesamt über 700 Betreuungsplätzen,Arbeiter-Samariter-Bund Baden-Württemberg e.V. Region Stuttgart - einer der großen Hilfs- und Wohlfahrtsorganisationen,"2018 von der Stiftung Warentest ausgezeichneter Hausnotruf. Vollständige Abdeckung aller sozialen Dienstleistungen. Grundsatz: 'Wir helfen allen Menschen ohne Ansehen ihrer politischen, ethnischen, sozialen, nationalen oder religiösen Zugehörigkeit. Dabei steht der Respekt vor dem Menschen sowie die Selbstbestimmung jedes Einzelnen im Mittelpunkt unseres Handelns.'","Arbeiter-Samariter-Bund Baden-Württemberg e.V. Region Stuttgart, Mauserstraße 20, 70469 Stuttgart, T: (0711) 95484848, info@asb-stuttgart.de"
9904,Pflegezentrum Paulinenpark,Seidenstraße 35,70174,Stuttgart,48.780576981557,9.1658749310561,1173,0711 5853290,paulinenpark@diak-stuttgart.de,http://www.paulinenpark.de/,Langzeitpflege,False,"3.176,92 €",3532.7848000000004,2459.7612,1204.0236,0,3176.9161000000004,2321.05,1204.0236,0,3176.9161000000004,2321.05,1204.0236,0,3176.9161000000004,2321.05,1204.0236,0,3176.9161000000004,2321.05,1204.0236,0,Pflegegrad 1: k.A.; Pflegegrad 2: k.A.; Pflegegrad 3: k.A.; Pflegegrad 4: k.A.; Pflegegrad 5: k.A.,2013,Einrichtungseigene Aufenthaltsmöglichkeiten im Freien: Eigene Terrasse/Garten mit Hochbeeten und Bäumen; Eigene Haustiere erlaubt: nach Absprache; Bibliothek; Genderfreie Toiletten,"Telefonanschluss in den Bewohnerzimmern: vorbereitet, muss durch Dienstleister individuell freigeschaltet werden.; TV- oder Kabelanschluss in den Bewohnerzimmern; Internetzugang in den Bewohnerzimmern: vorbereitet, muss durch Dienstleister individuell freigeschaltet werden.; Möbelmitnahme möglich","Wäscheversorgung (insbesondere Kleidung); Reinigung der Zimmer; Friseur; Haustierbetreuung; Chemische Kleiderreinigung; Backen, Kochen, Kino, Gesprächskreise, Fitness, Stammtische, Gottesdienste, Basteln, Konzerte; Unterstützung bei Mahlzeiten, Mitwirken bei Aktivitäten, gemeinsame Ausflüge; Für alle gesetzlich versicherten Bewohnerinnen und Bewohner besteht ein Beratungsangebot zur gesundheitlichen Versorgungsplanung nach § 132g SGB V durch einen weitergebildeten Berater.; TV, Telefon, chem. Reinigung u. a.","Mahlzeiten werden in der Einrichtung zubereitet (nach Absprache): Frühstück und Abendessen; Teeküche ist für die individuelle Nutzung der Bewohner vorhanden; Spezielle Kostformen nach Absprache möglich (z. B. vegetarisch, ohne Schweinefleisch); Diätkost (z.B. Diabetiker- oder Reduktionskost); Zwischenmahlzeiten (z.B. Joghurt, Obst) zur freien Verfügung; Getränke (kalt/heiß) zur freien Verfügung; Einnahme von Mahlzeiten auf Wunsch im eigenen Zimmer möglich; Zubereitung eigener Mahlzeiten möglich; Gemeinschaftliches Mittagessen möglich",https://navigatoren.aok.de/etl/public/reports/2019/512/51281066370174-684a3d0f893fb.pdf,1,https://navigatoren.aok.de/etl/public/images/nursing_home/image545531detail-63738bc08ebbc.jpg,True,Besucher jederzeit willkommen,Alle Wohn- und Gemeinschaftsflächen sind für die Bewohner und deren Angehörige in der Einrichtung barrierefrei zugänglich.,,13.12.2022,4.4,35,http://www.paulinenpark.de/,https://maps.google.com/?cid=1821431110695993562&g_mp=Cidnb29nbGUubWFwcy5wbGFjZXMudjEuUGxhY2VzLlNlYXJjaFRleHQQAhgEIAA,ChIJ9w6mPDnbmUcR2kDh3_EFRxk,18,,,,Kurzzeitpflege,,"Aktivitäten werden angeboten. Bewohner können bei Kaffee und Kuchen den Kindern beim Spielen zusehen (benachbarte Kita), Ausflüge zum Stuttgarter Frühlingsfest auf dem Wasen, Besuch des alten Hoppenlaufriedhofs mit historischen Grabstätten und prachtvollen alten Bäumen","Mitten in Stuttgart, Seidenstraße 35, 70174 Stuttgart. Lebendiger Ort der Begegnung mit benachbarter Kita, im benachbarten Bosch-Areal städtisches Leben, wenige Gehminuten zum alten Hoppenlaufriedhof. Öffentliche Verkehrsanbindung: Haltestelle Rosenberg-/Seidenstraße (U4, Bus 41, 42, 43), Haltestelle Berliner Platz/Liederhalle (U11, U14, U29, Bus 43), Haltestelle Berliner Platz/Hohestraße (U2, U4, U11, U14, U34, Bus 43)","DIAK Altenhilfe Stuttgart gemeinnützige GmbH, Mitglied im Diakonischen Werk Württemberg (kirchlich/diakonisch)","Hausgemeinschaften, Menschen mit Pflegebedarf leben gemeinsam mit den Kindern der benachbarten Kita in einem lebendigen Ort der Begegnung, Krempels Bistro vorhanden, aktive Teilnahme im abwechslungsreichen Alltag, Seelsorge wird angeboten","Hausleitung: Dajana Pejic, Telefon: 0711 58 53 29 - 100, E-Mail: pejic@diak-stuttgart.de; Pflegedienstleitung: Denis Smakaj, Telefon: 0711 58 53 29 - 150, E-Mail: smakaj@diak-stuttgart.de; Leitung Alltag und Wohnen: Aybüke Özdemir, Telefon: 0711 58 53 29 - 160, E-Mail: oezdemir@diak-stuttgart.de; Heimverwaltung: Elisabeth Bühl, Telefon: 0711 58 53 29 - 0, E-Mail: buehl@diak-stuttgart.de; Zentrale: Tel 0711 / 58 53 29 - 0, Fax 0711 / 58 53 29 - 199, E-Mail: paulinenpark@diak-stuttgart.de, Website: www.paulinenpark.de"
8778,Seniorenzentrum Martha-Maria Hilde und Eugen Krempel-Haus (Schwerpunkt Demenz),Tiergartenweg 6-8,70174,Stuttgart,48.784167442204,9.165430175159,1241,0711 20420,,https://sz-stuttgart.martha-maria.de/de/,"Kurzzeitpflege, Langzeitpflege",True,"3.707,22 €",3372.1672,2342.34,1160.8272,0,3707.2232,2995.76,1160.8272,0,3707.2232,2995.76,1160.8272,0,3707.2232,2995.76,1160.8272,0,3707.2232,2995.76,1160.8272,0,,,,,,Teeküche ist für die individuelle Nutzung der Bewohner vorhanden,https://navigatoren.aok.de/etl/public/reports/2019/510/51081801970174-694ce1ef4092c.pdf,0,,False,,,,,4,70,https://sz-stuttgart.martha-maria.de/de/,https://maps.google.com/?cid=1379825259371963602&g_mp=Cidnb29nbGUubWFwcy5wbGFjZXMudjEuUGxhY2VzLlNlYXJjaFRleHQQAhgEIAA,ChIJg2LscTzbmUcR0iT6RMMfJhM,41,,,,"Stationäre Pflege, Kurzzeitpflege, beschützender geronto-psychiatrischer Bereich","Beschützender geronto-psychiatrischer Bereich (Demenzbetreuung), individuelle Betreuung und persönliche Zuwendung","Seelsorge, Mittagstisch, Kaminzimmerabend mit Lesung","Grüne Halbhöhenlage in bevorzugter Wohngegend unweit der Innenstadt Stuttgart, Tiergartenweg 3, 70174 Stuttgart","Diakoniewerk Martha-Maria e.V., selbstständiges Diakoniewerk in der Evangelisch-methodistischen Kirche, Mitglied im Diakonischen Werk","Christliches Leitbild, regelmäßige Fort- und Weiterbildungen der Mitarbeitenden, praxisbezogenes Qualitätsmanagement, Beschwerdemanagement, Qualitätsbeauftragte Claudia Heinze, höchste Maßstäbe bei persönlicher und medizinischer Betreuung, Senioren-WG vorhanden","Einrichtungsleiterin: Christiane Krämer, Tel: 0711 20 42 150, E-Mail: seniorenzentrum.stuttgart@martha-maria.de, Qualitätsbeauftragte: Claudia Heinze, Tel: 0711 20 42 157, E-Mail: Claudia.Heinze@Martha-Maria.de, Adresse: Tiergartenweg 3, 70174 Stuttgart"
8636,Seniorenzentrum Martha-Maria,Tiergartenweg 3,70174,Stuttgart,48.784496950494,9.1651359769034,1271,0711 20420,,https://sz-stuttgart.martha-maria.de/de/,Langzeitpflege,False,"2.888,73 €",3314.6734000000006,2294.2764,1151.3970000000002,0,2888.7290000000003,2043.92,1151.3970000000002,0,2888.7290000000003,2043.92,1151.3970000000002,0,2888.7290000000003,2043.92,1151.3970000000002,0,2888.7290000000003,2043.92,1151.3970000000002,0,,,,,,Teeküche ist für die individuelle Nutzung der Bewohner vorhanden,https://navigatoren.aok.de/etl/public/reports/2019/510/51081547070174-694dfd4f006cf.pdf,0,,False,,,,,4,70,https://sz-stuttgart.martha-maria.de/de/,https://maps.google.com/?cid=1379825259371963602&g_mp=Cidnb29nbGUubWFwcy5wbGFjZXMudjEuUGxhY2VzLlNlYXJjaFRleHQQAhgEIAA,ChIJg2LscTzbmUcR0iT6RMMfJhM,3,,,,,,,,,,
8644,Ludwigstift,Silberburgstr. 89-95,70176,Stuttgart,48.778849967176,9.163891989898,1345,0711 61926321,ludwigstift@wohlfahrtswerk.de,http://www.wohlfahrtswerk.de/einrichtungen/ludwigstift,"Kurzzeitpflege, Langzeitpflege",True,"3.289,91 €",3515.1412000000005,2493.8316000000004,1152.3096,0,3289.9066000000007,2514.82,1152.3096,0,3289.9066000000007,2514.82,1152.3096,0,3289.9066000000007,2514.82,1152.3096,0,3289.9066000000007,2514.82,1152.3096,0,"Pflegegrad 1: 1 Vollzeitstelle: 4,3 Pflegebedürftige; Pflegegrad 2: 1 Vollzeitstelle: 3,4 Pflegebedürftige; Pflegegrad 3: 1 Vollzeitstelle: 2,4 Pflegebedürftige; Pflegegrad 4: 1 Vollzeitstelle: 1,8 Pflegebedürftige; Pflegegrad 5: 1 Vollzeitstelle: 1,6 Pflegebedürftige",2001,"Einrichtungseigene Aufenthaltsmöglichkeiten im Freien: Garten mit Pavillion und Boulebahn; Eigene Haustiere erlaubt: Nach individueller Absprache, Versorgung muss selbst organisiert werden.",Telefonanschluss in den Bewohnerzimmern; TV- oder Kabelanschluss in den Bewohnerzimmern; Internetzugang in den Bewohnerzimmern; Möbelmitnahme möglich,Wäscheversorgung (insbesondere Kleidung); Reinigung der Zimmer; Soziale Betreuung und Hausmeister intern; Gästezimmer auf Anfrage,"Mahlzeiten werden in der Einrichtung zubereitet (nach Absprache); Teeküche ist für die individuelle Nutzung der Bewohner vorhanden; Spezielle Kostformen nach Absprache möglich (z. B. vegetarisch, ohne Schweinefleisch); Diätkost (z.B. Diabetiker- oder Reduktionskost); Zwischenmahlzeiten (z.B. Joghurt, Obst) zur freien Verfügung; Getränke (kalt/heiß) zur freien Verfügung; Einnahme von Mahlzeiten auf Wunsch im eigenen Zimmer möglich; Zubereitung eigener Mahlzeiten möglich; Gemeinschaftliches Mittagessen möglich",https://navigatoren.aok.de/etl/public/reports/2019/510/51081561970176-69841bc72ea0e.pdf,0,,False,,Alle Wohn- und Gemeinschaftsflächen sind für die Bewohner und deren Angehörige in der Einrichtung barrierefrei zugänglich.,,,3.7,14,http://www.wohlfahrtswerk.de/einrichtungen/ludwigstift,https://maps.google.com/?cid=8700201370747753112&g_mp=Cidnb29nbGUubWFwcy5wbGFjZXMudjEuUGxhY2VzLlNlYXJjaFRleHQQAhgEIAA,ChIJyWuaTD_bmUcRmFLJEQ1TvXg,58,,"Eine Preisliste ist verfügbar (Link zur Preisliste vorhanden, aber keine konkreten Preise auf der Hauptseite genannt)",,"Pflegeheim, Betreutes Wohnen, Wohngruppe für Menschen mit Demenz, Kurzzeitpflege, Pflege und Betreuung zu Hause (ambulante Dienste), Gästemittagstisch","Wohngruppe für Menschen mit Demenz, Besondere Betreuung von Menschen mit Demenz (IQD Qualitätssiegel)","Gemeinsam singen, spielen, vorlesen, spazierengehen, Feste und Veranstaltungen, Ehrenamtliche Angebote, ichó Therapieball (Aktivierung und Entspannung), Rikscha-Fahrten, Tovertafel (Spiele für Menschen mit Demenz), MemoreBox (Virtuelles Training für Körper und Geist), Bewegungsangebote für Bewohner und Mitarbeitende, Schokotraum (Süße Köstlichkeiten selbst herstellen), Boule-Bahn im Garten","Stuttgart-West, zentrale Lage: In wenigen Minuten zu Fuß auf der Königstraße, bei einem Konzert in der Liederhalle oder mit Straßenbahn und Bus an zahlreichen anderen Plätzen in Stuttgart. Idyllische und geschützte Gartenanlage samt Boule-Bahn hinter dem Haus. Beliebter Stuttgarter Westen.",Wohlfahrtswerk für Baden-Württemberg,"Zentrale Lage in Stuttgart-West mit sehr guter Anbindung, idyllische Gartenanlage, mehrere Qualitätssiegel: DIN Norm Betreutes Wohnen, IQD Qualitätssiegel für Pflegeheime, IQD Qualitätssiegel für Besondere Betreuung von Menschen mit Demenz. Beteiligung an innovativen Projekten (ichó Therapieball, Rikscha, Tovertafel, MemoreBox, Bewegungsprogramme, Schokotraum). Ausbildungsbetrieb für Pflegeberufe. Großes ehrenamtliches Engagement.","Telefon: 0711 505 308-450, Kontakt für Ehrenamt: Sarah Lieb, Leiterin Sozialdienst, Telefon 0711 505 308-457, Adresse: Wohlfahrtswerk für Baden-Württemberg, Schloßstraße 80, 70176 Stuttgart, Telefon Zentrale: 0711 61926-0, E-Mail: info@wohlfahrtswerk.de, Wohnanfrage-Formular online verfügbar"
33211,Ludwigstift Domus-Wohngruppe,Silberburgstraße 89-95,70176,Stuttgart,48.778849967175,9.163891989898,1345,0711 61926321,,http://www.wohlfahrtswerk.de/einrichtungen/ludwigstift,Langzeitpflege,False,"3.837,56 €",3663.286600000001,2641.9770000000003,1152.3096,0,3837.5616,3159.12,1152.3096,0,3837.5616,3159.12,1152.3096,0,3837.5616,3159.12,1152.3096,0,3837.5616,3159.12,1152.3096,0,,,,,,Teeküche ist für die individuelle Nutzung der Bewohner vorhanden,https://navigatoren.aok.de/etl/public/reports/2019/512/51281088970176-698d50fd6e3b6.pdf,0,,False,,,,,3.7,14,http://www.wohlfahrtswerk.de/einrichtungen/ludwigstift,https://maps.google.com/?cid=8700201370747753112&g_mp=Cidnb29nbGUubWFwcy5wbGFjZXMudjEuUGxhY2VzLlNlYXJjaFRleHQQAhgEIAA,ChIJyWuaTD_bmUcRmFLJEQ1TvXg,58,,,,,,,,,,
8672,Haus Veronika,Gänseheidestr. 49,70184,Stuttgart,48.772806991407,9.1949399220738,1354,0711 2136500,,,Langzeitpflege,False,"3.449,75 €",3717.7384,2665.0962,1183.6422,0,3449.7506999999996,2666.01,1183.6422,0,3449.7506999999996,2666.01,1183.6422,0,3449.7506999999996,2666.01,1183.6422,0,3449.7506999999996,2666.01,1183.6422,0,,,,,,Teeküche ist für die individuelle Nutzung der Bewohner vorhanden,https://navigatoren.aok.de/etl/public/reports/2019/510/51081615370184-6968565a10e04.pdf,0,,False,,,,,,,,,,,,,,,,,,,,
8593,Haus Martinus,Olgastraße 93A,70180,Stuttgart,48.768767989838,9.1803469699464,1409,0711 2090770,,http://www.caritas-stuttgart.de/haus-martinus,"Kurzzeitpflege, Langzeitpflege",True,"3.316,98 €",3552.862000000001,2504.4786000000004,1179.3834000000002,0,3316.9804000000004,2514.82,1179.3834000000002,0,3316.9804000000004,2514.82,1179.3834000000002,0,3316.9804000000004,2514.82,1179.3834000000002,0,3316.9804000000004,2514.82,1179.3834000000002,0,,,,,Einzugsgespräch in der Pflegeeinrichtung,Teeküche ist für die individuelle Nutzung der Bewohner vorhanden,https://navigatoren.aok.de/etl/public/reports/2019/510/51081413970180-68ee719a64d3a.pdf,13,https://navigatoren.aok.de/etl/public/images/nursing_home/php9hnihl-63f616c75c066.jpg; https://navigatoren.aok.de/etl/public/images/nursing_home/phply3v9s-63f616cfc407f.jpg; https://navigatoren.aok.de/etl/public/images/nursing_home/phpq3ptfs-63f616db86bcc.jpg; https://navigatoren.aok.de/etl/public/images/nursing_home/phplvclgy-63f616e28655c.jpg; https://navigatoren.aok.de/etl/public/images/nursing_home/phppv6aqv-63f616ea655b3.jpg,True,Besucher jederzeit willkommen,,Beratung und Aufnahme (),22.02.2023,4.4,13,http://www.caritas-stuttgart.de/haus-martinus,https://maps.google.com/?cid=17474071613053738263&g_mp=Cidnb29nbGUubWFwcy5wbGFjZXMudjEuUGxhY2VzLlNlYXJjaFRleHQQAhgEIAA,ChIJ06N91rLEmUcRFx3O64xfgPI,20,Keine spezifischen Informationen über verfügbare Plätze oder Warteliste auf der Webseite gefunden.,"Preislisten sind als PDF-Downloads verfügbar:
- Preisübersicht Dauerpflege 2026 (Stand 01.2026)
- Preisübersicht Kurzzeitpflege 2026 (Stand 01.2026)
Spezifische Preiszahlen sind nicht direkt auf der Webseite angegeben, sondern nur in den PDF-Dokumenten.","87 Einzelzimmer mit eigenem Bad auf vier Stockwerken. Moderne und freundlich gestaltete Einzelzimmer. Zusätzlich werden Wohneinheiten mit zwei Einzelzimmern, einem Vorflur sowie einem gemeinsamen Bad angeboten - diese sind besonders passend für Paare oder Personen, die gemeinsam ihren Lebensabend verbringen möchten. Eigene Möbel können mitgebracht werden.",Vollstationäre Pflege und Kurzzeitpflege. Das Haus ist nach dem Hausgemeinschaftsmodell organisiert mit sieben Hausgemeinschaften zwischen 9 und 15 Personen. In den Hausgemeinschaften Weinsteige und Karlshöhe wird besonders auf die Bedürfnisse von Menschen mit Demenz eingegangen.,"Demenzbetreuung: In den Hausgemeinschaften Weinsteige und Karlshöhe wird besonders auf die Bedürfnisse von Menschen mit Demenz eingegangen. Seelsorgerische Begleitung durch Seelsorgerin, Ordensschwestern oder katholische bzw. evangelische Kirchgemeinde. Regelmäßige Gottesdienste und Andachten. Eigene Kapelle im Haus.",Regelmäßige Gottesdienste und Andachten. Begegnungsstätte Plus im Bischof-Moser-Haus mit vielfältigen Angeboten für Interessierte aus dem Stadtteil. Alle Mahlzeiten werden frisch in den jeweiligen Hausgemeinschaften zubereitet. Gemeinsames Mittagessen im Wohn- und Esszimmer der Hausgemeinschaft.,"Zentral in Stuttgart-Mitte in der Nähe des Wilhelmsplatzes gelegen, Olgastraße 93a. Wunderbarer Blick auf die lebendige Olgastraße und über die ganze Stadt. Mitten in der Stadt gelegen. Gut zu Fuß erreichbar ist die Begegnungsstätte Plus im Bischof-Moser-Haus.","Caritasverband für Stuttgart e.V. - kirchlicher Träger (katholisch). Das Haus ist die älteste und neueste Altenhilfeeinrichtung im Caritasverband in Stuttgart, 1967 erstmals eröffnet, komplett saniert und modernisiert, seit Januar 2021 wieder geöffnet.",Hausgemeinschaftsmodell mit sieben Hausgemeinschaften. Komplett saniert und modernisiert (Wiedereröffnung Januar 2021). 11 barrierefreie Sozialwohnungen im Rahmen des betreuten Wohnens am Haus angegliedert. Eigene Kapelle im Haus. Frische Zubereitung aller Mahlzeiten in den Hausgemeinschaften. Öffentliche Hausführungen jeden 1. Freitag im Monat von 15 bis 16 Uhr (keine Anmeldung erforderlich). Qualitätsberichte verfügbar: Qualitätsinformation des MDK und IQD-Qualitätsbericht.,"Hausleitung: Martina Wagner, Tel: +49 711 209077-21, E-Mail: HausMartinus@caritas-stuttgart.de
Pflegedienstleitung: Bilhan Demirov, Tel: +49 711 209077-23, E-Mail: HausMartinus@caritas-stuttgart.de
Adresse: Caritasverband für Stuttgart e.V., Olgastraße 93a, 70180 Stuttgart
Beauftragter für Medizinproduktesicherheit: Martinus-Medprodba@caritas-stuttgart.de
Beratung und Aufnahme für weitere Informationen verfügbar."
8655,Friederike-Fliedner-Haus,Rosenbergstr. 40,70176,Stuttgart,48.780652986584,9.1622319930844,1439,0711 9913000,tatjana.panina@diak-stuttgart.de,,"Kurzzeitpflege, Langzeitpflege",True,"2.930,04 €",3346.3102000000003,2395.2708000000002,1082.0394000000001,0,2930.0414,2174.12,1082.0394000000001,0,2930.0414,2174.12,1082.0394000000001,0,2930.0414,2174.12,1082.0394000000001,0,2930.0414,2174.12,1082.0394000000001,0,Pflegegrad 1: k.A.; Pflegegrad 2: k.A.; Pflegegrad 3: k.A.; Pflegegrad 4: k.A.; Pflegegrad 5: k.A.,,Einrichtungseigene Aufenthaltsmöglichkeiten im Freien; Eigene Haustiere,Telefonanschluss in den Bewohnerzimmern; TV- oder Kabelanschluss in den Bewohnerzimmern; Internetzugang in den Bewohnerzimmern; Möbelmitnahme,,"Mahlzeiten werden in der Einrichtung zubereitet (nach Absprache); Spezielle Kostformen nach Absprache möglich (z. B. vegetarisch, ohne Schweinefleisch); Diätkost (z.B. Diabetiker- oder Reduktionskost); Zwischenmahlzeiten (z.B. Joghurt, Obst) zur freien Verfügung; Getränke (kalt/heiß) zur freien Verfügung; Einnahme von Mahlzeiten auf Wunsch im eigenen Zimmer möglich; Zubereitung eigener Mahlzeiten möglich; Gemeinschaftliches Mittagessen möglich; Teeküche ist für die individuelle Nutzung der Bewohner vorhanden",https://navigatoren.aok.de/etl/public/reports/2019/510/51081585770176-69549f0b3ae74.pdf,0,,False,,,,,,,,,,,,,,,,,,,,
8469,Württ. Lutherstift,Silberburgstr. 27,70176,Stuttgart,48.783328953116,9.1599379653434,1618,0711 229130,wuertt-lutherstift@ev-heimstiftung.de,https://www.ev-heimstiftung.de/stuttgart-wuertt-lutherstift/,"Kurzzeitpflege, Langzeitpflege",True,"3.116,54 €",3266.914,2275.7202,1122.1938,0,3116.5402999999997,2346.29,1122.1938,0,3116.5402999999997,2346.29,1122.1938,0,3116.5402999999997,2346.29,1122.1938,0,3116.5402999999997,2346.29,1122.1938,0,Pflegegrad 1: k.A.; Pflegegrad 2: k.A.; Pflegegrad 3: k.A.; Pflegegrad 4: k.A.; Pflegegrad 5: k.A.,2007,Einrichtungseigene Aufenthaltsmöglichkeiten im Freien; Eigene Haustiere erlaubt: nach Genehmigung der Hausdirektion,Telefonanschluss in den Bewohnerzimmern; TV- oder Kabelanschluss in den Bewohnerzimmern; Internetzugang in den Bewohnerzimmern: freies W-LAN in der gesamten Einrichtung; Möbelmitnahme möglich,Wäscheversorgung (insbesondere Kleidung); Reinigung der Zimmer; Hausmeisterservice; Soziale Betreuung,"Gemeinschaftliches Mittagessen möglich; Teeküche ist für die individuelle Nutzung der Bewohner vorhanden; Mahlzeiten werden in der Einrichtung zubereitet (nach Absprache): Das Essen wird nach dem Cook & Chill Verfahren in Konvektomaten regeneriert.; Zubereitung eigener Mahlzeiten möglich; Spezielle Kostformen nach Absprache möglich (z. B. vegetarisch, ohne Schweinefleisch); Diätkost (z.B. Diabetiker- oder Reduktionskost); Zwischenmahlzeiten (z.B. Joghurt, Obst) zur freien Verfügung; Getränke (kalt/heiß) zur freien Verfügung; Einnahme von Mahlzeiten auf Wunsch im eigenen Zimmer möglich",https://navigatoren.aok.de/etl/public/reports/2019/510/51081125070176-697add32e24ed.pdf,0,,False,,Alle Wohn- und Gemeinschaftsflächen sind für die Bewohner und deren Angehörige in der Einrichtung barrierefrei zugänglich.,,,4.6,37,https://www.ev-heimstiftung.de/stuttgart-wuertt-lutherstift/,https://maps.google.com/?cid=16107156402160240728&g_mp=Cidnb29nbGUubWFwcy5wbGFjZXMudjEuUGxhY2VzLlNlYXJjaFRleHQQAhgEIAA,ChIJ2VOVCT7bmUcRWIhrjGgdiN8,3,,,,,,,,,,
9937,Karl-Olga-Altenpflege,Fuchseckstr. 8,70188,Stuttgart,48.782132989865,9.2063299310558,1796,0711 16800,karl-olga-altenpflege@bruderhausdiakonie.de,https://www.bruderhausdiakonie.de/altenhilfe/seniorenzentren-und-pflegeheime/region-stuttgart/karl-olga-altenpflege-in-stuttgart,Langzeitpflege,False,"3.439,71 €",3554.6872000000003,2475.8838,1209.8034000000002,0,3439.7104,2623.42,1209.8034000000002,0,3439.7104,2623.42,1209.8034000000002,0,3439.7104,2623.42,1209.8034000000002,0,3439.7104,2623.42,1209.8034000000002,0,Pflegegrad 1: k.A.; Pflegegrad 2: k.A.; Pflegegrad 3: k.A.; Pflegegrad 4: k.A.; Pflegegrad 5: k.A.,,Eigene Haustiere; Einrichtungseigene Aufenthaltsmöglichkeiten im Freien,Telefonanschluss in den Bewohnerzimmern; TV- oder Kabelanschluss in den Bewohnerzimmern; Internetzugang in den Bewohnerzimmern; Möbelmitnahme möglich,Wäscheversorgung (insbesondere Kleidung); Reinigung der Zimmer,"Mahlzeiten werden in der Einrichtung zubereitet (nach Absprache); Zubereitung eigener Mahlzeiten möglich; Teeküche ist für die individuelle Nutzung der Bewohner vorhanden; Spezielle Kostformen nach Absprache möglich (z. B. vegetarisch, ohne Schweinefleisch); Diätkost (z.B. Diabetiker- oder Reduktionskost); Zwischenmahlzeiten (z.B. Joghurt, Obst) zur freien Verfügung; Getränke (kalt/heiß) zur freien Verfügung; Einnahme von Mahlzeiten auf Wunsch im eigenen Zimmer möglich; Gemeinschaftliches Mittagessen möglich",https://navigatoren.aok.de/etl/public/reports/2019/512/51281125470188-694dfdd9f1ced.pdf,0,,False,,Alle Wohn- und Gemeinschaftsflächen sind für die Bewohner und deren Angehörige in der Einrichtung barrierefrei zugänglich.,,,4.1,13,https://www.bruderhausdiakonie.de/altenhilfe/seniorenzentren-und-pflegeheime/region-stuttgart/karl-olga-altenpflege-in-stuttgart,https://maps.google.com/?cid=10965159799937953342&g_mp=Cidnb29nbGUubWFwcy5wbGFjZXMudjEuUGxhY2VzLlNlYXJjaFRleHQQAhgEIAA,ChIJH_XyqcPEmUcRPu6x_L0SLJg,26,,,,,,,,,,
8432,Haus Morgenstern,Gänsheidestr. 100,70186,Stuttgart,48.767107950062,9.1975319209946,1961,0711 1640400,jens.eckstein@haus-morgenstern.de,http://www.haus-morgenstern.de/,"Kurzzeitpflege, Langzeitpflege",True,"3.455,18 €",3617.9608000000003,2534.2902000000004,1214.6706000000001,0,3455.1771,2635.89,1214.6706000000001,0,3455.1771,2635.89,1214.6706000000001,0,3455.1771,2635.89,1214.6706000000001,0,3455.1771,2635.89,1214.6706000000001,0,Pflegegrad 1: k.A.; Pflegegrad 2: k.A.; Pflegegrad 3: k.A.; Pflegegrad 4: k.A.; Pflegegrad 5: k.A.,1976,Eigene Haustiere; Einrichtungseigene Aufenthaltsmöglichkeiten im Freien,Telefonanschluss in den Bewohnerzimmern; TV- oder Kabelanschluss in den Bewohnerzimmern; Internetzugang in den Bewohnerzimmern; Möbelmitnahme möglich,Wäscheversorgung (insbesondere Kleidung); Für alle gesetzlich versicherten Bewohnerinnen und Bewohner besteht ein Beratungsangebot zur gesundheitlichen Versorgungsplanung nach § 132g SGB V durch einen weitergebildeten Berater.,"Mahlzeiten werden in der Einrichtung zubereitet (nach Absprache); Teeküche ist für die individuelle Nutzung der Bewohner vorhanden; Spezielle Kostformen nach Absprache möglich (z. B. vegetarisch, ohne Schweinefleisch); Diätkost (z.B. Diabetiker- oder Reduktionskost); Zwischenmahlzeiten (z.B. Joghurt, Obst) zur freien Verfügung; Getränke (kalt/heiß) zur freien Verfügung; Einnahme von Mahlzeiten auf Wunsch im eigenen Zimmer möglich; Zubereitung eigener Mahlzeiten möglich; Gemeinschaftliches Mittagessen möglich",https://navigatoren.aok.de/etl/public/reports/2019/510/51081055670186-694ce1e5860e2.pdf,0,,False,,Alle Wohn- und Gemeinschaftsflächen sind für die Bewohner und deren Angehörige in der Einrichtung barrierefrei zugänglich.,,,3.5,8,http://www.haus-morgenstern.de/,https://maps.google.com/?cid=5953906644622221562&g_mp=Cidnb29nbGUubWFwcy5wbGFjZXMudjEuUGxhY2VzLlNlYXJjaFRleHQQAhgEIAA,ChIJm7uucbvEmUcR-qCLUoyGoFI,6,,,,,,,,,,
8542,Parkheim Berg,Ottostr. 10,70190,Stuttgart,48.795265951331,9.2109229272719,2629,0711 1663714,Parkheim-Berg@stuttgart.de,https://leben-und-wohnen.de/standorte/parkheim-berg,Langzeitpflege,False,"3.391,65 €",3558.0334000000007,2511.7794000000004,1177.2540000000001,0,3391.6485000000002,2605.17,1177.2540000000001,0,3391.6485000000002,2605.17,1177.2540000000001,0,3391.6485000000002,2605.17,1177.2540000000001,0,3391.6485000000002,2605.17,1177.2540000000001,0,Pflegegrad 1: k.A.; Pflegegrad 2: k.A.; Pflegegrad 3: k.A.; Pflegegrad 4: k.A.; Pflegegrad 5: k.A.,,Einrichtungseigene Aufenthaltsmöglichkeiten im Freien; Eigene Haustiere erlaubt: Rücksprache mit der Einrichtungsleitung,Internetzugang in den Bewohnerzimmern; Telefonanschluss in den Bewohnerzimmern; TV- oder Kabelanschluss in den Bewohnerzimmern; Möbelmitnahme möglich,"Wäscheversorgung (insbesondere Kleidung); Reinigung der Zimmer; Soziale Betreuung; Im Parkheim Berg erwartet Sie zusätzlich ein abwechslungsreiches kulturelles Angebot durch Künstler; Soziale Betreuung; Gymnastik,Musik,Gedächtnistraining,Gesellschaftspiele, Backen, Stammtisch, Kunsttherapie; Möglichkeit der Teilnahme an Mahlzeiten, Angehörigentreffen,Einbindung in Feste und andere Veranstaltungen,Begleitung bei Ausflügen, Pflegevisiten, ethische Fallbesprechungen,Beratung durch Sozialer Dienst","Mahlzeiten werden in der Einrichtung zubereitet (nach Absprache); Zubereitung eigener Mahlzeiten möglich; Teeküche ist für die individuelle Nutzung der Bewohner vorhanden; Spezielle Kostformen nach Absprache möglich (z. B. vegetarisch, ohne Schweinefleisch); Diätkost (z.B. Diabetiker- oder Reduktionskost); Zwischenmahlzeiten (z.B. Joghurt, Obst) zur freien Verfügung; Getränke (kalt/heiß) zur freien Verfügung; Einnahme von Mahlzeiten auf Wunsch im eigenen Zimmer möglich; Gemeinschaftliches Mittagessen möglich",https://navigatoren.aok.de/etl/public/reports/2019/510/51081261670190-68ee69d0dea49.pdf,3,https://navigatoren.aok.de/etl/public/images/nursing_home/image293482detail-63738b6a3f302.jpg; https://navigatoren.aok.de/etl/public/images/nursing_home/image293483detail-63738b6a4034b.jpg; https://navigatoren.aok.de/etl/public/images/nursing_home/image293484detail-63738b6a41008.jpg,True,Besucher jederzeit willkommen,Alle Wohn- und Gemeinschaftsflächen sind für die Bewohner und deren Angehörige in der Einrichtung barrierefrei zugänglich.,,,3.1,19,https://leben-und-wohnen.de/standorte/parkheim-berg,https://maps.google.com/?cid=6619610997462096193&g_mp=Cidnb29nbGUubWFwcy5wbGFjZXMudjEuUGxhY2VzLlNlYXJjaFRleHQQAhgEIAA,ChIJo8IZhSDFmUcRQVn_RiGV3Vs,25,,,,,,,,,,
8652,Generationenhaus Heslach Junge Pflege,Gebrüder-Schmid-Weg 11-13,70199,Stuttgart,48.762782956267,9.158385946027,2690,0711 6744730,birgit.bergerhoff@stuttgart.de,https://www.leben-und-wohnen.de/einrichtungen/generationenhaus-heslach/junge-pflege,Langzeitpflege,False,"4.623,78 €",,,,,,,,,,,,,,,,,,,,,Pflegegrad 1: k.A.; Pflegegrad 2: k.A.; Pflegegrad 3: k.A.; Pflegegrad 4: k.A.; Pflegegrad 5: k.A.,2001,Eigene Haustiere; Einrichtungseigene Aufenthaltsmöglichkeiten im Freien,Internetzugang in den Bewohnerzimmern; Telefonanschluss in den Bewohnerzimmern; TV- oder Kabelanschluss in den Bewohnerzimmern; Möbelmitnahme möglich,Wäscheversorgung (insbesondere Kleidung); Reinigung der Zimmer; Hausmeisterservice; Soziale Betreuung,"Mahlzeiten werden in der Einrichtung zubereitet (nach Absprache); Teeküche ist für die individuelle Nutzung der Bewohner vorhanden; Spezielle Kostformen nach Absprache möglich (z. B. vegetarisch, ohne Schweinefleisch); Diätkost (z.B. Diabetiker- oder Reduktionskost); Zwischenmahlzeiten (z.B. Joghurt, Obst) zur freien Verfügung; Getränke (kalt/heiß) zur freien Verfügung; Einnahme von Mahlzeiten auf Wunsch im eigenen Zimmer möglich; Zubereitung eigener Mahlzeiten möglich; Gemeinschaftliches Mittagessen möglich",https://navigatoren.aok.de/etl/public/reports/2019/510/51081580270199-69423ab598642.pdf,0,,False,,Alle Wohn- und Gemeinschaftsflächen sind für die Bewohner und deren Angehörige in der Einrichtung barrierefrei zugänglich.,,,3.6,13,https://leben-und-wohnen.de/standorte/generationenhaus-heslach,https://maps.google.com/?cid=3865713072703026109&g_mp=Cidnb29nbGUubWFwcy5wbGFjZXMudjEuUGxhY2VzLlNlYXJjaFRleHQQAhgEIAA,ChIJcRY_ql7bmUcRvTMM5o7FpTU,26,,,,"Vollstationäre Pflege, Kurzzeitpflege, Tagespflege, Ambulanter Dienst, Junge Pflege, Menschen mit Demenz","Junge Pflege, Menschen mit Demenz",,Generationenhaus Heslach in Stuttgart-Süd,Eigenbetrieb der Landeshauptstadt Stuttgart,"Teil eines Generationenhauses, ECOnGOOD zertifiziert (Gemeinwohl-Ökonomie), Eigene Pflegeschule vorhanden","Telefon: 0711 216-89111, Industriestraße 28, 70565 Stuttgart. Hinweis: Für spezifische Anfragen wird empfohlen, sich direkt an den entsprechenden Standort zu wenden."
8653,Generationenhaus Heslach Seniorenpflege,Gebrüder-Schmid-Weg 11-13,70199,Stuttgart,48.762782956267,9.158385946027,2690,0711 6744730,,https://leben-und-wohnen.de/standorte/generationenhaus-heslach,Langzeitpflege,False,"3.732,23 €",3914.251600000001,2857.3506,1187.901,0,3732.2315,2993.33,1187.901,0,3732.2315,2993.33,1187.901,0,3732.2315,2993.33,1187.901,0,3732.2315,2993.33,1187.901,0,,,,,,Teeküche ist für die individuelle Nutzung der Bewohner vorhanden,https://navigatoren.aok.de/etl/public/reports/2019/510/51081582470199-69841bc752cd4.pdf,0,,False,,,,,3.6,13,https://leben-und-wohnen.de/standorte/generationenhaus-heslach,https://maps.google.com/?cid=3865713072703026109&g_mp=Cidnb29nbGUubWFwcy5wbGFjZXMudjEuUGxhY2VzLlNlYXJjaFRleHQQAhgEIAA,ChIJcRY_ql7bmUcRvTMM5o7FpTU,26,,"Die Kosten setzen sich aus vier Hauptkomponenten zusammen: Pflegebedingte Aufwendungen, Unterkunft, Verpflegung, Investitionskosten. Preislisten sind als Download verfügbar (Preisliste Seniorenpflege und Preisliste Junge Pflege, gültig ab 01.01.2026). Jede Einrichtung hat ihre eigenen spezifischen Kostenstrukturen. Das Unternehmen verfolgt keine Gewinnerzielungsabsicht und führt jährlich Verhandlungen mit den zuständigen Kostenträgern.",,"Vollstationäre Pflege (30 Pflegeplätze), Junge Pflege (50 Plätze für Pflege junger Menschen mit Eigenbereich auf zwei Stockwerken)","Junge Pflege mit 50 Plätzen - größter Bereich des Hauses, erstreckt sich über zwei Stockwerke. Besserer Pflegeschlüssel und höhere Fachkraftquote in der Jungen Pflege. Individuelle Betreuung für junge pflegebedürftige Menschen ab 18 Jahre.","Umfangreiches Freizeitangebot mit Musik, Ausflügen, Festen, Training von Bewegung und Motorik. Jährliche Motorrad-Seitenwagen- und Oldtimerausfahrt. Krankengymnastik, Logopädie, Ergotherapie kommen ins Haus. Ziegen im Innenhof.","Zentral gelegen in Stuttgart-Süd, Stadtteil Heslach. Bäckerei, Bank, Eiscafé und Geschäfte sind gleich um die Ecke. Bus und Bahn halten direkt vor der Tür (Stadtbahnen U1 und U9 sowie Buslinie 42, Haltestelle Erwin-Schoettle-Platz). Barrierefreier Garten über mehrere Ebenen, zwei Terrassen plus Feiergarten. Heller, transparenter Bau mit offener und freundlicher Atmosphäre.","Eigenbetrieb der Landeshauptstadt Stuttgart (leben&wohnen), zu 100 Prozent städtisch. Das Pflegezentrum gehört zur Rudolf Schmid und Hermann Schmid Stiftung.","Generationenhaus - Ort voller Leben mit verschiedenen Generationen. Im Haus befinden sich zusätzlich ein Familienzentrum, ein Nachbarschaftscafé, der Heslacher Bürgerverein und weitere Initiativen bürgerschaftlichen Engagements. Beliebte Treffpunkte für Jung und Alt sind die großen Terrassen und der grüne Feiergarten. Ziegen im Innenhof. Ärzt*innen fast aller Fachrichtungen kommen ins Haus. Friseur und Fußpflege kommen ins Haus.","Telefon: 0711 216-24300, Telefax: 0711 216-24312, Adresse: Gebrüder-Schmid-Weg 13, 70199 Stuttgart. Ansprechpartner: Joachim Arp (Einrichtungsleitung, Tel: 0711 216-24301), Marie-Louise Eib (Pflegedienstleitung Junge Pflege, Tel: 0711 216-24302), Marco Heimerdinger (Pflegedienstleitung Seniorenpflege, Tel: 0711 216-24307), Birgit Bergerhoff (Sozialdienst, Tel: 0711 216-24303), Mareike Schmidt (Hauswirtschaftliche Betriebsleitung, Tel: 0711 216-24305). Unterstützung durch den Sozialdienst bei Kontakten zu Ämtern und Kostenträgern, sozialrechtlichen Angelegenheiten und persönlichen Sorgen."
33220,DRK Haus auf dem Killesberg,Lenbachstr. 105,70192,Stuttgart,48.803919969631,9.1671679660761,2724,0711 28082020,killesberg@drkplus-stuttgart.de,https://www.drk-stuttgart.de/,"Kurzzeitpflege, Langzeitpflege",True,"2.722,59 €",3177.175,2178.3762,1129.7988,0,2722.5883,1873.87,1129.7988,0,2722.5883,1873.87,1129.7988,0,2722.5883,1873.87,1129.7988,0,2722.5883,1873.87,1129.7988,0,Pflegegrad 1: k.A.; Pflegegrad 2: k.A.; Pflegegrad 3: k.A.; Pflegegrad 4: k.A.; Pflegegrad 5: k.A.,1974,"Eigene Haustiere erlaubt; Einrichtungseigene Aufenthaltsmöglichkeiten im Freien: Jedes Einzelzimmer hat einen Balkon oder eine Terrase.Gartenanlage, Gemeinschaftsterrase ",Internetzugang in den Bewohnerzimmern; Telefonanschluss in den Bewohnerzimmern; TV- oder Kabelanschluss in den Bewohnerzimmern; Möbelmitnahme möglich,"Wäscheversorgung (insbesondere Kleidung); Reinigung der Zimmer; Hausmeisterservice; Gedächtnisstraining,Bewegungsangebote,Spiele wie Bingo,Glühweinabend, Candle Light Dinner,Feste; Angehörigenabende in Präsenz,Angehörigen Newsletter,Ehrenamtlicher Einsatz gemeinsame Feste und Feiern ,Telefonische/digitale Kontaktaufnahmen, aktive Beteiligung im Rahmen der Integrationsphase; Friseur,Fusspflege,Podologin,Chemische Reinigung der Kleidung","Spezielle Kostformen nach Absprache möglich (z. B. vegetarisch, ohne Schweinefleisch); Diätkost (z.B. Diabetiker- oder Reduktionskost); Zwischenmahlzeiten (z.B. Joghurt, Obst) zur freien Verfügung; Getränke (kalt/heiß) zur freien Verfügung; Einnahme von Mahlzeiten auf Wunsch im eigenen Zimmer möglich; Zubereitung eigener Mahlzeiten möglich; Gemeinschaftliches Mittagessen möglich; Mahlzeiten werden in der Einrichtung zubereitet (nach Absprache); Teeküche ist für die individuelle Nutzung der Bewohner vorhanden",https://navigatoren.aok.de/etl/public/reports/2019/512/51281160870192-695f23f05da31.pdf,0,,False,,Alle Wohn- und Gemeinschaftsflächen sind für die Bewohner und deren Angehörige in der Einrichtung barrierefrei zugänglich.,,,3.6,21,https://www.drk-stuttgart.de/,https://maps.google.com/?cid=9091679440153615328&g_mp=Cidnb29nbGUubWFwcy5wbGFjZXMudjEuUGxhY2VzLlNlYXJjaFRleHQQAhgEIAA,ChIJJfRTwN3amUcR4BsU8kciLH4,37,,,,,,,,DRK Kreisverband Stuttgart (Deutsches Rotes Kreuz) - rund 1.200 ehrenamtliche Helferinnen und Helfer und um die 750 hauptamtliche Mitarbeiterinnen und Mitarbeiter,"Dies ist die Hauptwebseite des DRK Stuttgart Kreisverbands, nicht eine spezifische Pflegeheim-Webseite. Die Organisation bietet verschiedene Dienstleistungen an, darunter: Seniorenzentren, Betreutes Wohnen, Wohnberatung, Hausnotruf. Weitere Angebote umfassen Rettungsdienst, Erste-Hilfe-Kurse, Blutspende, existenzsichernde Hilfe, Gesundheit und Prävention, Kinder- und Jugendhilfe, Kleiderspenden und Suchdienst.",
8543,Haus Hasenberg,Klugestr. 2 a,70197,Stuttgart,48.769396951589,9.1469059258536,2887,0711 674310,,https://leben-und-wohnen.de/standorte/haus-hasenberg,Langzeitpflege,False,"3.456,78 €",3781.6204000000002,2733.8454,1178.775,0,3456.775,2680,1178.775,0,3456.775,2680,1178.775,0,3456.775,2680,1178.775,0,3456.775,2680,1178.775,0,,,,,Einzugsgespräch in der Pflegeeinrichtung,Teeküche ist für die individuelle Nutzung der Bewohner vorhanden,https://navigatoren.aok.de/etl/public/reports/2019/510/51081263870197-694dfd4d03823.pdf,3,https://navigatoren.aok.de/etl/public/images/nursing_home/image280402detail-63738b5519081.jpg; https://navigatoren.aok.de/etl/public/images/nursing_home/image280403detail-63738b551a4cc.jpg; https://navigatoren.aok.de/etl/public/images/nursing_home/image280404detail-63738b551b682.jpg,True,Besucher jederzeit willkommen,,Einrichtungsleitung Marc Laible (),,3.3,9,https://leben-und-wohnen.de/standorte/haus-hasenberg,https://maps.google.com/?cid=7177238940261994405&g_mp=Cidnb29nbGUubWFwcy5wbGFjZXMudjEuUGxhY2VzLlNlYXJjaFRleHQQAhgEIAA,ChIJiUT5WW_bmUcRpc9qHsqsmmM,6,,"Die Kosten für einen Pflegeplatz setzen sich aus vier Hauptkomponenten zusammen: Pflegebedingte Aufwendungen, Unterkunft, Verpflegung, Investitionskosten. Jede Einrichtung hat ihre eigenen spezifischen Kostenstrukturen. Eine Preisliste ist als Download verfügbar (Preisliste_HausHasenberg_01.01.2026.pdf).","50 vollstationäre Pflegeplätze in Einzelzimmern (20 qm) mit eigenem Nassbereich, eigene Möbel möglich. 25 betreute Senioreneigentumswohnungen von 43 bis 122 qm (Ein- bis Dreizimmerwohnungen), zum Teil zur Miete.","Vollstationäre Pflege (langfristige Versorgung für Menschen, die eine intensive Betreuung und Pflege rund um die Uhr benötigen), 2 eingestreute Kurzzeitpflegeplätze (vorübergehende Pflege zur Entlastung pflegender Angehöriger oder bei intensiver Pflege nach einem Krankenhausaufenthalt), Betreutes Wohnen im Alter.",,"Vielfältiges Freizeitangebot mit Konzerten, Gottesdiensten, kreativem Gestalten, Bingo, Spielen, Singen, Bildvorträgen sowie Angeboten zur Mobilitätsförderung. Clubraum/Gruppenraum für Veranstaltungen und jahreszeitliche Feste. Mittagstisch für Bewohner*innen des Betreuten Wohnens und Gäste nach Anmeldung.","Das Haus Hasenberg liegt in zentraler Lage im Stuttgarter Westen. Oberhalb des 'Kessels' gelegen, hat man hier selbst an heißen Sommertagen angenehmere Temperaturen und eine tolle Aussicht auf die Stadt. In der nahen Umgebung findet man Bäckereien und Lebensmittelläden. Das Haus ist gut an den öffentlichen Nahverkehr angebunden (Buslinien 92 und 44). Terrassen im ersten und zweiten Stock. Der enge Kontakt zu Vereinen, Kirchengemeinden und anderen Einrichtungen bringt zusätzliches Leben ins Haus.",Eigenbetrieb der Landeshauptstadt Stuttgart (leben&wohnen). Der Eigenbetrieb ist zu 100 Prozent städtisch und verfolgt keine Gewinnerzielungsabsicht.,"Mit 50 Pflegeplätzen und 25 betreuten Seniorenwohnungen gehört das Haus Hasenberg zu den kleineren Einrichtungen. Die familiäre und herzliche Atmosphäre trägt zum Einleben und Wohlfühlen bei. Der helle und freundliche Bau mit großzügigen Gemeinschaftsbereichen und sonnigen Terrassen auf zwei Ebenen wurde 2012 in Betrieb genommen. Großzügiger Gemeinschaftsbereich mit Wohnküche. Unterstützung durch den Sozialdienst bei Kontakten zu Ämtern und Kostenträgern, sozialrechtlichen Angelegenheiten und persönlichen Sorgen.","Haus Hasenberg, Klugestraße 2a, 70197 Stuttgart, Telefax: 0711 216-24139. Ansprechpartner*innen: Elisabeth Adametz (Einrichtungsleitung, Tel: 0711 216-24132), Nadia Choudery (Pflegedienstleitung, Tel: 0711 216-24136), Ulrike Sachs (Sozialdienst, Tel: 0711 216-24131), Diana Schweikert (Hauswirtschaftliche Betriebsleitung, Tel: 0711 216-24135)."
8168,Schloss Stammheim,Kornwestheimer Str. 21,70197,Stuttgart,48.786896252524,9.2211980371547,2947,0711 809080,lsh@altenheimat.de,,"Kurzzeitpflege, Langzeitpflege",True,"3.522,36 €",3772.7985999999996,2699.775,1204.0236,0,3522.3646,2727.46,1204.0236,0,3522.3646,2727.46,1204.0236,0,3522.3646,2727.46,1204.0236,0,3522.3646,2727.46,1204.0236,0,Pflegegrad 1: k.A.; Pflegegrad 2: k.A.; Pflegegrad 3: k.A.; Pflegegrad 4: k.A.; Pflegegrad 5: k.A.,,"Eigene Haustiere: In Einzelabsprache mit der Einrichtungsleitung; Einrichtungseigene Aufenthaltsmöglichkeiten im Freien: Angeschlossener Sinnesgarten, ist barrierefrei direkt über das Wohnzimmer zu erreichen.","TV- oder Kabelanschluss in den Bewohnerzimmern; Möbelmitnahme möglich; Telefonanschluss in den Bewohnerzimmern: Ein eigener Anschluss kann über einen Provider beauftragt werden, alle Zimmer mit Telefondose.; Internetzugang in den Bewohnerzimmern: Kann über Provider gebucht werden",Wäscheversorgung (insbesondere Kleidung); Reinigung der Zimmer; Soziale Betreuung; Leistungen im Bereich Soziale Betreuung und Hausmeister werden intern erbracht.; Für alle gesetzlich versicherten Bewohnerinnen und Bewohner besteht ein Beratungsangebot zur gesundheitlichen Versorgungsplanung nach § 132g SGB V durch einen weitergebildeten Berater.,"Spezielle Kostformen nach Absprache möglich (z. B. vegetarisch, ohne Schweinefleisch); Diätkost (z.B. Diabetiker- oder Reduktionskost); Zwischenmahlzeiten (z.B. Joghurt, Obst) zur freien Verfügung; Getränke (kalt/heiß) zur freien Verfügung; Einnahme von Mahlzeiten auf Wunsch im eigenen Zimmer möglich; Zubereitung eigener Mahlzeiten möglich; Gemeinschaftliches Mittagessen möglich; Mahlzeiten werden in der Einrichtung zubereitet (nach Absprache); Teeküche ist für die individuelle Nutzung der Bewohner vorhanden",https://navigatoren.aok.de/etl/public/reports/2019/510/51080152270439-69021b0e6bc67.pdf,0,,False,,Alle Wohn- und Gemeinschaftsflächen sind für die Bewohner und deren Angehörige in der Einrichtung barrierefrei zugänglich.,,,,,,,,,,,,,,,,,,
8473,Haus auf der Waldau,Jahnstr. 68-70,70597,Stuttgart,48.75283794227,9.180239980596,3178,0711 76840,haus-auf-der-waldau@ev-heimstiftung.de,https://www.ev-heimstiftung.de/stuttgart-haus-auf-der-waldau/,"Kurzzeitpflege, Langzeitpflege",True,"3.147,45 €",3416.5804000000003,2372.76,1174.8204,0,3147.4494,2320.74,1174.8204,0,3147.4494,2320.74,1174.8204,0,3147.4494,2320.74,1174.8204,0,3147.4494,2320.74,1174.8204,0,"Pflegegrad 1: 1 Vollzeitstelle: 4,5 Pflegebedürftige; Pflegegrad 2: 1 Vollzeitstelle: 3,5 Pflegebedürftige; Pflegegrad 3: 1 Vollzeitstelle: 2,5 Pflegebedürftige; Pflegegrad 4: 1 Vollzeitstelle: 1,9 Pflegebedürftige; Pflegegrad 5: 1 Vollzeitstelle: 1,7 Pflegebedürftige",2011,"Einrichtungseigene Aufenthaltsmöglichkeiten im Freien: Garten und Dachterrassen auf den Wohnbereichen, Demenzbereich hat seinen eigene geschützten Garten.; Eigene Haustiere erlaubt: Einzelfallentscheidung der Hausdirektion",Telefonanschluss in den Bewohnerzimmern: Jeder Bewohner benötigt einen eigene Telefonvertrag.; TV- oder Kabelanschluss in den Bewohnerzimmern; Internetzugang in den Bewohnerzimmern: Wenn ein eigener Telefonanschluss vorhanden ist. Es gibt freies WLAN in der Einrichtung.; Möbelmitnahme möglich: alles außer Kleiderschrank und Pflegebett,"Wäscheversorgung (insbesondere Kleidung); Reinigung der Zimmer; Basteln,Sport, Gedächtnistraining, Kochen/Backen, Handarbeiten, Tisch/Brettspiel Nachmittage,Musik; Essen im Restaurant, Cafeteria, Teilnahme an alle Großveranstaltungen (Feiern, Konzerte, Gottesdienste), Angehörigenabende, Informationsveranstaltungen; Friseur, Fußpflege","Mahlzeiten werden in der Einrichtung zubereitet (nach Absprache); Zubereitung eigener Mahlzeiten möglich; Teeküche ist für die individuelle Nutzung der Bewohner vorhanden; Spezielle Kostformen nach Absprache möglich (z. B. vegetarisch, ohne Schweinefleisch); Diätkost (z.B. Diabetiker- oder Reduktionskost); Zwischenmahlzeiten (z.B. Joghurt, Obst) zur freien Verfügung; Getränke (kalt/heiß) zur freien Verfügung; Einnahme von Mahlzeiten auf Wunsch im eigenen Zimmer möglich; Gemeinschaftliches Mittagessen möglich",https://navigatoren.aok.de/etl/public/reports/2019/510/51081130770597-69549f0a62c99.pdf,0,,True,Besucher jederzeit willkommen,Alle Wohn- und Gemeinschaftsflächen sind für die Bewohner und deren Angehörige in der Einrichtung barrierefrei zugänglich.,Martin Suchaneck (),,4.4,20,https://www.ev-heimstiftung.de/stuttgart-haus-auf-der-waldau/,https://maps.google.com/?cid=13787742753611155248&g_mp=Cidnb29nbGUubWFwcy5wbGFjZXMudjEuUGxhY2VzLlNlYXJjaFRleHQQAhgEIAA,ChIJAQ69PFTDmUcRMId12_vmV78,20,,"Kosteninformationen sind verfügbar. Ein Link zur Entgeltübersicht (Entgeltuebersicht_HADW.pdf) ist auf der Webseite vorhanden, aber keine konkreten Preise werden direkt angezeigt.",,"Stationäre Pflege, Kurzzeitpflege, Tagespflege, Ambulante Pflege, Palliative Care. Zusätzlich: WohnenPLUS in der Residenz, Betreutes Wohnen, Betreute Wohngemeinschaft",Palliative Care,Kultur & Freizeit Angebote sind vorhanden (Details auf separater Seite),"Stuttgart-Degerloch, Stadtteil Waldau. Jahnstr. 68-70, 70597 Stuttgart","Evangelische Heimstiftung GmbH - größtes diakonisches Pflegeunternehmen, seit 1952 tätig, mit über 170 Einrichtungen in ganz Baden-Württemberg","Teil eines starken Netzwerks von über 170 Einrichtungen der Evangelischen Heimstiftung. Anspruch: 'Gute Pflege'. Innovationen: Institut für Innovation, Pflege und Alter, Sozialer Roboter Navel, Start-ups im Einsatz, digitale Pflegelösungen (ALADIEN). Nachhaltigkeitsinitiative 'Das Grüne Segel'. Quartiersentwicklung. Online-Beratung jederzeit verfügbar. Freiwilliges Engagement und Ehrenamt möglich.","Hausdirektorin: Manuela Dahme
Adresse: Jahnstr. 68-70, 70597 Stuttgart
Telefon: 0711 7684-0
Fax: 0711 7684-149
E-Mail: haus-auf-der-waldau@ev-heimstiftung.de

Gute-Pflege-Center (zentrale Beratung):
Telefon: 0711 95 96 97 97 (Mo-Fr 08:00-17:00 Uhr)
Online-Beratung: www.onlineberatung.ev-heimstiftung.de (jederzeit)"
8860,Seniorendomizil Haus Martin,Maybachstr. 32,70469,Stuttgart,48.810442943038,9.1773019506278,3246,0711 252620,,https://www.compassio.de/standort/haus-martin/,"Kurzzeitpflege, Langzeitpflege",True,"2.743,99 €",3102.3418,2193.5862,1039.7556,0,2743.9886,2004.98,1039.7556,0,2743.9886,2004.98,1039.7556,0,2743.9886,2004.98,1039.7556,0,2743.9886,2004.98,1039.7556,0,,,,,,Teeküche ist für die individuelle Nutzung der Bewohner vorhanden,https://navigatoren.aok.de/etl/public/reports/2019/510/51081929270469-6955e5fe51153.pdf,3,https://navigatoren.aok.de/etl/public/images/nursing_home/image325792detail-63738b93ed9cb.jpg; https://navigatoren.aok.de/etl/public/images/nursing_home/image325793detail-63738b93ee8fd.jpg; https://navigatoren.aok.de/etl/public/images/nursing_home/image325794detail-63738b93ef684.jpg,True,Besucher jederzeit willkommen,,Leitung Seniorendomizil (),,3.5,32,https://www.compassio.de/standort/haus-martin/,https://maps.google.com/?cid=16377344145335439875&g_mp=Cidnb29nbGUubWFwcy5wbGFjZXMudjEuUGxhY2VzLlNlYXJjaFRleHQQAhgEIAA,ChIJVSG3UsTamUcRA9IKs7oDSOM,32,,"Die Kosten für einen Pflegeplatz setzen sich aus mehreren Bestandteilen zusammen: den Pflegekosten, den Kosten für Unterkunft und Verpflegung sowie den Investitionskosten. Die Höhe der Pflegesätze wird jährlich in Zusammenarbeit mit den Pflegekassen neu verhandelt und angepasst. Je nach Pflegegrad übernimmt die private Pflegepflichtversicherung oder die Pflegekasse einen festgelegten Anteil der Pflegekosten. Der verbleibende Eigenanteil wird von den Pflegebedürftigen selbst gezahlt. Für Kurzzeitpflege: Die Pflegekasse übernimmt jeweils anteilig Leistungen für die stationäre Kurzzeitpflege in Höhe von bis zu 1.612 Euro im Kalenderjahr für maximal 28 Tage pro Jahr.",Für die Kurzzeitpflege und Dauerpflege gibt es insgesamt 112 Einzelzimmer und 18 Doppelzimmer. Die Einzelzimmer verfügen über ein eigenes Bad und funktionelle Einrichtung. Die Zimmer können durch persönliche Möbel und Dekoration heimelig gestaltet werden.,"Dauerpflege (vollstationäre Pflegeplätze), Kurzzeitpflege (maximal 28 Tage pro Jahr), Verhinderungspflege, Tagespflege (montags bis freitags)","Betreuung für gerontopsychiatrisch veränderte Menschen (Demenz), Betreuung für chronisch Kranke und körperlich Beeinträchtigte, Menschen die Wiedereingliederung in das Alltagsleben benötigen","Tägliche altersgerechte Aktivitäten und Beschäftigungsangebote, individuelle Betreuungsangebote im hauswirtschaftlichen Bereich, Bewegungsangebote, Gruppenangebote und kommunikative Angebote, Freizeitgestaltung im Bereich kreativer Angebote (Handarbeiten, Gesellschaftsspiele), Vorlesen aus der Tageszeitung, sportliche Übungen, Ausflugsfahrten in die nähere Umgebung, Teilnahme an Veranstaltungen im Ort zur Integrationsförderung, Plätzchenbacken, Weihnachtsfeiern, Oktoberfest, Geburtstagsfeiern, Konzerte","Das Seniorendomizil Haus Martin liegt in Stuttgart (Maybachstr. 32, 70469 Stuttgart). Die zentrale, aber ruhige Lage ermöglicht den Zugang zu Einkaufsmöglichkeiten und Sehenswürdigkeiten. Stuttgart ist umgeben von Weinbergen und Wäldern und bietet vielfältige Freizeitmöglichkeiten wie Museen, Parks und Spaziergänge im Grünen. Eine großzügige Dachterrasse und barrierefreie Außenflächen laden zum Entspannen ein.","compassio (privater Träger, Teil der compassio Gruppe)","Im Oktober 2009 eröffnet, 148 Plätze insgesamt, modernes Seniorenheim mit eigener Wäscherei, Bewohner-Restaurant, Café, hauseigener Friseur, großzügige Dachterrasse, barrierefreies Außengelände, personenbezogenes Notrufsystem in allen Bereichen, täglich frisch zubereitete Mahlzeiten durch modernste Garmethoden und innovative Zubereitungsverfahren, Fahrdienst für Tagespflege an ausgewählten Standorten, sehr gute Bewertung des Medizinischen Dienstes (deutschlandweit auf Platz 2 im Qualitätsreport), internes Qualitätsmanagement, eigene Küchen- und Service-Teams, Investitionen in Qualitätssicherung und Digitalisierung, Bezug regenerativer Energien, Social Media Präsenz (Instagram: @compassio_haus_martin)","Telefon: +49 711 25262-0, Einrichtungsleitung: Kerstin Schenkel (STR-EL@compassio.de), Pflegedienstleitung: Emel Okur (STR-PDL@compassio.de), Medizinproduktsicherheitsbeauftragter: STR-MPS@compassio.de. Servicezeiten: Rufen Sie uns an, wir beraten Sie gerne!"
8541,Altenzentrum Zamenhof,Zamenhofstr. 32,70197,Stuttgart,48.770578949704,9.1388519903423,3372,0711 657030,,https://leben-und-wohnen.de/standorte/zamenhof,Langzeitpflege,False,"3.394,03 €",3663.5908000000004,2615.2074000000002,1179.3834000000002,0,3394.0329,2605.47,1179.3834000000002,0,3394.0329,2605.47,1179.3834000000002,0,3394.0329,2605.47,1179.3834000000002,0,3394.0329,2605.47,1179.3834000000002,0,,,,,Einzugsgespräch in der Pflegeeinrichtung,Teeküche ist für die individuelle Nutzung der Bewohner vorhanden,https://navigatoren.aok.de/etl/public/reports/2019/510/51081260570197-69423ab55601b.pdf,3,https://navigatoren.aok.de/etl/public/images/nursing_home/image279822detail-63738b5436eb0.jpg; https://navigatoren.aok.de/etl/public/images/nursing_home/image279823detail-63738b5437e26.jpg; https://navigatoren.aok.de/etl/public/images/nursing_home/image279824detail-63738b5438ba3.jpg,True,Besucher jederzeit willkommen,,Pflegeheim Zamenhof (),,4.2,16,https://leben-und-wohnen.de/standorte/zamenhof,https://maps.google.com/?cid=4861512305919356521&g_mp=Cidnb29nbGUubWFwcy5wbGFjZXMudjEuUGxhY2VzLlNlYXJjaFRleHQQAhgEIAA,ChIJwdcbinDbmUcRaW6DUa-Pd0M,6,,"Die Kosten für einen Pflegeplatz setzen sich aus vier Hauptkomponenten zusammen: Pflegebedingte Aufwendungen, Unterkunft, Verpflegung, Investitionskosten. Jede Einrichtung hat ihre eigenen spezifischen Kostenstrukturen. Eine Preisliste ist als Download verfügbar (Preisliste_Zamenhof_01.01.2026.pdf).","Vollstationäre Pflege: 96 Pflegeplätze. Betreutes Wohnen: Neun Zwei- und Drei-Zimmer-Wohnungen mit Größen von 41 bis 94 qm, ausgestattet mit Wärmeschutzfenstern, Parkett, Fliesen, eigenem Nassbereich und separater Einbauküche.","Vollstationäre Pflege (96 Plätze), Kurzzeitpflege (8 solitäre Kurzzeitpflegeplätze), Menschen mit Demenz (offener Demenzbereich mit Garten)","Offener Demenzbereich mit Garten, Begleitung durch den Hospizdienst","Vielfältiges Freizeitangebot mit Konzerten, Festen, Theater, Training von Bewegung und Motorik, Café 'Sinneswelten'. Ehrenamtliche bieten Zusatzangebote an: Spaziergänge, Sing- und Spielkreise, Vorlesen und Malen.","Am Rande des Stuttgarter Westens, umgeben von viel Grün, malerische Lage am Waldrand oberhalb des 'Kessels', benachbarter Park, große Terrasse, grüner Innenhof. Mit U2 gut erreichbar, Haltestelle 'Herderplatz', zehn Minuten Fußweg. Parkmöglichkeiten vor dem Haus vorhanden.","leben&wohnen - Eigenbetrieb der Landeshauptstadt Stuttgart (zu 100 Prozent städtisch, kommunal, keine Gewinnerzielungsabsicht)","Enge Zusammenarbeit mit medizinischem Fachpersonal, therapeutischen Dienstleistern, sozialen Einrichtungen und lokalen Vereinen. Unterstützung durch den Sozialdienst bei Kontakten zu Ämtern und Kostenträgern, sozialrechtlichen Angelegenheiten und persönlichen Sorgen. Betreutes Wohnen mit Hausnotruf, Sozialdienst, Vermittlung von Hilfsdiensten und Wahlleistungen (Mahlzeiten, Wohnungsreinigung, kleinere Reparaturen).","Zamenhofstraße 32, 70197 Stuttgart. Telefon: 0711 216-88550, Telefax: 0711 216-88559. Ansprechpartner: Isabel Wizemann (Einrichtungsleitung, Tel: 0711 216-88551), Rico Heide (Pflegedienstleitung, Tel: 0711 216-88552), Joseph Bucher (Sozialdienst, Tel: 0711 216-88554), Elke Tomschitz (Sozialdienst, Tel: 0711 216-88518), Marika Efthimiou-Hug (Hauswirtschaftliche Betriebsleitung, Tel: 0711 216-88553), Christine Kraus (Hauswirtschaftliche Betriebsleitung, Tel: 0711 216-89154)"
8658,ASB Pflegezentrum am Feuerbach,Stuttgarter Str. 33-35,70469,Stuttgart,48.810098992824,9.1642259835206,3441,0711 95484823,haf@asb-stuttgart.de,https://www.asb-stuttgart.de/Pflegeheime/seniorenzentrum-haus-am-feuerbach,"Kurzzeitpflege, Langzeitpflege",True,"3.014,53 €",3327.4498000000003,2295.7974,1162.6524,0,3014.5304,2178.68,1162.6524,0,3014.5304,2178.68,1162.6524,0,3014.5304,2178.68,1162.6524,0,3014.5304,2178.68,1162.6524,0,"Pflegegrad 1: 1 Vollzeitstelle: 4,8 Pflegebedürftige; Pflegegrad 2: 1 Vollzeitstelle: 3,8 Pflegebedürftige; Pflegegrad 3: 1 Vollzeitstelle: 2,6 Pflegebedürftige; Pflegegrad 4: 1 Vollzeitstelle: 1,9 Pflegebedürftige; Pflegegrad 5: 1 Vollzeitstelle: 1,7 Pflegebedürftige",2003,Einrichtungseigene Aufenthaltsmöglichkeiten im Freien; Eigene Haustiere erlaubt: Nach Rücksprache mit der Einrichtungsleitung.,"Telefonanschluss in den Bewohnerzimmern: gegen Gebühr; TV- oder Kabelanschluss in den Bewohnerzimmern; Internetzugang in den Bewohnerzimmern: W-Lan; Möbelmitnahme möglich: Die Zimmer sind zwischen 18-20 m² groß, so können entsprechend auch eigene Möbel mitgebracht werden.","Wäscheversorgung (insbesondere Kleidung); Basteln, Lesen, Spazieren, Ausflüge in die Umgebung, Gymnastik, Feste, Singen, Gottesdienst; Friseur, Fußpflege; Wäschekennzeichnung","Mahlzeiten werden in der Einrichtung zubereitet (nach Absprache): Mittagessen erhalten wir von einem Caterer im Cook&Chill-Verfahren.; Teeküche ist für die individuelle Nutzung der Bewohner vorhanden; Spezielle Kostformen nach Absprache möglich (z. B. vegetarisch, ohne Schweinefleisch); Diätkost (z.B. Diabetiker- oder Reduktionskost); Zwischenmahlzeiten (z.B. Joghurt, Obst) zur freien Verfügung; Getränke (kalt/heiß) zur freien Verfügung; Einnahme von Mahlzeiten auf Wunsch im eigenen Zimmer möglich; Zubereitung eigener Mahlzeiten möglich; Gemeinschaftliches Mittagessen möglich",https://navigatoren.aok.de/etl/public/reports/2019/510/51081591570469-6925ab7d7a2a7.pdf,2,https://navigatoren.aok.de/etl/public/images/nursing_home/image284282detail-63738b5a995ec.jpg; https://navigatoren.aok.de/etl/public/images/nursing_home/image284283detail-63738b5a9a8dd.jpg,False,,Alle Wohn- und Gemeinschaftsflächen sind für die Bewohner und deren Angehörige in der Einrichtung barrierefrei zugänglich.,Pflegezentrum Haus am Feuerbach (),,2.6,13,https://www.asb-stuttgart.de/Pflegeheime/seniorenzentrum-haus-am-feuerbach,https://maps.google.com/?cid=721488094351407155&g_mp=Cidnb29nbGUubWFwcy5wbGFjZXMudjEuUGxhY2VzLlNlYXJjaFRleHQQAhgEIAA,ChIJec-h9-jamUcRMzh9ZZk9Awo,70,,,"80 Einzelzimmer insgesamt. 8 Zimmer verfügen über ein eigenes Bad; alle anderen Zimmer teilen sich zu zweit ein Bad. Ausstattung: Pflegebett, Nachttisch, Kleiderschrank, Garderobe, Schwesternruf/Notrufanlage, TV-Kabelanschluss, Telefonanschluss, Internet, Tisch und 1 Stuhl, WLAN","Aktivierende Pflege zur Erhaltung der Selbstständigkeit, personenzentrierte individuelle Pflege unter Berücksichtigung der Biographien",,"Abwechslungsreiches und bewohnerorientiertes Angebot durch soziale Betreuung und Alltagsbegleitung: Bastel- und Singstunden, Gymnastik, gemeinsames Kochen, Aktivierungsangebote zur Gestaltung der Aufenthaltsbereiche. Friseur und Fußpflege kommen ins Haus.","Zentrale und dennoch ruhige Lage im Herzen von Stuttgart-Feuerbach im 'Roserareal'. Direkt angrenzend an das 'Haus der Gesundheit' mit verschiedenen Ärzten, Sanitäts-Fachgeschäften, Akupunktur und Physiotherapeutischen Praxen. In unmittelbarer Nähe: diverse Einkaufsmöglichkeiten, Apotheken und Gaststätten. Sehr gute Anbindung an das öffentliche Nahverkehrsnetz. Kleiner Garten im Erdgeschoss, barrierefreier Balkon auf jeder Etage.",Arbeiter-Samariter-Bund Baden-Württemberg e.V. Region Stuttgart (ASB Stuttgart),"Eröffnung 2003. 4 Wohnbereiche auf 4 Etagen mit Wohnküche, Wohnzimmer, Sitzecken und Therapieräumen. 103 betreute Wohnungen sind an die Einrichtung angegliedert. Motto: 'So viel Hilfe wie nötig, so viel Selbständigkeit wie möglich.'","Einrichtungsleitung: Ellen Raiss
Adresse: Stuttgarter Straße 31, 70469 Stuttgart
Telefon: (0711) 20302-0
Fax: (0711) 20302-555
E-Mail: haf@asb-stuttgart.de

ASB Stuttgart Zentrale:
Telefon: (0711) 95484848
E-Mail: info@asb-stuttgart.de"
8521,St. Anna-Seniorenheim gGmbH,Dürrheimer Str. 12,70372,Stuttgart,48.802939986037,9.2210079536406,3737,0711 955700,info@st-anna-seniorenheim.de,http://www.st-anna-seniorenheim.de/,"Kurzzeitpflege, Langzeitpflege",True,"3.138,07 €",3405.0208000000007,2406.5262000000002,1129.4946000000002,0,3138.0701000000004,2363.03,1129.4946000000002,0,3138.0701000000004,2363.03,1129.4946000000002,0,3138.0701000000004,2363.03,1129.4946000000002,0,3138.0701000000004,2363.03,1129.4946000000002,0,Pflegegrad 1: k.A.; Pflegegrad 2: k.A.; Pflegegrad 3: k.A.; Pflegegrad 4: k.A.; Pflegegrad 5: k.A.,2011,Einrichtungseigene Aufenthaltsmöglichkeiten im Freien; Eigene Haustiere,Möbelmitnahme möglich; Telefonanschluss in den Bewohnerzimmern; TV- oder Kabelanschluss in den Bewohnerzimmern; Internetzugang in den Bewohnerzimmern,Wäscheversorgung (insbesondere Kleidung),"Spezielle Kostformen nach Absprache möglich (z. B. vegetarisch, ohne Schweinefleisch); Diätkost (z.B. Diabetiker- oder Reduktionskost); Getränke (kalt/heiß) zur freien Verfügung; Einnahme von Mahlzeiten auf Wunsch im eigenen Zimmer möglich; Gemeinschaftliches Mittagessen möglich; Mahlzeiten werden in der Einrichtung zubereitet (nach Absprache); Zwischenmahlzeiten (z.B. Joghurt, Obst) zur freien Verfügung; Zubereitung eigener Mahlzeiten möglich; Teeküche ist für die individuelle Nutzung der Bewohner vorhanden",https://navigatoren.aok.de/etl/public/reports/2019/510/51081215970372-6936dd0ec72e4.pdf,0,,False,,,,,3.1,12,http://www.st-anna-seniorenheim.de/,https://maps.google.com/?cid=8576160244359655232&g_mp=Cidnb29nbGUubWFwcy5wbGFjZXMudjEuUGxhY2VzLlNlYXJjaFRleHQQAhgEIAA,ChIJ43jeyxnFmUcRQG_ixU2kBHc,5,Warteliste vorhanden - genaue Verfügbarkeit nicht auf der Startseite angegeben,"Kosten-Seite vorhanden, aber keine konkreten Preise auf der Startseite sichtbar",,"Pflege, Medizin, Seelsorge, Tagesablauf, Mahlzeiten & Speiseplan werden angeboten",,"Tagesablauf mit strukturierten Aktivitäten, Mahlzeiten, Seelsorge","Stuttgart-Bad Cannstatt, Dürrheimer Str. 12, 70372 Stuttgart. Nachbarschaft-Seite vorhanden, die auf Umgebung hinweist",St. Anna - kirchlicher Träger (verbunden mit St. Anna Klinik),"Verbindung zur St. Anna Klinik, Philosophie-basierte Pflege, Seelsorge als integraler Bestandteil, Ehrenamtliche Mitarbeit möglich","Telefon: +49 711 955 70-0, E-Mail: info@st-anna-seniorenheim.de, Adresse: St. Anna Seniorenheim Bad Cannstatt, Dürrheimer Str. 12, 70372 Stuttgart. Warteliste/Anmeldung über separate Seite möglich"
8454,Evangelischer Verein - Verein für diakonische Arbeit e. V.,Brunnenstr. 57,70372,Stuttgart,48.807623948852,9.2170749496637,3894,0711 553410,ev@evangelischer-verein.de,https://www.evangelischer-verein.de/,Langzeitpflege,False,"3.083,89 €",3327.4498000000003,2278.1538,1180.296,0,3083.8879999999995,2239.52,1180.296,0,3083.8879999999995,2239.52,1180.296,0,3083.8879999999995,2239.52,1180.296,0,3083.8879999999995,2239.52,1180.296,0,Pflegegrad 1: k.A.; Pflegegrad 2: k.A.; Pflegegrad 3: k.A.; Pflegegrad 4: k.A.; Pflegegrad 5: k.A.,,Einrichtungseigene Aufenthaltsmöglichkeiten im Freien; Eigene Haustiere,Möbelmitnahme möglich; Telefonanschluss in den Bewohnerzimmern; TV- oder Kabelanschluss in den Bewohnerzimmern; Internetzugang in den Bewohnerzimmern,Wäscheversorgung (insbesondere Kleidung); Soziale Betreuung; Wäscheversorgung (insbesondere Kleidung); Soziale Betreuung,"Mahlzeiten werden in der Einrichtung zubereitet (nach Absprache); Zubereitung eigener Mahlzeiten möglich; Teeküche ist für die individuelle Nutzung der Bewohner vorhanden; Spezielle Kostformen nach Absprache möglich (z. B. vegetarisch, ohne Schweinefleisch); Diätkost (z.B. Diabetiker- oder Reduktionskost); Zwischenmahlzeiten (z.B. Joghurt, Obst) zur freien Verfügung; Getränke (kalt/heiß) zur freien Verfügung; Einnahme von Mahlzeiten auf Wunsch im eigenen Zimmer möglich; Gemeinschaftliches Mittagessen möglich",https://navigatoren.aok.de/etl/public/reports/2019/510/51081104570372-6961dd1fcb1f9.pdf,0,,False,"{'Montag': ['08:00 - 20:00'], 'Dienstag': ['08:00 - 20:00'], 'Mittwoch': ['08:00 - 20:00'], 'Donnerstag': ['08:00 - 20:00'], 'Freitag': ['08:00 - 20:00'], 'Samstag': ['08:00 - 20:00'], 'Sonntag': ['08:00 - 20:00']}",,Birgit Schöpf (),,4,9,https://www.evangelischer-verein.de/,https://maps.google.com/?cid=12841967989254392852&g_mp=Cidnb29nbGUubWFwcy5wbGFjZXMudjEuUGxhY2VzLlNlYXJjaFRleHQQAhgEIAA,ChIJcfl0lD3FmUcRFAxyuNjVN7I,7,,,,"Vollstationäre Pflege, Betreutes Wohnen",Demenzbetreuung (Menschen mit einer dementiellen Veränderung sind herzlich willkommen),"Konzerte, Kaffeenachmittage, Faschingsball, Martinsgansessen, Zwiebelkuchenfest, Weihnachtsfeier, Niklasmarkt, Veranstaltungen in der Begegnungsstätte, Musik- und Kulturprogramme","Im Herzen Bad Cannstatts, Stuttgart-Bad Cannstatt, Brunnenstraße 57, 70372 Stuttgart","Evangelischer Verein für diakonische Arbeit e.V., gegründet 1874, kirchlich-diakonischer Träger","Begegnungsstätte für Bewohner und Menschen die noch zuhause leben, Gemeinschaft und soziale Teilhabe, Gäste mit körperlichen, geistigen oder seelischen Einschränkungen willkommen, Motto: 'Mittendrin und nah am Nächsten', Pflege mit Herzlichkeit, neues Speiseverteilungssystem (wird auf den Wohnbereichen geschöpft), positive Begehung durch Heimaufsicht und Medizinischen Dienst","Ansprechpartnerin Betreutes Wohnen: Iadine Drews, Telefon: 0049 711 553 410 28, Allgemeine Telefonnummer: 0049 711 553 410, Adresse: Brunnenstraße 57, 70372 Stuttgart, Möglichkeit für persönliches Gespräch und Hausbesichtigung nach Terminvereinbarung, Facebook und Instagram vorhanden"
8730,Generationenzentrum Kornhasen Willy Körner Haus,Jägerhalde 7,70327,Stuttgart,48.773960966009,9.2371959543866,4139,0711 212624000,christine.schneider@stuttgart.de,https://leben-und-wohnen.de/standorte/generationenzentrum-kornhasen,Langzeitpflege,False,"3.462,63 €",3780.0994,2727.7614000000003,1183.338,0,3462.63,2681.52,1183.338,0,3462.63,2681.52,1183.338,0,3462.63,2681.52,1183.338,0,3462.63,2681.52,1183.338,0,Pflegegrad 1: k.A.; Pflegegrad 2: k.A.; Pflegegrad 3: k.A.; Pflegegrad 4: k.A.; Pflegegrad 5: k.A.,2005,Einrichtungseigene Aufenthaltsmöglichkeiten im Freien; Eigene Haustiere erlaubt: Nach vorheriger Absprache mit Einrichtungsleitung; Versorgung der Tiere durch Bewohner*in,Telefonanschluss in den Bewohnerzimmern; TV- oder Kabelanschluss in den Bewohnerzimmern; Internetzugang in den Bewohnerzimmern; Möbelmitnahme möglich,"Wäscheversorgung (insbesondere Kleidung); Reinigung der Zimmer; Gymnastik,Sitztanz,Gedächtnistraining,Vorlesen,Backen,Singen,KiTa-Treffs,Ausflüge,Kunsttherapie; Mitwirkung bei oder Besuch der öffentlichen Feste+Veranstaltungen im Haus, Begleitung bei Ausflügen, ehrenamtliches Engagement, Mitwirkung bei Projekten zur Gesundheitsförderung","Spezielle Kostformen nach Absprache möglich (z. B. vegetarisch, ohne Schweinefleisch); Zwischenmahlzeiten (z.B. Joghurt, Obst) zur freien Verfügung; Getränke (kalt/heiß) zur freien Verfügung; Einnahme von Mahlzeiten auf Wunsch im eigenen Zimmer möglich; Gemeinschaftliches Mittagessen möglich; Mahlzeiten werden in der Einrichtung zubereitet (nach Absprache): Verteilerküche in der Einrichtung; Belieferung aus Produktionsküche des Trägers; Diätkost (z.B. Diabetiker- oder Reduktionskost); Zubereitung eigener Mahlzeiten möglich; Teeküche ist für die individuelle Nutzung der Bewohner vorhanden",https://navigatoren.aok.de/etl/public/reports/2019/510/51081712170327-693aa4d250572.pdf,0,,True,Besucher jederzeit willkommen,Alle Wohn- und Gemeinschaftsflächen sind für die Bewohner und deren Angehörige in der Einrichtung barrierefrei zugänglich.,Christine Schneider (),,3.9,8,https://leben-und-wohnen.de/standorte/generationenzentrum-kornhasen,https://maps.google.com/?cid=14691033193341615694&g_mp=Cidnb29nbGUubWFwcy5wbGFjZXMudjEuUGxhY2VzLlNlYXJjaFRleHQQAhgEIAA,ChIJq6ukWl7EmUcRTn6ZWNoI4cs,37,,"Die Kosten für einen Pflegeplatz setzen sich aus vier Hauptkomponenten zusammen: Pflegebedingte Aufwendungen, Unterkunft, Verpflegung, Investitionskosten. Jede Einrichtung hat ihre eigenen spezifischen Kostenstrukturen. Eine Preisliste ist als Download verfügbar (Preisliste_WKH_01.01.2026.pdf).","50 vollstationäre Pflegeplätze (Einzelzimmer, Doppelzimmer)","Vollstationäre Pflege (Langfristige Versorgung für Menschen, die eine intensive Betreuung und Pflege rund um die Uhr benötigen), Kurzzeitpflege (Vorübergehende Pflege zur Entlastung pflegender Angehöriger oder bei intensiver Pflege nach einem Krankenhausaufenthalt), Betreutes Wohnen (In der eigenen Wohnung leben, mit der Gewissheit, dass immer jemand für einen da ist)","Begleitung in der letzten Lebensphase, Bewegungsparcours für ältere Menschen mit 15 Stationen zur Förderung von Gleichgewicht, Kraft und Ausdauer","Vielfältiges und generationenübergreifendes Freizeit- und Begegnungsangebot mit kreativem Gestalten, Ausflügen, Bewegungsangeboten. Gemeinsame Aktivitäten wie Basteln, Singen und Spielen fördern den Austausch zwischen den Generationen. Balkongymnastik und generationenübergreifende Flashmobs mit Kitas. Stadtteilraum Erna-Beck-Saal für Veranstaltungen, Feste und Feiern.","Am Fuße der Wangener Höhe, eingebettet in viel Grün, liegt das Zentrum im Stuttgarter Stadtteil Wangen. Gute Anbindung zu den Einkaufsmöglichkeiten im Stadtteil. Erreichbar mit den Stadtbahnlinien U4 und U9 (Haltestelle 'Inselstraße' unterhalb des Generationenzentrums). Gut an Einkaufsmöglichkeiten und Freizeitangebote im Stadtteil Wangen angebunden.",Eigenbetrieb der Landeshauptstadt Stuttgart (leben&wohnen). Der Eigenbetrieb ist zu 100 Prozent städtisch und verfolgt keine Gewinnerzielungsabsicht.,"Generationenzentrum: Ein offenes Miteinander aller Generationen. Unter einem Dach vereint: Pflegeheim Willy Körner Haus, eine Kindertagesstätte, eine Seniorenwohnanlage sowie den Erna-Beck-Saal. Seit 2005 ein Ort, an dem Menschen unterschiedlicher Altersgruppen zusammenkommen. Projekt 'Gesund leben im Kornhasen' mit Bewegungsparcours in Kooperation mit SportKultur e.V. Unterstützung durch den Sozialdienst bei Kontakten zu Ämtern und Kostenträgern, sozialrechtlichen Angelegenheiten und persönlichen Sorgen.","Pflegeheim Willy Körner Haus im Generationenzentrum Kornhasen, Jägerhalde 7, 70327 Stuttgart-Wangen. Telefon: 0711 216-24000, Telefax: 0711 216-24040. Einrichtungsleitung & Sozialdienst: Susan Jackson, Telefon: 0711 216-24001. Hauswirtschaftliche Betriebsleitung: Eva Falk, Telefon: 0711 216-24003. Betreutes Wohnen (Siedlungswerk): Telefon 0800 6646632."
8710,Villa Seckendorff,Freiligrathstr. 3,70372,Stuttgart,48.806637943822,9.2275159783795,4366,0711 5306970,Markus.bartl@bruderhausdiakonie.de,https://www.bruderhausdiakonie.de/altenhilfe/seniorenzentren-und-pflegeheime/region-stuttgart/karl-olga-altenpflege-in-stuttgart,Langzeitpflege,False,"3.444,62 €",3544.0402000000004,2480.7510000000007,1194.2892,0,3444.6216999999997,2647.45,1194.2892,0,3444.6216999999997,2647.45,1194.2892,0,3444.6216999999997,2647.45,1194.2892,0,3444.6216999999997,2647.45,1194.2892,0,Pflegegrad 1: k.A.; Pflegegrad 2: k.A.; Pflegegrad 3: k.A.; Pflegegrad 4: k.A.; Pflegegrad 5: k.A.,2011,Einrichtungseigene Aufenthaltsmöglichkeiten im Freien; Eigene Haustiere erlaubt,Telefonanschluss in den Bewohnerzimmern; TV- oder Kabelanschluss in den Bewohnerzimmern; Internetzugang in den Bewohnerzimmern; Möbelmitnahme möglich,"Wäscheversorgung (insbesondere Kleidung); Reinigung der Zimmer; Hausmeisterservice; Soziale Betreuung; Wäscheversorgung (insbesondere Kleidung); Gymnastik, Yoga, Singkreis, fröhliches Kaffetrinken, Bildvorträge, Urlaub,...; Individuell zu besprechen","Mahlzeiten werden in der Einrichtung zubereitet (nach Absprache): Im Hausgemeinschaftskonzept wird individuell und frisch zubereitet; Zubereitung eigener Mahlzeiten möglich; Teeküche ist für die individuelle Nutzung der Bewohner vorhanden; Spezielle Kostformen nach Absprache möglich (z. B. vegetarisch, ohne Schweinefleisch); Diätkost (z.B. Diabetiker- oder Reduktionskost); Zwischenmahlzeiten (z.B. Joghurt, Obst) zur freien Verfügung; Getränke (kalt/heiß) zur freien Verfügung; Einnahme von Mahlzeiten auf Wunsch im eigenen Zimmer möglich; Gemeinschaftliches Mittagessen möglich",https://navigatoren.aok.de/etl/public/reports/2019/510/51081683670372-694dfd4fac025.pdf,3,https://navigatoren.aok.de/etl/public/images/nursing_home/image282152detail-63738b5781b36.jpg; https://navigatoren.aok.de/etl/public/images/nursing_home/image282153detail-63738b57827ea.jpg; https://navigatoren.aok.de/etl/public/images/nursing_home/image282154detail-63738b5783914.jpg,True,Besucher jederzeit willkommen,Alle Wohn- und Gemeinschaftsflächen sind für die Bewohner und deren Angehörige in der Einrichtung barrierefrei zugänglich.,M.Bartl (),,4.8,4,https://www.bruderhausdiakonie.de/altenhilfe/seniorenzentren-und-pflegeheime/region-stuttgart/karl-olga-altenpflege-in-stuttgart,https://maps.google.com/?cid=2203237221304875996&g_mp=Cidnb29nbGUubWFwcy5wbGFjZXMudjEuUGxhY2VzLlNlYXJjaFRleHQQAhgEIAA,ChIJqTPkCRHFmUcR3LvLW5R4kx4,8,,,,,,,,,,
8467,Karl-Wacker-Heim,Vaihinger Landstr. 123,70195,Stuttgart,48.772142964448,9.1235729948324,4391,0711 6995460,karl-wacker-heim@ev-heimstiftung.de,https://www.ev-heimstiftung.de/stuttgart-karl-wacker-heim/,"Kurzzeitpflege, Langzeitpflege",True,"3.164,70 €",3262.6552,2258.9892000000004,1134.666,0,3164.6955,2388.27,1134.666,0,3164.6955,2388.27,1134.666,0,3164.6955,2388.27,1134.666,0,3164.6955,2388.27,1134.666,0,"Pflegegrad 1: 1 Vollzeitstelle: 4,4 Pflegebedürftige; Pflegegrad 2: 1 Vollzeitstelle: 3,4 Pflegebedürftige; Pflegegrad 3: 1 Vollzeitstelle: 2,4 Pflegebedürftige; Pflegegrad 4: 1 Vollzeitstelle: 1,9 Pflegebedürftige; Pflegegrad 5: 1 Vollzeitstelle: 1,7 Pflegebedürftige",2000,Einrichtungseigene Aufenthaltsmöglichkeiten im Freien; Eigene Haustiere erlaubt: sofern Versorgung / Hygiene gewährleistet,Telefonanschluss in den Bewohnerzimmern; TV- oder Kabelanschluss in den Bewohnerzimmern; Internetzugang in den Bewohnerzimmern: freies Wlan; Möbelmitnahme möglich,"Wäscheversorgung (insbesondere Kleidung); Reinigung der Zimmer; Fahr- und Begleitdienste; Jahreszeitliches Basteln, Zeitungsrunden, Bewegungsspiele, Singen, Gedächtnis- und Rätselspiele; An 6 Tagen in der Woche geöffnete Cafeteria, Räume für private Feste und Feiern; Für alle gesetzlich versicherten Bewohnerinnen und Bewohner besteht ein Beratungsangebot zur gesundheitlichen Versorgungsplanung nach § 132g SGB V durch einen weitergebildeten Berater.","Spezielle Kostformen nach Absprache möglich (z. B. vegetarisch, ohne Schweinefleisch); Diätkost (z.B. Diabetiker- oder Reduktionskost); Zwischenmahlzeiten (z.B. Joghurt, Obst) zur freien Verfügung; Getränke (kalt/heiß) zur freien Verfügung; Einnahme von Mahlzeiten auf Wunsch im eigenen Zimmer möglich; Zubereitung eigener Mahlzeiten möglich; Gemeinschaftliches Mittagessen möglich; Mahlzeiten werden in der Einrichtung zubereitet (nach Absprache): Frühstück und Abendessen frisch, Mittagessen im Cook&Chill-Verfahren; Teeküche ist für die individuelle Nutzung der Bewohner vorhanden",https://navigatoren.aok.de/etl/public/reports/2019/510/51081120570195-6936de828ef35.pdf,3,https://navigatoren.aok.de/etl/public/images/nursing_home/image287972detail-63738b62575c7.jpg; https://navigatoren.aok.de/etl/public/images/nursing_home/image287973detail-63738b62587b0.jpg; https://navigatoren.aok.de/etl/public/images/nursing_home/image287974detail-63738b6259560.jpg,False,,Alle Wohn- und Gemeinschaftsflächen sind für die Bewohner und deren Angehörige in der Einrichtung barrierefrei zugänglich.,Karl-Wacker-Heim (),,4.3,15,https://www.ev-heimstiftung.de/stuttgart-karl-wacker-heim/,https://maps.google.com/?cid=770856668788631735&g_mp=Cidnb29nbGUubWFwcy5wbGFjZXMudjEuUGxhY2VzLlNlYXJjaFRleHQQAhgEIAA,ChIJcwJSp5zbmUcRtyjjWw6isgo,4,,Entgeltübersicht als PDF verfügbar. Detaillierte Kosteninformationen über verlinkten Bereich 'Kosten' abrufbar.,,"Stationäre Pflege, Kurzzeitpflege, Tagespflege, Ambulante Pflege, Palliative Care werden im Leistungsbereich der Evangelischen Heimstiftung angeboten.",Palliative Care,"Kultur & Freizeit Angebote, Cafeteria vorhanden","Stuttgart-Botnang, Vaihinger Landstraße 123, 70195 Stuttgart","Evangelische Heimstiftung GmbH - größtes diakonisches Pflegeunternehmen, kirchlich-diakonischer Träger, seit 1952, über 170 Einrichtungen in Baden-Württemberg","Teil der Evangelischen Heimstiftung mit über 170 Einrichtungen. Innovationen: Sozialer Roboter Navel im Einsatz, Institut für Innovation, Pflege und Alter, Nachhaltigkeitsinitiative 'Das Grüne Segel', Start-ups im Einsatz, ALADIEN-Projekt, Quartiersentwicklung. Betreutes Wohnen am Standort verfügbar. Ehrenamtliches Engagement möglich. Freundeskreis und Förderverein vorhanden.","Hausdirektor: Frank Beyrich
Adresse: Vaihinger Landstraße 123, 70195 Stuttgart
Telefon: 0711 699546-0
Fax: 0711 699546-19
E-Mail: karl-wacker-heim@ev-heimstiftung.de

Zentrales Gute-Pflege-Center:
Telefon-Beratung: 0711 95 96 97 97 (Mo-Fr 08:00-17:00 Uhr)
Online-Beratung: www.onlineberatung.ev-heimstiftung.de (jederzeit)

Platz anfragen über Online-Formular möglich"
8535,Generationenzentrum Sonnenberg,Laustr. 15,70597,Stuttgart,48.742536949291,9.1526159771256,4823,0711 767220,,https://leben-und-wohnen.de/standorte/generationenzentrum-sonnenberg,Langzeitpflege,False,"3.489,01 €",3594.8415999999997,2547.675,1178.1666,0,3489.0105999999996,2718.64,1178.1666,0,3489.0105999999996,2718.64,1178.1666,0,3489.0105999999996,2718.64,1178.1666,0,3489.0105999999996,2718.64,1178.1666,0,,,,,Einzugsgespräch in der Pflegeeinrichtung; Friseur,Teeküche ist für die individuelle Nutzung der Bewohner vorhanden,https://navigatoren.aok.de/etl/public/reports/2019/510/51081251470597-68ee69d0be315.pdf,0,,True,Besucher jederzeit willkommen,,Christiane de Greiff (),06.12.2022,4.5,13,https://leben-und-wohnen.de/standorte/generationenzentrum-sonnenberg,https://maps.google.com/?cid=3652834654786286462&g_mp=Cidnb29nbGUubWFwcy5wbGFjZXMudjEuUGxhY2VzLlNlYXJjaFRleHQQAhgEIAA,ChIJl17YTbncmUcRfvPF1cN5sTI,38,,"Die Kosten für einen Pflegeplatz setzen sich aus vier Hauptkomponenten zusammen: Pflegebedingte Aufwendungen, Unterkunft, Verpflegung und Investitionskosten. Jede Einrichtung hat ihre eigenen spezifischen Kostenstrukturen. Preislisten sind als Download verfügbar: Preisliste Hochhaus und Preisliste Terrassenhaus (Stand 01.01.2026). Der Eigenbetrieb leben&wohnen verfolgt keine Gewinnerzielungsabsicht und führt jährlich Verhandlungen mit den zuständigen Kostenträgern, den örtlichen Sozialhilfeträgern und den Pflegekassen.",Einzelzimmer mit eigenem Bad,"Vollstationäre Pflege (166 Pflegeplätze), Kurzzeitpflege (kurzfristig und langfristig belegbar), Tagespflege (18 Tagespflegeplätze), Betreutes Wohnen (30 betreute Seniorenwohnungen)","Betreuungskonzepte für Menschen mit Demenz: Integrative Validation, Biografiearbeit, aktivierende Pflege, Beschäftigungstherapie","Umfangreiches Freizeitangebot mit Konzerten, Ausflügen, Festen, Film- und Theateraufführungen, kreativem Gestalten, Training von Bewegung und Motorik. Friseur, Fußpflege, Ergo- und Physiotherapie im Haus. Café 'Zur schönen Lau' als beliebter Treffpunkt für Geselligkeit und Unterhaltung. Viele Begegnungsorte laden dazu ein, Zeit miteinander zu verbringen.","Mitten im Grünen und direkt am Waldrand mit wunderbarem Blick ins Tal. Freundliches Wohnumfeld. Geschäfte, gute Anbindung mit der Stadtbahn (Linien U5, U6, U8 und U12 bis zur Haltestelle 'Sonnenberg'), Haltestelle sorgen für einen unkomplizierten Alltag. Laustraße 15-17, 70597 Stuttgart-Sonnenberg. Parkmöglichkeiten am Haus vorhanden.","Eigenbetrieb der Landeshauptstadt Stuttgart (100 Prozent städtisch, kommunal)","Generationenzentrum - ein Ort, an dem Jung und Alt zusammenkommen. Breites Spektrum an Wohn- und Pflegeangeboten inklusive Kindergarten. Besonderes Highlight ist das Engagement der vielen ehrenamtlichen Helfer*innen (im Café, bei Besuchen, der Begleitung zu Veranstaltungen oder der Unterstützung in den Wohnbereichen). Lebendige und vielseitige Verbindung zum Stadtteil.","Generationenzentrum Sonnenberg, Laustraße 15-17, 70597 Stuttgart, Telefon: 0711 216-25000, Telefax: 0711 216-25040. Ansprechpartner: Christiane de Greiff (Einrichtungsleitung, Tel: 0711 216-25020), Manh Thang Le (Pflegedienstleitung, Tel: 0711 216-25030), Miriam Schindler (Sozialdienst, Tel: 0711 216-25016), Katja Schürmann (Sozialdienst, Tel: 0711 216-25013), Stefanie Blaich (Hauswirtschaftliche Betriebsleitung, Tel: 0711 216-25017). Unterstützung durch den Sozialdienst bei Kontakten zu Ämtern und Kostenträgern, sozialrechtlichen Angelegenheiten und persönlichen Sorgen."
8533,Emma-Reichle-Heim,Rohrackerstr. 172,70329,Stuttgart,48.758839972552,9.238382988203,4844,0711 402030,erh@altenheimat.de,https://hedelfingen.altenheimat.de/,"Kurzzeitpflege, Langzeitpflege",True,"3.313,07 €",3562.2922000000003,2507.2164000000002,1186.0758,0,3313.0733,2502.35,1186.0758,0,3313.0733,2502.35,1186.0758,0,3313.0733,2502.35,1186.0758,0,3313.0733,2502.35,1186.0758,0,Pflegegrad 1: k.A.; Pflegegrad 2: k.A.; Pflegegrad 3: k.A.; Pflegegrad 4: k.A.; Pflegegrad 5: k.A.,1989,Eigene Haustiere; Einrichtungseigene Aufenthaltsmöglichkeiten im Freien,Telefonanschluss in den Bewohnerzimmern; TV- oder Kabelanschluss in den Bewohnerzimmern; Internetzugang in den Bewohnerzimmern; Möbelmitnahme möglich: Dies ist erwünscht,"Wäscheversorgung (insbesondere Kleidung); Reinigung der Zimmer; Sturzprävention, Gymnastik, kleine Nachtmusik, Kreativgruppe, Spaziergänge, Männerstammtisch...; Familienabende, Integrationsgespräche, Fortbildungen, Feste; Für alle gesetzlich versicherten Bewohnerinnen und Bewohner besteht ein Beratungsangebot zur gesundheitlichen Versorgungsplanung nach § 132g SGB V durch einen weitergebildeten Berater.; Friseur, Fußpflege etc.","Spezielle Kostformen nach Absprache möglich (z. B. vegetarisch, ohne Schweinefleisch); Diätkost (z.B. Diabetiker- oder Reduktionskost); Zwischenmahlzeiten (z.B. Joghurt, Obst) zur freien Verfügung; Getränke (kalt/heiß) zur freien Verfügung; Zubereitung eigener Mahlzeiten möglich; Gemeinschaftliches Mittagessen möglich; Mahlzeiten werden in der Einrichtung zubereitet (nach Absprache); Einnahme von Mahlzeiten auf Wunsch im eigenen Zimmer möglich; Teeküche ist für die individuelle Nutzung der Bewohner vorhanden",https://navigatoren.aok.de/etl/public/reports/2019/510/51081247770329-69423ab535caf.pdf,0,,True,Besucher jederzeit willkommen,Alle Wohn- und Gemeinschaftsflächen sind für die Bewohner und deren Angehörige in der Einrichtung barrierefrei zugänglich.,,,3.8,16,https://hedelfingen.altenheimat.de/,https://maps.google.com/?cid=16991704083232838137&g_mp=Cidnb29nbGUubWFwcy5wbGFjZXMudjEuUGxhY2VzLlNlYXJjaFRleHQQAhgEIAA,ChIJh1KORXrEmUcR-dGledaozus,29,,,Dauer- und Kurzzeitpflege für 75 Bewohner*innen im Einzelzimmer; 21 betreute Wohnungen im Haupthaus; 22 betreute Senioren-Eigentumswohnungen im Nachbargebäude,"Dauerpflege, Kurzzeitpflege, Tagespflege (15 Plätze, Montag bis Freitag), Betreutes Wohnen, Junge Pflege","Demenzwohngruppe mit beschütztem Garten, Tagespflege in stilvoller Jugendstilvilla","Vielseitiges Hausleben mit reichhaltigem Angebot, täglich geöffnetes Café/Restaurant, Friseursalon im Haus, Mahlzeiten mit vielen Wahlmöglichkeiten, therapeutische Leistungen wie Physiotherapie, Logopädie und Ergotherapie","Attraktiv in grüner Hanglage an der Ortsgrenze von Stuttgart-Hedelfingen Richtung Rohracker, umgeben von Obstbaumwiesen und Weinbergen, gut in den Stadtteil vernetzt, Garten mit vielfältigen Sitzecken und Obstbaumwiesen, barrierefreie Balkone auf jeder Etage, schöne Dachterrasse, verschiedene Sitzecken vor dem Haus und im Garten",Stiftung Evangelische Altenheimat (kirchlich/diakonisch),"Eröffnet 1988, modernisiert und erweitert 2012/2013; 2023 erhielt das Haus das IQD-Siegel für vorbildliche stationäre Pflege und Betreuung; familiäres und in die Gemeinde offenes Haus; Tagespflege in stilvoller Jugendstilvilla Leo von Vetter; geräumiges Foyer mit Café/Restaurant; Marktplätze auf den Wohnbereichen als offene Treffpunkte; Kooperation mit der Diakoniestation Stuttgart; gefördert vom Land Baden-Württemberg, Stadt Stuttgart und Deutsche Fernsehlotterie","Einrichtungsleiterin: Alexandra Ahlfänger, Tel.: 0711 40203-40, E-Mail: a.ahlfaenger@altenheimat.de; Allgemein: Tel.: 0711 40203-0, Fax: 0711 40203-60, E-Mail: erh@altenheimat.de; Adresse: Rohrackerstr. 172, 70329 Stuttgart-Hedelfingen; Tagespflege-Leitung vorübergehend: Tel.: 0151 17124273, E-Mail: martin@altenheimat.de"
8505,AWO Seniorenzentrum Pfostenwäldle,Pfostenwäldle 25,70469,Stuttgart,48.812780961064,9.1356919866674,4858,0711 8802690,,http://www.seniorenzentrum-feuerbach.de/,Langzeitpflege,False,"2.863,56 €",3207.5950000000003,2249.8632000000002,1088.7318,0,2863.5573,2088.03,1088.7318,0,2863.5573,2088.03,1088.7318,0,2863.5573,2088.03,1088.7318,0,2863.5573,2088.03,1088.7318,0,,,,,Einzugsgespräch in der Pflegeeinrichtung,Teeküche ist für die individuelle Nutzung der Bewohner vorhanden,https://navigatoren.aok.de/etl/public/reports/2019/510/51081179570469-6936d9bc5a1f5.pdf,3,https://navigatoren.aok.de/etl/public/images/nursing_home/image290682detail-63738b6644813.jpg; https://navigatoren.aok.de/etl/public/images/nursing_home/image290683detail-63738b6645844.jpg; https://navigatoren.aok.de/etl/public/images/nursing_home/image290684detail-63738b664690c.jpg,True,Besucher jederzeit willkommen,,Seniorenzentrum Pfostenwäldle (),,3.6,21,http://www.seniorenzentrum-feuerbach.de/,https://maps.google.com/?cid=17633125991032921251&g_mp=Cidnb29nbGUubWFwcy5wbGFjZXMudjEuUGxhY2VzLlNlYXJjaFRleHQQAhgEIAA,ChIJbSssMFramUcRo5w5H6pytfQ,23,,,,"Betreutes Wohnen, Dauerpflege, Kurzzeitpflege, spezieller Demenzbereich",spezieller Demenzbereich,"Begegnungsstätte mit zahlreichen Angeboten, Therapiekatzen im Seniorenzentrum Pfostenwäldle, Festumzug am Kirbesamstag in Stuttgart Feuerbach, Tag der offenen Tür, Schlagerrevue","Stuttgart Feuerbach, Pfostenwäldle 25, 70469 Stuttgart-Feuerbach. Enge Bindungen zum Gemeinwesen im Feuerbacher Stadtbezirk",AWO Bezirksverband Württemberg e.V.,"Haus mit Geschichte seit 1969, kürzlich umgebaut, architektonisch anspruchsvolles und in jeder Hinsicht modernes Haus, besonders stolz auf engen Bindungen zum Gemeinwesen im Feuerbacher Stadtbezirk und auf den besonders langjährig guten Ruf der Pflege, qualitätsgesicherte Pflege auf der Höhe der Zeit, bauliche Umgebung in der es sich exklusiv wohnen lässt","Susanne Gabski, Einrichtungsleitung, Pfostenwäldle 25, 70469 Stuttgart-Feuerbach, Telefon: 0711 - 880269 0, Fax: 0711 - 880269 619, E-Mail: szfeuerbach@awo-wuerttemberg.de"
8045,Anna-Haag-Mehrgenerationenhaus,Martha-Schmidtmann-Str. 16,70374,Stuttgart,48.810191990947,9.23441494993,5007,0711 952550,n.helmecke@annahaaghaus.de,https://www.annahaaghaus.de/,Langzeitpflege,False,"2.946,19 €",3392.2444000000005,2338.6896000000006,1184.5548,0,2946.1883000000003,2072.51,1184.5548,0,2946.1883000000003,2072.51,1184.5548,0,2946.1883000000003,2072.51,1184.5548,0,2946.1883000000003,2072.51,1184.5548,0,Pflegegrad 1: k.A.; Pflegegrad 2: k.A.; Pflegegrad 3: k.A.; Pflegegrad 4: k.A.; Pflegegrad 5: k.A.,2007,Eigene Haustiere; Einrichtungseigene Aufenthaltsmöglichkeiten im Freien,Internetzugang in den Bewohnerzimmern; Telefonanschluss in den Bewohnerzimmern; TV- oder Kabelanschluss in den Bewohnerzimmern; Möbelmitnahme möglich,"Fahr- und Begleitdienste; Einzugsgespräch in der Pflegeeinrichtung; Bewegungsangebote, Intergenerative Angebote, gemeinsames Backen, Bingo, Gedächtnistraining; Angehörigenabend, Angehörigen Stammtisch, Bewohnerausflüge, Feste laufend im Jahr ( Weihnachtsfeier, Sommerfest, etc.); Fußpflege, Friseur, Physiotherapie, Ergotherapie","Diätkost (z.B. Diabetiker- oder Reduktionskost); Zubereitung eigener Mahlzeiten möglich; Mahlzeiten werden in der Einrichtung zubereitet (nach Absprache): Eigene Großküche im Haus, täglich frisch zubereitet; Spezielle Kostformen nach Absprache möglich (z. B. vegetarisch, ohne Schweinefleisch); Zwischenmahlzeiten (z.B. Joghurt, Obst) zur freien Verfügung; Getränke (kalt/heiß) zur freien Verfügung; Einnahme von Mahlzeiten auf Wunsch im eigenen Zimmer möglich; Gemeinschaftliches Mittagessen möglich; Teeküche ist für die individuelle Nutzung der Bewohner vorhanden",https://navigatoren.aok.de/etl/public/reports/2019/500/50081494770374-68ee69bed5d44.pdf,5,https://navigatoren.aok.de/etl/public/images/nursing_home/image292171detail-63738b687b6b7.jpg; https://navigatoren.aok.de/etl/public/images/nursing_home/image292172detail-63738b687c38e.jpg; https://navigatoren.aok.de/etl/public/images/nursing_home/image292173detail-63738b687cebb.jpg; https://navigatoren.aok.de/etl/public/images/nursing_home/image292174detail-63738b687d9cb.jpg; https://navigatoren.aok.de/etl/public/images/nursing_home/image292175detail-63738b687e77a.jpg,True,Besucher jederzeit willkommen,Alle Wohn- und Gemeinschaftsflächen sind für die Bewohner und deren Angehörige in der Einrichtung barrierefrei zugänglich.,Nicole Helmecke (),25.10.2023,3.8,17,https://www.annahaaghaus.de/,https://maps.google.com/?cid=6186971016368255288&g_mp=Cidnb29nbGUubWFwcy5wbGFjZXMudjEuUGxhY2VzLlNlYXJjaFRleHQQAhgEIAA,ChIJaUgaCQ3FmUcROHFEAlyJ3FU,31,,"Es gibt eine eigene Seite 'Kosten' im Menü verlinkt, aber konkrete Preise sind auf der Hauptseite nicht angegeben.","Kleine, überschaubare Wohngruppen schaffen eine familiäre Atmosphäre. Die Wohnbereiche wurden so konzipiert, dass auch die Bewohner*innen mit eingeschränkter Mobilität am Gemeinschaftsgeschehen teilnehmen können.","Dauerpflege (Langzeitpflege), Kurzzeitpflege, Pflege zu Hause (durch Anna Haag Mobil), Betreutes Wohnen, Servicewohnen im Quartier (moderne Form des betreuten Wohnens mit enger Anbindung an das Mehrgenerationenhaus)","Intergeneratives Konzept mit Begegnungen zwischen Jung und Alt, Inklusion, Quartierskonzepte. Wohnbereiche für Bewohner*innen mit eingeschränkter Mobilität konzipiert.","Vielfältige Begegnungen zwischen Jung und Alt, intergenerative Aktivitäten und Projekte, Teilnahme am Gemeinschaftsgeschehen","Stuttgart, ältestes Mehrgenerationenhaus Deutschlands. Kindervilla Anna Haag liegt wenige Gehminuten entfernt auf einem parkähnlichen Gelände.","Anna Haag Mehrgenerationenhaus e.V. (gemeinnütziger Verein), seit mehr als 70 Jahren Träger und Betreiber. Tochtergesellschaften: Anna Haag Mobil (Pflege und Service), TANDiEM (Inklusionsunternehmen), Anna Haag Stiftung","Deutschlands ältestes Mehrgenerationenhaus, weit über Stuttgart hinaus bekannt. Einzigartiges intergeneratives Konzept: Unter einem Dach befinden sich Bildungsstätte, Seniorenzentrum (84 Plätze) und Kindertagesstätte. Begegnungen zwischen Jung und Alt als besonderes Profil. Familiäre Atmosphäre durch kleine Wohngruppen. Inklusion als konzeptioneller Schwerpunkt. Intergeneratives Sozialunternehmen mit mehreren Tochtergesellschaften.",Kontaktseiten sind verlinkt unter 'Kontakt' und 'Ansprechpartner'. Social Media: Facebook und Instagram (@annahaaghaus). Konkrete Kontaktdaten sind auf separaten Seiten zu finden.
8430,Lothar-Christmann-Haus,Hoffeldstr. 215,70597,Stuttgart,48.733992975533,9.183344917544,5272,0711 720660,,http://www.pasodi.de/,"Kurzzeitpflege, Langzeitpflege",True,"3.134,31 €",3420.5350000000003,2386.7532000000006,1164.7818,0,3134.3083,2317.09,1164.7818,0,3134.3083,2317.09,1164.7818,0,3134.3083,2317.09,1164.7818,0,3134.3083,2317.09,1164.7818,0,,,,,,Teeküche ist für die individuelle Nutzung der Bewohner vorhanden,https://navigatoren.aok.de/etl/public/reports/2019/510/51081052370597-6936dd0e5fd4c.pdf,3,https://navigatoren.aok.de/etl/public/images/nursing_home/image285262detail-63738b5e3d792.jpg; https://navigatoren.aok.de/etl/public/images/nursing_home/image285263detail-63738b5e3e452.jpg; https://navigatoren.aok.de/etl/public/images/nursing_home/image285264detail-63738b5e3ef3a.jpg,True,Besucher jederzeit willkommen,,Lothar- Christmann- Haus -- Paritätische Sozialdienste gGmbH (),,3.8,18,http://www.pasodi.de/,https://maps.google.com/?cid=1969475642382698298&g_mp=Cidnb29nbGUubWFwcy5wbGFjZXMudjEuUGxhY2VzLlNlYXJjaFRleHQQAhgEIAA,ChIJ9z1uODjDmUcROkcBeqn7VBs,27,,,,Wir betreuen Menschen jeden Alters mit Leib und Seele.,,,In einem rund 100-Kilometer-Radius um Stuttgart arbeiten wir an insgesamt zwölf Standorten,"PARITÄTISCHE Sozialdienste gGmbH ist eine gemeinnützige Tochtergesellschaft des PARITÄTISCHEN Wohlfahrtsverband Landesverband Baden-Württemberg e. V. Die paritätischen Gedanken der Offenheit, Toleranz und Vielfalt sind unser prägendes Leitmotiv. Wir sind eine Wertegemeinschaft, getragen von den Werten der Gleichstellung und Gleichwertigkeit aller Menschen.","Vielfalt bei PASODI: Wie können wir in einer Welt, die Vielfalt oft nur als Schlagwort verwendet, echte Inklusivität und Respekt für jede einzelne Person sicherstellen? Nachhaltigkeit bei PASODI: Wir übernehmen Verantwortung für unsere Mitarbeitenden, Seniorinnen und Senioren sowie unsere Kindergartenkinder. Nachhaltigkeit bedeutet für uns, ökonomische, ökologische und soziale Ziele gleichrangig und gleichzeitig anzustreben.",Kontaktseite verfügbar unter: https://pasodi.de/kontakt-mit-uns-aufnehmen/
8574,Else-Heydlauf-Stiftung,Mönchsbergstr. 111,70435,Stuttgart,48.829285962481,9.1862799830719,5334,0711 870060,else-heydlauf-stiftung@wohlfahrtswerk.de,http://www.wohlfahrtswerk.de/einrichtungen/else_heydlauf_stiftung,"Kurzzeitpflege, Langzeitpflege",True,"3.406,45 €",3619.7860000000005,2576.574,1174.2120000000002,0,3406.4479999999994,2626.16,1174.2120000000002,0,3406.4479999999994,2626.16,1174.2120000000002,0,3406.4479999999994,2626.16,1174.2120000000002,0,3406.4479999999994,2626.16,1174.2120000000002,0,"Pflegegrad 1: 1 Vollzeitstelle: 4,4 Pflegebedürftige; Pflegegrad 2: 1 Vollzeitstelle: 3,4 Pflegebedürftige; Pflegegrad 3: 1 Vollzeitstelle: 2,4 Pflegebedürftige; Pflegegrad 4: 1 Vollzeitstelle: 1,9 Pflegebedürftige; Pflegegrad 5: 1 Vollzeitstelle: 1,7 Pflegebedürftige",1985,Einrichtungseigene Aufenthaltsmöglichkeiten im Freien; Eigene Haustiere erlaubt: wenn die Versorgung sichergestellt ist.,Telefonanschluss in den Bewohnerzimmern; TV- oder Kabelanschluss in den Bewohnerzimmern; Internetzugang in den Bewohnerzimmern; Möbelmitnahme möglich,"Wäscheversorgung (insbesondere Kleidung); Reinigung der Zimmer; Einzugsgespräch in der Pflegeeinrichtung; Beratungen, Fortbildungen, Wohncafé, Feste und Veranstaltungen, Angehörigenbetreuung durch den Sozialdienst; Für alle gesetzlich versicherten Bewohnerinnen und Bewohner besteht ein Beratungsangebot zur gesundheitlichen Versorgungsplanung nach § 132g SGB V durch einen weitergebildeten Berater.; nach Vereinbarung möglich.","Mahlzeiten werden in der Einrichtung zubereitet (nach Absprache); Spezielle Kostformen nach Absprache möglich (z. B. vegetarisch, ohne Schweinefleisch); Diätkost (z.B. Diabetiker- oder Reduktionskost); Zwischenmahlzeiten (z.B. Joghurt, Obst) zur freien Verfügung; Getränke (kalt/heiß) zur freien Verfügung; Einnahme von Mahlzeiten auf Wunsch im eigenen Zimmer möglich; Zubereitung eigener Mahlzeiten möglich; Gemeinschaftliches Mittagessen möglich; Teeküche ist für die individuelle Nutzung der Bewohner vorhanden",https://navigatoren.aok.de/etl/public/reports/2019/510/51081344570435-694ce1ea01620.pdf,0,,True,Besucher jederzeit willkommen,Alle Wohn- und Gemeinschaftsflächen sind für die Bewohner und deren Angehörige in der Einrichtung barrierefrei zugänglich.,Else-Heydlauf-Stiftung  (),,3.5,13,http://www.wohlfahrtswerk.de/einrichtungen/else_heydlauf_stiftung,https://maps.google.com/?cid=11019325923909900271&g_mp=Cidnb29nbGUubWFwcy5wbGFjZXMudjEuUGxhY2VzLlNlYXJjaFRleHQQAhgEIAA,ChIJVdoMgqXamUcR7xfnfouC7Jg,7,,"Eine Preisliste ist verfügbar (Link zur Preisliste vorhanden, aber keine konkreten Preise auf der Hauptseite genannt)",,"Pflegeheim (stationäre Pflege), Betreutes Wohnen, Tagespflege, Kurzzeitpflege, Junge Pflege, Wohngruppe für Menschen mit Demenz (Domus), Ambulanter Pflegedienst, Pflege und Betreuung zu Hause","Junge Pflege, Demenzpflege (spezielle Wohngruppe Domus), Mobile Geriatrische Rehabilitation in der Kurzzeitpflege (MosaiK-Projekt)","Therapeutische Robbe PARO, MemoreBox (virtuelles Training für Körper und Geist), Rikscha-Fahrten, Nähgruppe, Fellnasenbesuch (Tiere), Freundes- und Förderkreis organisiert Projekte und Aktivitäten","Am Rand des Stuttgarter Stadtteils Zuffenhausen gelegen, ruhige Wohnlage, gute Anbindung mit öffentlichen Verkehrsmitteln zur Innenstadt von Zuffenhausen und zur Stadtmitte von Stuttgart",Wohlfahrtswerk für Baden-Württemberg,"Offene Bauweise mit Holz, Glas und Klinker, lichtdurchflutete Räume, warme Atmosphäre. Ausbildungszentrum für Pflegekräfte vorhanden. Beteiligung an innovativen Projekten (MosaiK, InPortant, Rikscha, MemoreBox, PARO). IQD Qualitätssiegel für Tagespflege. Freundes- und Förderkreis mit über 100 Mitgliedern. MDK-Berichte und Qualitätsinformationen verfügbar für stationäre Pflege, Demenzpflege, Junge Pflege, Tagespflege und ambulanten Pflegedienst","Telefon: 0711 870 06-0, Adresse: Else-Heydlauf-Stiftung, Stuttgart-Zuffenhausen. Ansprechpartner: Wahid Sarwar (Bereichsleiter), Christine Denneler (Leitung Sozialdienst), Francine Hoffmann (Pflegedienstleitung). Wohnanfrage-Formular online verfügbar. Hauptverwaltung Wohlfahrtswerk: Schloßstraße 80, 70176 Stuttgart, Telefon: 0711 61926-0, E-Mail: info@wohlfahrtswerk.de"
9917,Else-Heydlauf-Stiftung Demenz Domus-Wohngruppe,Mönchsbergstr. 111,70435,Stuttgart,48.829285962481,9.1862799830719,5334,0711 61926321,,http://www.wohlfahrtswerk.de/einrichtungen/else_heydlauf_stiftung,"Kurzzeitpflege, Langzeitpflege",True,"3.795,87 €",3776.1448,2772.4788000000003,1134.666,0,3795.8714999999997,3130.83,1134.666,0,3795.8714999999997,3130.83,1134.666,0,3795.8714999999997,3130.83,1134.666,0,3795.8714999999997,3130.83,1134.666,0,,,,,,Teeküche ist für die individuelle Nutzung der Bewohner vorhanden,https://navigatoren.aok.de/etl/public/reports/2019/512/51281087870435-691609840df66.pdf,0,,False,,,,,3.5,13,http://www.wohlfahrtswerk.de/einrichtungen/else_heydlauf_stiftung,https://maps.google.com/?cid=11019325923909900271&g_mp=Cidnb29nbGUubWFwcy5wbGFjZXMudjEuUGxhY2VzLlNlYXJjaFRleHQQAhgEIAA,ChIJVdoMgqXamUcR7xfnfouC7Jg,7,,,,,,,,,,
8074,Else-Heydlauf-Stiftung Junge Pflege,Mönchsbergstr. 111,70435,Stuttgart,48.829285962481,9.1862799830719,5334,0711 61926321,,http://www.wohlfahrtswerk.de/einrichtungen/else_heydlauf_stiftung,"Kurzzeitpflege, Langzeitpflege",True,"4.214,49 €",3975.0916000000007,2940.3972000000003,1165.6944,0,4214.4914,3586.82,1165.6944,0,4214.4914,3586.82,1165.6944,0,4214.4914,3586.82,1165.6944,0,4214.4914,3586.82,1165.6944,0,,,,,,Teeküche ist für die individuelle Nutzung der Bewohner vorhanden,https://navigatoren.aok.de/etl/public/reports/2019/502/50281055070435-694ce157f1ee5.pdf,0,,False,,,,,3.5,13,http://www.wohlfahrtswerk.de/einrichtungen/else_heydlauf_stiftung,https://maps.google.com/?cid=11019325923909900271&g_mp=Cidnb29nbGUubWFwcy5wbGFjZXMudjEuUGxhY2VzLlNlYXJjaFRleHQQAhgEIAA,ChIJVdoMgqXamUcR7xfnfouC7Jg,7,,,,,,,,,,
8629,"ASB Senioren-Residenz ""Sillenbucher Markt""",Kirchheimer Str. 130,70619,Stuttgart,48.740255965273,9.2197879516533,5354,0711 4762011,sillenbuch@asb-stuttgart.de,http://www.asb-in-stuttgart.de/index.php?id=65,"Kurzzeitpflege, Langzeitpflege",True,"3.026,02 €",3312.2398000000007,2314.3536000000004,1128.8862000000001,0,3026.0182,2231.92,1128.8862000000001,0,3026.0182,2231.92,1128.8862000000001,0,3026.0182,2231.92,1128.8862000000001,0,3026.0182,2231.92,1128.8862000000001,0,"Pflegegrad 1: 1 Vollzeitstelle: 4,5 Pflegebedürftige; Pflegegrad 2: 1 Vollzeitstelle: 3,5 Pflegebedürftige; Pflegegrad 3: 1 Vollzeitstelle: 2,5 Pflegebedürftige; Pflegegrad 4: 1 Vollzeitstelle: 1,9 Pflegebedürftige; Pflegegrad 5: 1 Vollzeitstelle: 1,7 Pflegebedürftige",1992,Einrichtungseigene Aufenthaltsmöglichkeiten im Freien; Eigene Haustiere erlaubt: nach Rücksprache,TV- oder Kabelanschluss in den Bewohnerzimmern; Internetzugang in den Bewohnerzimmern: W-Lan; Möbelmitnahme möglich; Telefonanschluss in den Bewohnerzimmern,"Wäscheversorgung (insbesondere Kleidung); Gymnastik, Gedächtnistraining, Spaziergänge, Kochen, Backen usw.; Angehörigenabende, Teilnahme an Feiern; Friseur, Fußpflege, Wäschekennzeichnung, Begleitdienste","Zwischenmahlzeiten (z.B. Joghurt, Obst) zur freien Verfügung; Teeküche ist für die individuelle Nutzung der Bewohner vorhanden; Mahlzeiten werden in der Einrichtung zubereitet (nach Absprache): Mittagessen über Caterer im Cook&Chill-Verfahren.; Spezielle Kostformen nach Absprache möglich (z. B. vegetarisch, ohne Schweinefleisch); Diätkost (z.B. Diabetiker- oder Reduktionskost); Getränke (kalt/heiß) zur freien Verfügung; Einnahme von Mahlzeiten auf Wunsch im eigenen Zimmer möglich; Zubereitung eigener Mahlzeiten möglich; Gemeinschaftliches Mittagessen möglich",https://navigatoren.aok.de/etl/public/reports/2019/510/51081529870619-6925afe052723.pdf,0,,True,Besucher jederzeit willkommen,Alle Wohn- und Gemeinschaftsflächen sind für die Bewohner und deren Angehörige in der Einrichtung barrierefrei zugänglich.,,,4.8,4,http://www.asb-in-stuttgart.de/index.php?id=65,https://maps.google.com/?cid=18155807125818936614&g_mp=Cidnb29nbGUubWFwcy5wbGFjZXMudjEuUGxhY2VzLlNlYXJjaFRleHQQAhgEIAA,ChIJKaAQTHbDmUcRJo3xKGNi9vs,23,,,,"Pflegeheime, Betreutes Wohnen, Ambulanter Pflegedienst / Häusliche Krankenpflege",,,Region Stuttgart - Der ASB betreibt in der Region Stuttgart mehr als zehn Pflegeheime mit insgesamt über 700 Betreuungsplätzen,Arbeiter-Samariter-Bund Baden-Württemberg e.V. Region Stuttgart - einer der großen Hilfs- und Wohlfahrtsorganisationen,"Hausnotruf 2018 von der Stiftung Warentest ausgezeichnet. Vollständige Abdeckung aller sozialen Dienstleistungen. Mehr als zehn Pflegeheime mit insgesamt über 700 Betreuungsplätzen. Grundsatz: 'Wir helfen allen Menschen ohne Ansehen ihrer politischen, ethnischen, sozialen, nationalen oder religiösen Zugehörigkeit. Dabei steht der Respekt vor dem Menschen sowie die Selbstbestimmung jedes Einzelnen im Mittelpunkt unseres Handelns.'","Arbeiter-Samariter-Bund Baden-Württemberg e.V. Region Stuttgart, Mauserstraße 20, 70469 Stuttgart, T: (0711) 95484848, info@asb-stuttgart.de"
8508,Pflegezentrum Stuttgart-Münster,Schussengasse 1-5,70376,Stuttgart,48.82006395561,9.2257579753685,5369,0711 59610,Pflegestift.Muenster@udfm.de,https://dienste-fuer-menschen.de/pflege/stuttgart-muenster/pflegestift-stuttgart-muenster.html,"Kurzzeitpflege, Langzeitpflege",True,"3.459,76 €",3590.2786000000006,2536.4196000000006,1184.8590000000002,0,3459.7565,2676.35,1184.8590000000002,0,3459.7565,2676.35,1184.8590000000002,0,3459.7565,2676.35,1184.8590000000002,0,3459.7565,2676.35,1184.8590000000002,0,"Pflegegrad 1: 1 Vollzeitstelle: 4,5 Pflegebedürftige; Pflegegrad 2: 1 Vollzeitstelle: 4,3 Pflegebedürftige; Pflegegrad 3: 1 Vollzeitstelle: 2,9 Pflegebedürftige; Pflegegrad 4: 1 Vollzeitstelle: 2,1 Pflegebedürftige; Pflegegrad 5: 1 Vollzeitstelle: 1,9 Pflegebedürftige",,Einrichtungseigene Aufenthaltsmöglichkeiten im Freien; Eigene Haustiere erlaubt: Gerne - aber bitte mit Rücksprache; Hallenbad,"Telefonanschluss in den Bewohnerzimmern; TV- oder Kabelanschluss in den Bewohnerzimmern; Internetzugang in den Bewohnerzimmern: Wir haben ein Gäste WLAN und leiten die Nutzung von Skype an.; Möbelmitnahme möglich: Die Grundausstattung mit Pflegebett, Schrank, Nachttisch für einen sofortigen Einzug ist vorhanden.","Wäscheversorgung (insbesondere Kleidung); Wir haben Fachleute für Hausreinigung, Haustechnik und die Betreuungsteams vor Ort.; Wir arbeiten nach einer Fünf-Sinne-Konzeption, insbesondere für Menschen mit Demenz.; Angehörige und Ehrenamt sind herzlich willkommen und ermöglichen Abendsingen, Stricken oder Skat spielen - ganz nach Erfahrung und Möglichkeit. Wir unterstützen die Organisation.; Für alle gesetzlich versicherten Bewohnerinnen und Bewohner besteht ein Beratungsangebot zur gesundheitlichen Versorgungsplanung nach § 132g SGB V durch einen weitergebildeten Berater.; Wir vermitteln gerne Friseur und Fußpflege, beide Angebote finden sich in einem eigenen Salon in unserem Zentrum.","Mahlzeiten werden in der Einrichtung zubereitet (nach Absprache): Wir kochen täglich in unserer eigenen Küche frisch!; Zubereitung eigener Mahlzeiten möglich; Teeküche ist für die individuelle Nutzung der Bewohner vorhanden; Spezielle Kostformen nach Absprache möglich (z. B. vegetarisch, ohne Schweinefleisch); Diätkost (z.B. Diabetiker- oder Reduktionskost); Zwischenmahlzeiten (z.B. Joghurt, Obst) zur freien Verfügung; Getränke (kalt/heiß) zur freien Verfügung; Einnahme von Mahlzeiten auf Wunsch im eigenen Zimmer möglich; Gemeinschaftliches Mittagessen möglich",https://navigatoren.aok.de/etl/public/reports/2019/510/51081185370376-694dfd4c2a367.pdf,1,https://navigatoren.aok.de/etl/public/images/nursing_home/image292531detail-63738b68e0706.jpg,True,Besucher jederzeit willkommen,Alle Wohn- und Gemeinschaftsflächen sind für die Bewohner und deren Angehörige in der Einrichtung barrierefrei zugänglich.,,,3.6,37,https://dienste-fuer-menschen.de/pflege/stuttgart-muenster/pflegestift-stuttgart-muenster.html,https://maps.google.com/?cid=361929789911139162&g_mp=Cidnb29nbGUubWFwcy5wbGFjZXMudjEuUGxhY2VzLlNlYXJjaFRleHQQAhgEIAA,ChIJOSnZCWnFmUcRWgNJ8TnVBQU,37,,,75 Einzelzimmer,"Pflege bei allen Pflegegraden, Kurzzeitpflege, Demenzbereich für Bewohner mit speziellem Betreuungsbedarf, Palliative-Care Begleitung im letzten Lebensabschnitt","Demenzbereich für Bewohner mit speziellem Betreuungsbedarf, Palliative-Care Begleitung im letzten Lebensabschnitt","Betreuungsangebote, Begegnungsstätte PLUS, Café, Bewegungsbad",Das Pflegezentrum liegt im Zentrum des Stuttgarter Stadtteils Münster. Terrasse über dem Neckar. Mit öffentlichen Verkehrsmitteln erreichbar mit der Stadtbahn Linie 14 Haltestelle Rathaus und einem kurzem Fußweg. Vernetzung im Stadtteil.,Dienste für Menschen (diakonischer Träger),Generalsanierte Pflegebereiche mit anregendem Farbkonzept. Zimmer können mit persönlichen Lieblingsstücken ergänzt werden. Frisörsalon und Fußpflege im Haus. Bewegungsbad. Ausgezeichnete Mitarbeitende (Goldenes Kreuz 2021). Familiäre Geborgenheit mit hoch qualifizierter Versorgung. Im Zentrum steht der Mensch mit seinen Bedürfnissen.,"Pflegedienstleitung: Irina Bangert, Telefon: 0711 90 79 74-0, E-Mail: Pflegestift.Muenster@udfm.de, Adresse: Schussengasse 3, 70376 Stuttgart"
8478,Haus Adam-Müller-Guttenbrunn,Auricher Str. 36-38a,70437,Stuttgart,48.8295159439,9.1883269741098,5371,0711 849070,haus-amg@caritas-stuttgart.de,https://www.caritas-stuttgart.de/amg,"Kurzzeitpflege, Langzeitpflege",True,"3.527,57 €",3707.6998000000003,2599.9974,1238.7024000000001,0,3527.5654,2692.78,1238.7024000000001,0,3527.5654,2692.78,1238.7024000000001,0,3527.5654,2692.78,1238.7024000000001,0,3527.5654,2692.78,1238.7024000000001,0,"Pflegegrad 1: 1 Vollzeitstelle: 4,5 Pflegebedürftige; Pflegegrad 2: 1 Vollzeitstelle: 3,5 Pflegebedürftige; Pflegegrad 3: 1 Vollzeitstelle: 2,6 Pflegebedürftige; Pflegegrad 4: 1 Vollzeitstelle: 2,0 Pflegebedürftige; Pflegegrad 5: 1 Vollzeitstelle: 1,8 Pflegebedürftige",1977,Einrichtungseigene Aufenthaltsmöglichkeiten im Freien: sehr schöner Garten; Eigene Haustiere erlaubt: nach vorheriger Absprache,Internetzugang in den Bewohnerzimmern: kann auf eigene Kosten ermöglicht werden; Telefonanschluss in den Bewohnerzimmern: Freischaltung gegen Gebühr; TV- oder Kabelanschluss in den Bewohnerzimmern; Möbelmitnahme möglich,"Wäscheversorgung (insbesondere Kleidung); Reinigung der Zimmer; Einzugsgespräch in der Pflegeeinrichtung; Bastelangebote, Singen, Spielkreise, Gedächtnistraining, Gymnastik,  Sturzprophylaxe, Tanzen,; die Integration der Angehörigen in die Abläufe ist uns wichtig; Für alle gesetzlich versicherten Bewohnerinnen und Bewohner besteht ein Beratungsangebot zur gesundheitlichen Versorgungsplanung nach § 132g SGB V durch einen weitergebildeten Berater.","Einnahme von Mahlzeiten auf Wunsch im eigenen Zimmer möglich; Zubereitung eigener Mahlzeiten möglich; Teeküche ist für die individuelle Nutzung der Bewohner vorhanden; Mahlzeiten werden in der Einrichtung zubereitet (nach Absprache): Schöpfsystem; täglich 2 Menüs zur Auswahl. Täglich ein vegetarisches Menü; Spezielle Kostformen nach Absprache möglich (z. B. vegetarisch, ohne Schweinefleisch); Diätkost (z.B. Diabetiker- oder Reduktionskost); Zwischenmahlzeiten (z.B. Joghurt, Obst) zur freien Verfügung; Getränke (kalt/heiß) zur freien Verfügung; Gemeinschaftliches Mittagessen möglich",https://navigatoren.aok.de/etl/public/reports/2019/510/51081139670437-69799b07cb8dd.pdf,10,https://navigatoren.aok.de/etl/public/images/nursing_home/phpffpd8k-63f389c03626b.jpg; https://navigatoren.aok.de/etl/public/images/nursing_home/phplwp5st-63f389d9998fd.jpg; https://navigatoren.aok.de/etl/public/images/nursing_home/phpowmmgb-63f389e4e4d46.jpg; https://navigatoren.aok.de/etl/public/images/nursing_home/phpreq1qw-63f389d0b8c9f.jpg; https://navigatoren.aok.de/etl/public/images/nursing_home/php8z95fw-63f389f0e015d.jpg,True,Besucher jederzeit willkommen,Alle Wohn- und Gemeinschaftsflächen sind für die Bewohner und deren Angehörige in der Einrichtung barrierefrei zugänglich.,Beratung und Aufnahme (),20.02.2023,4.3,19,https://www.caritas-stuttgart.de/amg,https://maps.google.com/?cid=6610558064692968096&g_mp=Cidnb29nbGUubWFwcy5wbGFjZXMudjEuUGxhY2VzLlNlYXJjaFRleHQQAhgEIAA,ChIJSVldc6_amUcRoDoeHYlrvVs,66,"78 Pflegeplätze zur Verfügung, von denen einige für die Kurzzeitpflege vorbehalten sind",,,"Langzeitpflege, Kurzzeitpflege, Erlebensorientierte Betreuung und Pflege (Mäeutik), Bewegungsförderung, Kinaesthetics, Ergotherapie, Palliative Kultur und Sterbebegleitung","Mäeutischer Pflegeprozess nach Cora van der Kooij (Erlebensorientierte Betreuung und Pflege), Bewegungsförderung mit Kinaesthetics und Sporttherapie, Palliative Kultur und individuelle Sterbebegleitung","Bewegungsförderung, Kinaesthetics, Sporttherapie, Ergotherapie, Katholische und evangelische Gottesdienste, Öffentliches Café am Nachmittag, Offener Mittagstisch","Im lebendigen Stadtteil Stuttgart-Rot gelegen, verschiedene Einkaufsmöglichkeiten in unmittelbarer Nähe, gute Anbindung an den öffentlichen Nahverkehr","Caritasverband für Stuttgart e.V. (kirchlich, katholisch)","Mäeutischer Pflegeprozess - Mensch steht mit seinem Erleben, seinen Gefühlen und Bedürfnissen im Mittelpunkt. Alle Mitarbeiter sind/werden in Kinaesthetics geschult. Hauseigene Küche mit zwei Menüs zur Auswahl täglich. Öffentliches Café für Besucher und Nachbarschaft. 24 betreute Seniorenwohnungen im Rahmen des Betreuten Wohnens am Haus angegliedert. Öffentliche Hausführungen jeden 4. Freitag im Monat von 15 bis 16 Uhr.",E-Mail: haus-amg@caritas-stuttgart.de. Weitere Informationen über Team Beratung und Aufnahme verfügbar.
8476,Paul-Collmer-Haus,Bertramstr. 23-25,70327,Stuttgart,48.791109979517,9.2560389259547,5542,0711 3059 0,paul-collmer-haus@ev-heimstiftung.de,https://www.ev-heimstiftung.de/stuttgart-paul-collmer-haus/,"Kurzzeitpflege, Langzeitpflege",True,"3.027,23 €",3207.2908000000007,2223.702,1114.5888,0,3027.2333,2250.17,1114.5888,0,3027.2333,2250.17,1114.5888,0,3027.2333,2250.17,1114.5888,0,3027.2333,2250.17,1114.5888,0,"Pflegegrad 1: 1 Vollzeitstelle: 4,4 Pflegebedürftige; Pflegegrad 2: 1 Vollzeitstelle: 3,4 Pflegebedürftige; Pflegegrad 3: 1 Vollzeitstelle: 2,4 Pflegebedürftige; Pflegegrad 4: 1 Vollzeitstelle: 1,9 Pflegebedürftige; Pflegegrad 5: 1 Vollzeitstelle: 1,7 Pflegebedürftige",1988,Einrichtungseigene Aufenthaltsmöglichkeiten im Freien: großes Gartengelände mit vielen Sitzmöglichkeiten.; Eigene Haustiere erlaubt: Einzelfallentscheidung der Hausdirektion.,Internetzugang in den Bewohnerzimmern: Durch eigenen Anbieter.; Telefonanschluss in den Bewohnerzimmern: Durch kundeneigenen Telefonanbieter.; TV- oder Kabelanschluss in den Bewohnerzimmern; Möbelmitnahme möglich,"Wäscheversorgung (insbesondere Kleidung); Reinigung der Zimmer; Hausmeisterservice; Soziale Betreuung; Fremdvergabe an die eigene Tochterfirma HDG.; Friseur; Tagesstrukturierende Gruppe und Angebote lt. Wochenplan.; Möglichkeiten und Aktivitäten zur Einbeziehung der Angehörigen, z. B. Möglichkeit der Teilnahme an Mahlzeiten, Möglichkeiten der Einbindung in Aktivitäten, Angehörigenabend etc.; Friseur, Fußpflege","Spezielle Kostformen nach Absprache möglich (z. B. vegetarisch, ohne Schweinefleisch); Zwischenmahlzeiten (z.B. Joghurt, Obst) zur freien Verfügung; Getränke (kalt/heiß) zur freien Verfügung; Einnahme von Mahlzeiten auf Wunsch im eigenen Zimmer möglich; Gemeinschaftliches Mittagessen möglich; Mahlzeiten werden in der Einrichtung zubereitet (nach Absprache): Mittagessen wird regeneriert, andere Mahlzeiten in der Einrichtung zubereitet.; Diätkost (z.B. Diabetiker- oder Reduktionskost); Zubereitung eigener Mahlzeiten möglich; Teeküche ist für die individuelle Nutzung der Bewohner vorhanden",https://navigatoren.aok.de/etl/public/reports/2019/510/51081133070327-694f4d87cbefb.pdf,2,https://navigatoren.aok.de/etl/public/images/nursing_home/phpmyotwd-688b801c1a9e3.jpg; https://navigatoren.aok.de/etl/public/images/nursing_home/phplxzzdm-688b80242b0fd.jpg,True,Besucher jederzeit willkommen,Alle Wohn- und Gemeinschaftsflächen sind für die Bewohner und deren Angehörige in der Einrichtung barrierefrei zugänglich.,Tilman Weißenborn (),11.11.2025,4.6,5,https://www.ev-heimstiftung.de/stuttgart-paul-collmer-haus/,https://maps.google.com/?cid=18129983595595506151&g_mp=Cidnb29nbGUubWFwcy5wbGFjZXMudjEuUGxhY2VzLlNlYXJjaFRleHQQAhgEIAA,ChIJy4DHNrPFmUcR5yEh_wWkmvs,33,,,,,,,,,,
32683,Samariterstift Zuffenhausen,Markgröninger Str. 39,70435,Stuttgart,48.833181961834,9.1710089825679,5812,07022 505200,,https://www.samariterstiftung.de/standorte/altenpflege/stuttgart/samariterstift-zuffenhausen.html,"Kurzzeitpflege, Langzeitpflege",True,"3.359,08 €",3538.2604,2474.6670000000004,1194.5934000000002,0,3359.0843999999997,2546.46,1194.5934000000002,0,3359.0843999999997,2546.46,1194.5934000000002,0,3359.0843999999997,2546.46,1194.5934000000002,0,3359.0843999999997,2546.46,1194.5934000000002,0,,,,,,Teeküche ist für die individuelle Nutzung der Bewohner vorhanden,https://navigatoren.aok.de/etl/public/reports/2019/510/51081051270435-6373a538dacd0.pdf,0,,False,,,,,4.6,10,https://www.samariterstiftung.de/standorte/altenpflege/stuttgart/samariterstift-zuffenhausen.html,https://maps.google.com/?cid=13278405958922598947&g_mp=Cidnb29nbGUubWFwcy5wbGFjZXMudjEuUGxhY2VzLlNlYXJjaFRleHQQAhgEIAA,ChIJLQzEzJ7amUcRI_oCHd5fRrg,9,,,,,,,,,,
8534,Altenwohnanlage am Lindenbachsee,Goslarer Str. 79-81,70499,Stuttgart,48.81614096854,9.1223139161301,5825,0711 9898010,,https://www.hauslindenbachsee.de/,Langzeitpflege,False,"3.268,30 €",3634.996,2554.3674,1211.6286,0,3268.2971000000002,2419.61,1211.6286,0,3268.2971000000002,2419.61,1211.6286,0,3268.2971000000002,2419.61,1211.6286,0,3268.2971000000002,2419.61,1211.6286,0,,,,,,Teeküche ist für die individuelle Nutzung der Bewohner vorhanden,https://navigatoren.aok.de/etl/public/reports/2019/510/51081249970499-6968565937b89.pdf,0,,True,Besucher jederzeit willkommen,,,,4.4,227,https://www.hauslindenbachsee.de/,https://maps.google.com/?cid=1474346504166443141&g_mp=Cidnb29nbGUubWFwcy5wbGFjZXMudjEuUGxhY2VzLlNlYXJjaFRleHQQAhgEIAA,ChIJq8JiqEbamUcRhQiuiFXudRQ,156,,,,,,,,,,
8567,Pflegeheim Wichernhaus,Freudenstädter Str. 30,70569,Stuttgart,48.743161974396,9.1263939743191,5881,0711 68687480,Wichernhaus@eva-stuttgart.de,https://www.eva-stuttgart.de/unsere-angebote/angebot/wichernhaus,Langzeitpflege,False,"3.137,24 €",3579.9358000000007,2524.86,1186.0758,0,3137.2423,2295.49,1186.0758,0,3137.2423,2295.49,1186.0758,0,3137.2423,2295.49,1186.0758,0,3137.2423,2295.49,1186.0758,0,"Pflegegrad 1: 1 Vollzeitstelle: 0,2 Pflegebedürftige; Pflegegrad 2: 1 Vollzeitstelle: 0,2 Pflegebedürftige; Pflegegrad 3: 1 Vollzeitstelle: 0,4 Pflegebedürftige; Pflegegrad 4: 1 Vollzeitstelle: 0,5 Pflegebedürftige; Pflegegrad 5: 1 Vollzeitstelle: 0,6 Pflegebedürftige",,Eigene Haustiere: Die Haltung von Kleintieren ist im Einzelfall nach Absprache möglich. ; Einrichtungseigene Aufenthaltsmöglichkeiten im Freien,TV- oder Kabelanschluss in den Bewohnerzimmern; Internetzugang in den Bewohnerzimmern: WLAN; Telefonanschluss in den Bewohnerzimmern; Möbelmitnahme: Kleinmöbel nach Rücksprache,Wäscheversorgung (insbesondere Kleidung); Reinigung der Zimmer; Einzugsgespräch in der Pflegeeinrichtung; Gruppenangebote werden den Bedürfnissen und Wünschen entsprechend in Wochenplänen aufgenommen.; In individueller Abstimmung mit dem Team der sozialen Betreuung.,"Spezielle Kostformen nach Absprache möglich (z. B. vegetarisch, ohne Schweinefleisch); Diätkost (z.B. Diabetiker- oder Reduktionskost); Zwischenmahlzeiten (z.B. Joghurt, Obst) zur freien Verfügung; Getränke (kalt/heiß) zur freien Verfügung; Gemeinschaftliches Mittagessen möglich; Mahlzeiten werden in der Einrichtung zubereitet (nach Absprache): Das Mittagessen wird täglich frisch vom Rudolf-Sophien-Stift zubereitet und geliefert.; Einnahme von Mahlzeiten auf Wunsch im eigenen Zimmer möglich; Zubereitung eigener Mahlzeiten möglich; Teeküche ist für die individuelle Nutzung der Bewohner vorhanden",https://navigatoren.aok.de/etl/public/reports/2019/510/51081329670569-69882c962ef55.pdf,0,,True,Besucher jederzeit willkommen,Alle Wohn- und Gemeinschaftsflächen sind für die Bewohner und deren Angehörige in der Einrichtung barrierefrei zugänglich.,,22.01.2025,5,1,https://www.eva-stuttgart.de/unsere-angebote/angebot/wichernhaus,https://maps.google.com/?cid=2326209567664217191&g_mp=Cidnb29nbGUubWFwcy5wbGFjZXMudjEuUGxhY2VzLlNlYXJjaFRleHQQAhgEIAA,ChIJQ9n1gYvcmUcRZ5y96UZbSCA,24,,,,,,,,,,
8645,Gradmann Haus Zentrum für Menschen mit Demenz,Fohrenbühlstr. 10,70569,Stuttgart,48.742529959107,9.1250139823796,6002,0711 6868770,gradmannhaus@eva-stuttgart.de,https://www.eva-stuttgart.de/unsere-angebote/angebot/gradmann-haus,"Kurzzeitpflege, Langzeitpflege",True,"3.775,72 €",3727.4728000000005,2644.4106,1214.0622,0,3775.7156999999997,3013.71,1214.0622,0,3775.7156999999997,3013.71,1214.0622,0,3775.7156999999997,3013.71,1214.0622,0,3775.7156999999997,3013.71,1214.0622,0,"Pflegegrad 1: 1 Vollzeitstelle: 4,8 Pflegebedürftige; Pflegegrad 2: 1 Vollzeitstelle: 3,7 Pflegebedürftige; Pflegegrad 3: 1 Vollzeitstelle: 2,5 Pflegebedürftige; Pflegegrad 4: 1 Vollzeitstelle: 1,9 Pflegebedürftige; Pflegegrad 5: 1 Vollzeitstelle: 1,7 Pflegebedürftige",2000,Eigene Haustiere; Einrichtungseigene Aufenthaltsmöglichkeiten im Freien,"Internetzugang in den Bewohnerzimmern; Telefonanschluss in den Bewohnerzimmern; TV- oder Kabelanschluss in den Bewohnerzimmern; Möbelmitnahme möglich: Wir haben die dringende Bitte an die  Angehörige, Möbel und Bilder mitzubringen.","Wäscheversorgung (insbesondere Kleidung); Reinigung der Zimmer; Hausmeisterservice; Soziale Betreuung; Einzugsgespräch in der Pflegeeinrichtung; Einzugsgespräch zu Hause; Hausmeisterservice; Die Gruppen- und Einzelangebote richten sich nach den tagesaktuellen Befindlichen der Bewohner.; Angehörige können bei Mahlzeiten, Festen oder Aktivitäten einbezogen werden. Coronaspezifische Einschränkungen müssen eingehalten werden.; Für alle gesetzlich versicherten Bewohnerinnen und Bewohner besteht ein Beratungsangebot zur gesundheitlichen Versorgungsplanung nach § 132g SGB V durch einen weitergebildeten Berater.; einmalige Wäschekennzeichnung","Spezielle Kostformen nach Absprache möglich (z. B. vegetarisch, ohne Schweinefleisch); Diätkost (z.B. Diabetiker- oder Reduktionskost); Teeküche ist für die individuelle Nutzung der Bewohner vorhanden; Mahlzeiten werden in der Einrichtung zubereitet (nach Absprache): Frühstück und Abendessen; Zwischenmahlzeiten (z.B. Joghurt, Obst) zur freien Verfügung; Getränke (kalt/heiß) zur freien Verfügung; Einnahme von Mahlzeiten auf Wunsch im eigenen Zimmer möglich; Zubereitung eigener Mahlzeiten möglich; Gemeinschaftliches Mittagessen möglich",https://navigatoren.aok.de/etl/public/reports/2019/510/51081563170569-694ce1ebd9bf6.pdf,0,,True,Besucher jederzeit willkommen,Alle Wohn- und Gemeinschaftsflächen sind für die Bewohner und deren Angehörige in der Einrichtung barrierefrei zugänglich.,,,4.4,20,https://www.eva-stuttgart.de/unsere-angebote/angebot/gradmann-haus,https://maps.google.com/?cid=16714931207038924807&g_mp=Cidnb29nbGUubWFwcy5wbGFjZXMudjEuUGxhY2VzLlNlYXJjaFRleHQQAhgEIAA,ChIJwd0BcYvcmUcRB3ilkF9d9-c,11,,,,,,,,,,
8886,Haus St. Barbara,Probststr. 39,70567,Stuttgart,48.73138897781,9.1486459625589,6070,0711 76164020,,https://www.caritas-stuttgart.de/hilfe-beratung/altenhilfe/alten-und-pflegeheime/st.-barbara-moehringen/pflegeheim-st.-barbara-stuttgart-moehringen,"Kurzzeitpflege, Langzeitpflege",True,"3.494,89 €",3748.4626000000003,2662.0542000000005,1217.4084000000003,0,3494.8899,2679.39,1217.4084000000003,0,3494.8899,2679.39,1217.4084000000003,0,3494.8899,2679.39,1217.4084000000003,0,3494.8899,2679.39,1217.4084000000003,0,,,,,Einzugsgespräch in der Pflegeeinrichtung,Teeküche ist für die individuelle Nutzung der Bewohner vorhanden,https://navigatoren.aok.de/etl/public/reports/2019/510/51081974870567-68ee6502da712.pdf,9,https://navigatoren.aok.de/etl/public/images/nursing_home/phptd7vv3-63dcfa9e600e4.jpg; https://navigatoren.aok.de/etl/public/images/nursing_home/phpqhb79i-63dcfaaa47922.jpg; https://navigatoren.aok.de/etl/public/images/nursing_home/phps2xzyt-63dcfab8c8f4f.jpg; https://navigatoren.aok.de/etl/public/images/nursing_home/phpe3hjle-63dcfac2e9cd5.jpg; https://navigatoren.aok.de/etl/public/images/nursing_home/phpwvpwlb-63dcfacb4691e.jpg,True,Besucher jederzeit willkommen,,Beratung und Aufnahme (),03.02.2023,4.2,13,https://www.caritas-stuttgart.de/hilfe-beratung/altenhilfe/alten-und-pflegeheime/st.-barbara-moehringen/pflegeheim-st.-barbara-stuttgart-moehringen,https://maps.google.com/?cid=774429233005783409&g_mp=Cidnb29nbGUubWFwcy5wbGFjZXMudjEuUGxhY2VzLlNlYXJjaFRleHQQAhgEIAA,ChIJkQbehsPcmUcRcen8yEhTvwo,27,,,,,,,,,,
8570,Haus am Weinberg,Augsburger Str. 555,70329,Stuttgart,48.770477944541,9.2634139147743,6099,0711 320040,haus-am-weinberg@wohlfahrtswerk.de,https://www.wohlfahrtswerk.de/einrichtungen/haus_am_weinberg,Langzeitpflege,False,"3.393,90 €",3578.1106000000004,2556.4968000000003,1152.6138,0,3393.9023,2636.81,1152.6138,0,3393.9023,2636.81,1152.6138,0,3393.9023,2636.81,1152.6138,0,3393.9023,2636.81,1152.6138,0,"Pflegegrad 1: 1 Vollzeitstelle: 4,3 Pflegebedürftige; Pflegegrad 2: 1 Vollzeitstelle: 3,4 Pflegebedürftige; Pflegegrad 3: 1 Vollzeitstelle: 2,4 Pflegebedürftige; Pflegegrad 4: 1 Vollzeitstelle: 1,8 Pflegebedürftige; Pflegegrad 5: 1 Vollzeitstelle: 1,6 Pflegebedürftige",1992,Einrichtungseigene Aufenthaltsmöglichkeiten im Freien; Eigene Haustiere erlaubt: Wenn die Versorgung sichergestellt ist.; Bibliothek,Internetzugang in den Bewohnerzimmern; Telefonanschluss in den Bewohnerzimmern; TV- oder Kabelanschluss in den Bewohnerzimmern; Möbelmitnahme möglich,"Wäscheversorgung (insbesondere Kleidung); Reinigung der Zimmer; Fahr- und Begleitdienste; Einzugsgespräch in der Pflegeeinrichtung; Einzugsgespräch zu Hause; Wäscheversorgung (insbesondere Kleidung); Wechselnde Angebote durch soziale Betreuung, Konzerte, Ausflüge, jahreszeitliche Feste etc.; Angehörigenabend; nach Vereinbarung","Diätkost (z.B. Diabetiker- oder Reduktionskost); Mahlzeiten werden in der Einrichtung zubereitet (nach Absprache); Spezielle Kostformen nach Absprache möglich (z. B. vegetarisch, ohne Schweinefleisch); Zwischenmahlzeiten (z.B. Joghurt, Obst) zur freien Verfügung; Getränke (kalt/heiß) zur freien Verfügung; Einnahme von Mahlzeiten auf Wunsch im eigenen Zimmer möglich; Zubereitung eigener Mahlzeiten möglich; Gemeinschaftliches Mittagessen möglich; Teeküche ist für die individuelle Nutzung der Bewohner vorhanden",https://navigatoren.aok.de/etl/public/reports/2019/510/51081336570329-6936d8c22ba14.pdf,0,,True,Besucher jederzeit willkommen,Alle Wohn- und Gemeinschaftsflächen sind für die Bewohner und deren Angehörige in der Einrichtung barrierefrei zugänglich.,Einrichtungsleiter Erwin Müller (),,3.3,10,https://www.wohlfahrtswerk.de/einrichtungen/haus_am_weinberg,https://maps.google.com/?cid=11566664299886667093&g_mp=Cidnb29nbGUubWFwcy5wbGFjZXMudjEuUGxhY2VzLlNlYXJjaFRleHQQAhgEIAA,ChIJy8buCT7EmUcRVeXv3uULhaA,53,,,,,,,,,,
8444,Pflegezentrum Bethanien Haus Martha,Onstmettinger Weg 33,70567,Stuttgart,48.733483965581,9.1371339623614,6255,0711 71840,bethanien-martha@diak-stuttgart.de,https://www.bethanien-martha.de/,Langzeitpflege,False,"3.221,82 €",3463.7314,2443.0302,1151.7012,0,3221.8166999999994,2435.43,1151.7012,0,3221.8166999999994,2435.43,1151.7012,0,3221.8166999999994,2435.43,1151.7012,0,3221.8166999999994,2435.43,1151.7012,0,Pflegegrad 1: k.A.; Pflegegrad 2: k.A.; Pflegegrad 3: k.A.; Pflegegrad 4: k.A.; Pflegegrad 5: k.A.,2023,Eigene Haustiere; Einrichtungseigene Aufenthaltsmöglichkeiten im Freien,Telefonanschluss in den Bewohnerzimmern; TV- oder Kabelanschluss in den Bewohnerzimmern; Internetzugang in den Bewohnerzimmern; Möbelmitnahme möglich,Wäscheversorgung (insbesondere Kleidung); Für alle gesetzlich versicherten Bewohnerinnen und Bewohner besteht ein Beratungsangebot zur gesundheitlichen Versorgungsplanung nach § 132g SGB V durch einen weitergebildeten Berater.,"Mahlzeiten werden in der Einrichtung zubereitet (nach Absprache); Teeküche ist für die individuelle Nutzung der Bewohner vorhanden; Spezielle Kostformen nach Absprache möglich (z. B. vegetarisch, ohne Schweinefleisch); Diätkost (z.B. Diabetiker- oder Reduktionskost); Zwischenmahlzeiten (z.B. Joghurt, Obst) zur freien Verfügung; Getränke (kalt/heiß) zur freien Verfügung; Einnahme von Mahlzeiten auf Wunsch im eigenen Zimmer möglich; Zubereitung eigener Mahlzeiten möglich; Gemeinschaftliches Mittagessen möglich",https://navigatoren.aok.de/etl/public/reports/2019/510/51081082970567-6925aac61935f.pdf,1,https://navigatoren.aok.de/etl/public/images/nursing_home/image285621detail-63738b5ec26b7.jpg,True,Besucher jederzeit willkommen,Alle Wohn- und Gemeinschaftsflächen sind für die Bewohner und deren Angehörige in der Einrichtung barrierefrei zugänglich.,,06.12.2024,3.1,18,https://www.bethanien-martha.de/,https://maps.google.com/?cid=11164137863545502770&g_mp=Cidnb29nbGUubWFwcy5wbGFjZXMudjEuUGxhY2VzLlNlYXJjaFRleHQQAhgEIAA,ChIJt17G1DPnC0ERMjwenDz87po,46,,,,,,,,,,
21297,DRK Seniorenzentrum Haus im Sommerrain,Fuchsienweg 26,70374,Stuttgart,48.819245999427,9.2459029651094,6302,0711 28081501,sommerrain@drkplus-stuttgart.de,https://drk-stuttgart.de/,"Kurzzeitpflege, Langzeitpflege",True,"2.879,86 €",3167.7448000000004,2192.6736000000005,1106.0712,0,2879.8597000000004,2086.81,1106.0712,0,2879.8597000000004,2086.81,1106.0712,0,2879.8597000000004,2086.81,1106.0712,0,2879.8597000000004,2086.81,1106.0712,0,"Pflegegrad 1: 1 Vollzeitstelle: 4,8 Pflegebedürftige; Pflegegrad 2: 1 Vollzeitstelle: 3,7 Pflegebedürftige; Pflegegrad 3: 1 Vollzeitstelle: 2,5 Pflegebedürftige; Pflegegrad 4: 1 Vollzeitstelle: 1,9 Pflegebedürftige; Pflegegrad 5: 1 Vollzeitstelle: 1,7 Pflegebedürftige",2012,"Einrichtungseigene Aufenthaltsmöglichkeiten im Freien: schöner Hof, Balkone direkt an den Aufenthaltsräumen, Terrasse; Eigene Haustiere erlaubt: Katzen, Vögel oder kleinere Hunde - in Absprache mit der Leitung des Hauses",Telefonanschluss in den Bewohnerzimmern; TV- oder Kabelanschluss in den Bewohnerzimmern; Internetzugang in den Bewohnerzimmern; Möbelmitnahme möglich,"Wäscheversorgung (insbesondere Kleidung); Reinigung der Zimmer; Kulinarische Abende,Seelenharfe,Feste, Hundetherapie, Clownbesuche, Candle-Light-Dinner; Angehörigenabende in Präsenz oder Online,Angehörigen Newsletter, Mitbeteiligung an runden Tischen,Ehrenamtlicher Einsatz,Feste und Feiern,Kontaktaufnahmen via Videotelefonie,aktive Beteiligung bei der Integrationsphase; Für alle gesetzlich versicherten Bewohnerinnen und Bewohner besteht ein Beratungsangebot zur gesundheitlichen Versorgungsplanung nach § 132g SGB V durch einen weitergebildeten Berater.; Friseur,Fußpflege,Podologe,Chemische Reinigung der Kleidung","Spezielle Kostformen nach Absprache möglich (z. B. vegetarisch, ohne Schweinefleisch); Diätkost (z.B. Diabetiker- oder Reduktionskost); Zwischenmahlzeiten (z.B. Joghurt, Obst) zur freien Verfügung; Getränke (kalt/heiß) zur freien Verfügung; Einnahme von Mahlzeiten auf Wunsch im eigenen Zimmer möglich; Zubereitung eigener Mahlzeiten möglich; Gemeinschaftliches Mittagessen möglich; Mahlzeiten werden in der Einrichtung zubereitet (nach Absprache); Teeküche ist für die individuelle Nutzung der Bewohner vorhanden",https://navigatoren.aok.de/etl/public/reports/2019/512/51281159570374-69160abe57409.pdf,0,,False,,Alle Wohn- und Gemeinschaftsflächen sind für die Bewohner und deren Angehörige in der Einrichtung barrierefrei zugänglich.,,,4.5,26,https://drk-stuttgart.de/,https://maps.google.com/?cid=11568040907281700227&g_mp=Cidnb29nbGUubWFwcy5wbGFjZXMudjEuUGxhY2VzLlNlYXJjaFRleHQQAhgEIAA,ChIJCZGgOHbFmUcRg5W2QerviaA,31,,,,,,,,,,
21296,DRK Seniorenzentrum Haus im Sommerrain - DEMENZ,Fuchsienweg 26,70374,Stuttgart,48.819245999427,9.2459029651094,6302,0711 28081501,sommerrain@drkplus-stuttgart.de,https://drk-stuttgart.de/,Langzeitpflege,False,"3.701,08 €",3711.9586000000004,2736.8874,1106.0712,0,3701.0787,3052.95,1106.0712,0,3701.0787,3052.95,1106.0712,0,3701.0787,3052.95,1106.0712,0,3701.0787,3052.95,1106.0712,0,"Pflegegrad 1: 1 Vollzeitstelle: 3,3 Pflegebedürftige; Pflegegrad 2: 1 Vollzeitstelle: 2,6 Pflegebedürftige; Pflegegrad 3: 1 Vollzeitstelle: 1,9 Pflegebedürftige; Pflegegrad 4: 1 Vollzeitstelle: 1,5 Pflegebedürftige; Pflegegrad 5: 1 Vollzeitstelle: 1,3 Pflegebedürftige",2012,Einrichtungseigene Aufenthaltsmöglichkeiten im Freien; Eigene Haustiere erlaubt,Telefonanschluss in den Bewohnerzimmern; TV- oder Kabelanschluss in den Bewohnerzimmern; Internetzugang in den Bewohnerzimmern; Möbelmitnahme möglich: Eine individuelle Gestaltung des Zimmers ist möglich ,"Wäscheversorgung (insbesondere Kleidung); Reinigung der Zimmer; Besondere Angebote wie:Seelenharfe,Clown Besuche,Hundetherapie; Angehörigenabende in Präsenz/online,Angehörigen Newsletter,Beteiligung im Rahmen der Integrationsphase; Für alle gesetzlich versicherten Bewohnerinnen und Bewohner besteht ein Beratungsangebot zur gesundheitlichen Versorgungsplanung nach § 132g SGB V durch einen weitergebildeten Berater.","Spezielle Kostformen nach Absprache möglich (z. B. vegetarisch, ohne Schweinefleisch); Diätkost (z.B. Diabetiker- oder Reduktionskost); Zwischenmahlzeiten (z.B. Joghurt, Obst) zur freien Verfügung; Getränke (kalt/heiß) zur freien Verfügung; Einnahme von Mahlzeiten auf Wunsch im eigenen Zimmer möglich; Zubereitung eigener Mahlzeiten möglich; Gemeinschaftliches Mittagessen möglich; Mahlzeiten werden in der Einrichtung zubereitet (nach Absprache); Teeküche ist für die individuelle Nutzung der Bewohner vorhanden",https://navigatoren.aok.de/etl/public/reports/2019/510/51080026870374-69160ab066e12.pdf,0,,False,,Alle Wohn- und Gemeinschaftsflächen sind für die Bewohner und deren Angehörige in der Einrichtung barrierefrei zugänglich.,,,4.5,26,https://drk-stuttgart.de/,https://maps.google.com/?cid=11568040907281700227&g_mp=Cidnb29nbGUubWFwcy5wbGFjZXMudjEuUGxhY2VzLlNlYXJjaFRleHQQAhgEIAA,ChIJCZGgOHbFmUcRg5W2QerviaA,31,,,,,,,,,,
17266,PZ Bethanien Haus Maria,Ebinger Weg 5,70567,Stuttgart,48.732900947037,9.1364279763796,6337,0711 718430,bethanien-maria@diak-stuttgart.de,https://www.bethanien-maria.de/wir-ueber-uns/kontakt,Langzeitpflege,False,"3.294,23 €",3506.9278000000004,2468.8872000000006,1169.0406,0,3294.2276,2500.22,1169.0406,0,3294.2276,2500.22,1169.0406,0,3294.2276,2500.22,1169.0406,0,3294.2276,2500.22,1169.0406,0,Pflegegrad 1: k.A.; Pflegegrad 2: k.A.; Pflegegrad 3: k.A.; Pflegegrad 4: k.A.; Pflegegrad 5: k.A.,2021,Eigene Haustiere: In Absprache mit der Hausleitung.; Einrichtungseigene Aufenthaltsmöglichkeiten im Freien: Balkone und ein großer Garten stehen den Bewohnern zur Verfügung,Internetzugang in den Bewohnerzimmern: W-LAN im Haus vorhanden; Telefonanschluss in den Bewohnerzimmern; TV- oder Kabelanschluss in den Bewohnerzimmern; Möbelmitnahme möglich,"Wäscheversorgung (insbesondere Kleidung); Konzerte, Bastelangebote, Bewegungs- und Backangebote, Bibelkreis, Gesprächsrunden etc.; Keine festen Besuchszeiten, das Haus steht den Angehörigen offen; Teilnahme an Veranstaltungen und Betreuungsangeboten möglich; Übernachtungsmöglichkeit zur Sterbebegleitung vorhanden; Für alle gesetzlich versicherten Bewohnerinnen und Bewohner besteht ein Beratungsangebot zur gesundheitlichen Versorgungsplanung nach § 132g SGB V durch einen weitergebildeten Berater.","Diätkost (z.B. Diabetiker- oder Reduktionskost); Zubereitung eigener Mahlzeiten möglich; Teeküche ist für die individuelle Nutzung der Bewohner vorhanden; Mahlzeiten werden in der Einrichtung zubereitet (nach Absprache); Spezielle Kostformen nach Absprache möglich (z. B. vegetarisch, ohne Schweinefleisch); Zwischenmahlzeiten (z.B. Joghurt, Obst) zur freien Verfügung; Getränke (kalt/heiß) zur freien Verfügung; Einnahme von Mahlzeiten auf Wunsch im eigenen Zimmer möglich; Gemeinschaftliches Mittagessen möglich",https://navigatoren.aok.de/etl/public/reports/2019/510/51080681270567-698d50d406b12.pdf,0,,False,,Alle Wohn- und Gemeinschaftsflächen sind für die Bewohner und deren Angehörige in der Einrichtung barrierefrei zugänglich.,,05.04.2023,3.7,6,https://www.bethanien-maria.de/wir-ueber-uns/kontakt,https://maps.google.com/?cid=3216623909716805181&g_mp=Cidnb29nbGUubWFwcy5wbGFjZXMudjEuUGxhY2VzLlNlYXJjaFRleHQQAhgEIAA,ChIJAQAQNOncmUcRPcaySme-oyw,11,,,,,,,,,,
8474,Haus St. Monika,Seeadlerstr. 7-11,70378,Stuttgart,48.832000965068,9.2294979313908,6620,0201 856990,,https://www.caritas-stuttgart.de/hilfe-beratung/altenhilfe/alten-und-pflegeheime/haus-st.-monika-neugereut/pflegeheim-haus-st.-monika-stuttgart-neigereut,"Kurzzeitpflege, Langzeitpflege",True,"3.413,56 €",3596.3626000000004,2490.1812,1237.1814000000002,0,3413.5638999999996,2560.45,1237.1814000000002,0,3413.5638999999996,2560.45,1237.1814000000002,0,3413.5638999999996,2560.45,1237.1814000000002,0,3413.5638999999996,2560.45,1237.1814000000002,0,,,Bibliothek,,Einzugsgespräch in der Pflegeeinrichtung,Teeküche ist für die individuelle Nutzung der Bewohner vorhanden,https://navigatoren.aok.de/etl/public/reports/2019/510/51081131870378-68ee69cff33cf.pdf,8,https://navigatoren.aok.de/etl/public/images/nursing_home/phpb6askd-63db6b379e628.jpg; https://navigatoren.aok.de/etl/public/images/nursing_home/phphpoo0s-63db6b27c8dc3.jpg; https://navigatoren.aok.de/etl/public/images/nursing_home/phpgwcjsi-63db6b20346ad.jpg; https://navigatoren.aok.de/etl/public/images/nursing_home/phptreyge-63db6b41a832f.jpg; https://navigatoren.aok.de/etl/public/images/nursing_home/phpxkwusi-63db6b46dad12.jpg,True,Besucher jederzeit willkommen,,Beratung und Aufnahme (),03.02.2023,4.6,10,https://www.caritas-stuttgart.de/hilfe-beratung/altenhilfe/alten-und-pflegeheime/haus-st.-monika-neugereut/pflegeheim-haus-st.-monika-stuttgart-neigereut,https://maps.google.com/?cid=9521197594625262193&g_mp=Cidnb29nbGUubWFwcy5wbGFjZXMudjEuUGxhY2VzLlNlYXJjaFRleHQQAhgEIAA,ChIJYXx3smHFmUcRcULxT8QWIoQ,12,,,,,,,,,,
8490,Nikolaus-Cusanus-Haus,Törlesäckerstr. 9,70599,Stuttgart,48.72387496943,9.2056329282268,6630,0711 45830,info@n-c-h.de,http://www.nikolaus-cusanus-haus.de/,Langzeitpflege,False,"3.212,03 €",3419.0140000000006,2392.8372000000004,1157.1768,0,3212.0347999999994,2417.48,1157.1768,0,3212.0347999999994,2417.48,1157.1768,0,3212.0347999999994,2417.48,1157.1768,0,3212.0347999999994,2417.48,1157.1768,0,"Pflegegrad 1: 1 Vollzeitstelle: 4,4 Pflegebedürftige; Pflegegrad 2: 1 Vollzeitstelle: 3,4 Pflegebedürftige; Pflegegrad 3: 1 Vollzeitstelle: 2,4 Pflegebedürftige; Pflegegrad 4: 1 Vollzeitstelle: 1,8 Pflegebedürftige; Pflegegrad 5: 1 Vollzeitstelle: 1,7 Pflegebedürftige",1992,Eigene Haustiere; Einrichtungseigene Aufenthaltsmöglichkeiten im Freien,Telefonanschluss in den Bewohnerzimmern; TV- oder Kabelanschluss in den Bewohnerzimmern; Internetzugang in den Bewohnerzimmern; Möbelmitnahme möglich,"Wäscheversorgung (insbesondere Kleidung); Eurythmie, Kunsttherapie, Musiktherapie, Einzelbetreuung, Gedächtnistraining, Männergruppe,etc; Besuche, Teilnahme an Festen, an kulturellen Angeboten; Für alle gesetzlich versicherten Bewohnerinnen und Bewohner besteht ein Beratungsangebot zur gesundheitlichen Versorgungsplanung nach § 132g SGB V durch einen weitergebildeten Berater.; Friseur im Haus, Cafe im Haus","Mahlzeiten werden in der Einrichtung zubereitet (nach Absprache): DGE Zertifizierung; Bio Zertifizierung /Abcert; Teeküche ist für die individuelle Nutzung der Bewohner vorhanden; Spezielle Kostformen nach Absprache möglich (z. B. vegetarisch, ohne Schweinefleisch); Diätkost (z.B. Diabetiker- oder Reduktionskost); Zwischenmahlzeiten (z.B. Joghurt, Obst) zur freien Verfügung; Getränke (kalt/heiß) zur freien Verfügung; Einnahme von Mahlzeiten auf Wunsch im eigenen Zimmer möglich; Zubereitung eigener Mahlzeiten möglich; Gemeinschaftliches Mittagessen möglich",https://navigatoren.aok.de/etl/public/reports/2019/510/51081160470599-696b1e3df34ad.pdf,0,,False,,Alle Wohn- und Gemeinschaftsflächen sind für die Bewohner und deren Angehörige in der Einrichtung barrierefrei zugänglich.,,,4.4,24,http://www.nikolaus-cusanus-haus.de/,https://maps.google.com/?cid=12654792556944982603&g_mp=Cidnb29nbGUubWFwcy5wbGFjZXMudjEuUGxhY2VzLlNlYXJjaFRleHQQAhgEIAA,ChIJYc4ZYAXDmUcRS4L2Vsjanq8,15,,,,,,,,,,
8898,AWO Seniorenzentrum Salzäcker,Widmaierstr. 137,70567,Stuttgart,48.721259543141,9.1612944214224,6855,0711 7272410,szmoehringen@awo-wuerttemberg.de,http://www.seniorenzentrum-moehringen.de/,Langzeitpflege,False,"3.008,25 €",3191.7766000000006,2241.6498000000006,1081.1268,0,3008.2467999999994,2267.2,1081.1268,0,3008.2467999999994,2267.2,1081.1268,0,3008.2467999999994,2267.2,1081.1268,0,3008.2467999999994,2267.2,1081.1268,0,,,,,,Teeküche ist für die individuelle Nutzung der Bewohner vorhanden,https://navigatoren.aok.de/etl/public/reports/2019/510/51081993170567-6974613f7b735.pdf,0,,False,,,,,4,92,http://www.seniorenzentrum-moehringen.de/,https://maps.google.com/?cid=7787272050020358581&g_mp=Cidnb29nbGUubWFwcy5wbGFjZXMudjEuUGxhY2VzLlNlYXJjaFRleHQQAhgEIAA,ChIJ16g7X9TcmUcRtZnKtqvyEWw,26,,,,,,,,,,
8481,Pflegeheim auf dem Roßbühl,Auf dem Roßbühl 3-5,70825,Korntal-Münchingen,48.828963963067,9.1180889596859,7054,07032 2062024,g.huber@evdiak.de,http://www.pflegeheim-rossbuehl.de/,"Kurzzeitpflege, Langzeitpflege",True,"3.447,76 €",3660.2446000000004,2526.0768000000003,1265.1678000000002,0,3447.7553000000003,2567.75,1265.1678000000002,0,3447.7553000000003,2567.75,1265.1678000000002,0,3447.7553000000003,2567.75,1265.1678000000002,0,3447.7553000000003,2567.75,1265.1678000000002,0,Pflegegrad 1: k.A.; Pflegegrad 2: k.A.; Pflegegrad 3: k.A.; Pflegegrad 4: k.A.; Pflegegrad 5: k.A.,1997,Einrichtungseigene Aufenthaltsmöglichkeiten im Freien; Eigene Haustiere erlaubt: Nach Rücksprache und Genehmigung durch die Einrichtungsleitung,Telefonanschluss in den Bewohnerzimmern; TV- oder Kabelanschluss in den Bewohnerzimmern; Internetzugang in den Bewohnerzimmern; Möbelmitnahme möglich,"Gymnastik, Kochen/Backen, Singen, Sitztanz, Basteln, jahreszeitliche Gestaltung, Gedächtnistr.; Einbindung bei Festen und Veranstaltungen, regelmäßige Angehörigenabende; Für alle gesetzlich versicherten Bewohnerinnen und Bewohner besteht ein Beratungsangebot zur gesundheitlichen Versorgungsplanung nach § 132g SGB V durch einen weitergebildeten Berater.; Friseur und Fußpflege","Mahlzeiten werden in der Einrichtung zubereitet (nach Absprache); Teeküche ist für die individuelle Nutzung der Bewohner vorhanden; Spezielle Kostformen nach Absprache möglich (z. B. vegetarisch, ohne Schweinefleisch); Diätkost (z.B. Diabetiker- oder Reduktionskost); Zwischenmahlzeiten (z.B. Joghurt, Obst) zur freien Verfügung; Getränke (kalt/heiß) zur freien Verfügung; Einnahme von Mahlzeiten auf Wunsch im eigenen Zimmer möglich; Zubereitung eigener Mahlzeiten möglich; Gemeinschaftliches Mittagessen möglich",https://navigatoren.aok.de/etl/public/reports/2019/510/51081144370825-6968565915133.pdf,0,,False,,Alle Wohn- und Gemeinschaftsflächen sind für die Bewohner und deren Angehörige in der Einrichtung barrierefrei zugänglich.,,,3.9,9,http://www.pflegeheim-rossbuehl.de/,https://maps.google.com/?cid=9080211752333512571&g_mp=Cidnb29nbGUubWFwcy5wbGFjZXMudjEuUGxhY2VzLlNlYXJjaFRleHQQAhgEIAA,ChIJKfLvuxPamUcRe48qz3pkA34,11,,,,,,,,,,
8504,Altenzentrum Korntal,Friederichstr. 2,70825,Korntal-Münchingen,48.832633983269,9.1235419131235,7119,0711 836300,info-azk@diakonie-bgk.de,http://www.altenzentrum-korntal.de/,"Kurzzeitpflege, Langzeitpflege",True,"3.304,89 €",3633.4750000000004,2531.2482000000005,1233.2268000000001,0,3304.8893000000003,2437.25,1233.2268000000001,0,3304.8893000000003,2437.25,1233.2268000000001,0,3304.8893000000003,2437.25,1233.2268000000001,0,3304.8893000000003,2437.25,1233.2268000000001,0,Pflegegrad 1: k.A.; Pflegegrad 2: k.A.; Pflegegrad 3: k.A.; Pflegegrad 4: k.A.; Pflegegrad 5: k.A.,1994,Eigene Haustiere; Einrichtungseigene Aufenthaltsmöglichkeiten im Freien,Telefonanschluss in den Bewohnerzimmern: Hauseigene Telefonanlage; TV- oder Kabelanschluss in den Bewohnerzimmern; Internetzugang in den Bewohnerzimmern; Möbelmitnahme möglich,"Wäscheversorgung (insbesondere Kleidung); Reinigung der Zimmer; Seniorengymnastik, Singen, Kreativkreis, Bunte Stunde, Kaffeekränzchen, Spielnachmittag...; Fürsprechergremium, Angehörigenabende, Eingewöhnungsgespräch, Fallgespräche, Feste; Für alle gesetzlich versicherten Bewohnerinnen und Bewohner besteht ein Beratungsangebot zur gesundheitlichen Versorgungsplanung nach § 132g SGB V durch einen weitergebildeten Berater.","Mahlzeiten werden in der Einrichtung zubereitet (nach Absprache); Zubereitung eigener Mahlzeiten möglich; Teeküche ist für die individuelle Nutzung der Bewohner vorhanden; Spezielle Kostformen nach Absprache möglich (z. B. vegetarisch, ohne Schweinefleisch); Diätkost (z.B. Diabetiker- oder Reduktionskost); Zwischenmahlzeiten (z.B. Joghurt, Obst) zur freien Verfügung; Getränke (kalt/heiß) zur freien Verfügung; Einnahme von Mahlzeiten auf Wunsch im eigenen Zimmer möglich; Gemeinschaftliches Mittagessen möglich",https://navigatoren.aok.de/etl/public/reports/2019/510/51081178470825-68ee6a8d4bad5.pdf,0,,False,,Alle Wohn- und Gemeinschaftsflächen sind für die Bewohner und deren Angehörige in der Einrichtung barrierefrei zugänglich.,,,4.6,9,http://www.altenzentrum-korntal.de/,https://maps.google.com/?cid=18355609167077715715&g_mp=Cidnb29nbGUubWFwcy5wbGFjZXMudjEuUGxhY2VzLlNlYXJjaFRleHQQAhgEIAA,ChIJnUXmSg3amUcRAy-SB0k5vP4,26,,,,"Kurzzeitpflege (Short-term care), Dauerpflege (Long-term care), Betreutes Wohnen (Assisted Living), Offene Begegnung (Open meeting/day care activities)",,"Offene Begegnung mit Bastelaktivitäten und gemeinsamen Aktivitäten, Mittagstisch (lunch service) verfügbar","Korntal-Münchingen, Friederichstraße 2, 70825 Korntal-Münchingen. Bilder zeigen Außenbereiche mit Bänken und Grünflächen, barrierefreie Appartements mit Bäumen und Büschen",Diakonie der Evangelischen Brüdergemeinde Korntal (kirchlich/diakonisch),"Wertschätzendes Miteinander, angenehme Arbeitsatmosphäre, Förderverein vorhanden, Ehrenamtliche Unterstützung möglich, Mittagstisch auch für externe Gäste","Altenzentrum Korntal, Friederichstraße 2, 70825 Korntal-Münchingen, Telefon: 0711 83 630-0, E-Mail: info-azk@diakonie-bgk.de, E-Mail für Medizinprodukte: medizinprodukte-azk@diakonie-bgk.de"
8840,Wohnstift Mönchfeld,Flundernweg 14,70378,Stuttgart,48.843833978059,9.2126339483936,7299,0711 849090,,http://moenchfeld.altenheimat.de/,"Kurzzeitpflege, Langzeitpflege",True,"3.278,10 €",3511.7950000000005,2453.6772000000005,1189.1178000000002,0,3278.1033,2457.63,1189.1178000000002,0,3278.1033,2457.63,1189.1178000000002,0,3278.1033,2457.63,1189.1178000000002,0,3278.1033,2457.63,1189.1178000000002,0,,,,,,Teeküche ist für die individuelle Nutzung der Bewohner vorhanden,https://navigatoren.aok.de/etl/public/reports/2019/510/51081895270378-69423ab62e3e2.pdf,1,https://navigatoren.aok.de/etl/public/images/nursing_home/image316642detail-63738b878c219.jpg,True,Besucher jederzeit willkommen,,,,4.1,13,http://moenchfeld.altenheimat.de/,https://maps.google.com/?cid=11321083546857379381&g_mp=Cidnb29nbGUubWFwcy5wbGFjZXMudjEuUGxhY2VzLlNlYXJjaFRleHQQAhgEIAA,ChIJ49YgFvvPmUcRNRb0EoGRHJ0,48,,,"90 Einzelzimmer für Dauer- und Kurzzeitpflege; 27 Appartements für Betreutes Wohnen (mit 1, 2 oder 3 Zimmern) im Appartement mit Balkon oder im Bungalow mit Gärtchen; Viele Pflegezimmer sind mit einem geschützt liegenden Balkon mit Blick ins Grüne ausgestattet","Dauerpflege, Kurzzeitpflege, Betreutes Wohnen, Pflege und Betreuung von Menschen mit Demenz",Pflege und Betreuung von Menschen mit Demenz; Sechs familiäre Wohngruppen,"Vielfältiges Hausleben mit Konzerten, großen Jahreszeiten-Festen und kleineren Angeboten; Sinnesgarten mit Rundweg und Stationen, Seniorensportgeräten; Hauseigene Bibliothek; Andachtsraum; Wohnstift-Café","Mitten im Grünen und gut erreichbar; Spazierwege führen zu den nahe gelegenen Grünanlagen, zum Wald, den Aussichtspunkten über dem Neckartal und dem Max-Eyth-See; Geschäfte, Gemeindehaus und Kirche sind in wenigen Gehminuten erreichbar; Der öffentliche Nahverkehr sorgt für einen schnellen Anschluss ins Stuttgarter Zentrum; Begrünter Innenhof und Sinnesgarten mit Rundweg und Stationen sowie Sitzmöglichkeiten",Stiftung Evangelische Altenheimat (evangelisch/diakonisch); Das Wohnstift Mönchfeld wurde 1974 von Susanne Urban gegründet und wird daher auch Susanne-Urban-Haus genannt. Seit 2005 gehört es zur Evangelischen Altenheimat,"50-jähriges Jubiläum im Jahr 2024; Hauseigene Küche, die täglich Bewohner*innen, Mitarbeitende, Betreutes Wohnen und die Nachbarschaft mit wohlschmeckenden Mahlzeiten versorgt; In den Stadtteil geöffnetes Wohnstift-Café; Sinnesgarten mit vielfältiger Bepflanzung, einem Wasserlauf, einer Laube, schönen Sitzgelegenheiten, Seniorensportgeräten und Obststräuchern und -bäumen; Ein in den Stadtteil vernetztes Haus mit Raum für Entspannung und Begegnung; Die Anlage des Sinnesgartens wurde unterstützt durch die Deutsche Fernsehlotterie","Einrichtungsleiterin: Bernada Lukic; Tel.: 0711 84909-115; Fax: 0711 84909-170; E-Mail: lukic@altenheimat.de; Allgemein: Tel.: 0711 84909-0; E-Mail: wsm@altenheimat.de; Adresse: Flundernweg 14, 70378 Stuttgart-Mönchfeld; Aufnahmeantrag kann heruntergeladen, am PC ausgefüllt und per Mail geschickt werden"
8484,Haus St. Ulrich,Steinbuttstr. 25,70378,Stuttgart,48.842480954255,9.219443986731,7328,0711 849080,st.ulrich@caritas-stuttgart.de,https://www.caritas-stuttgart.de/hilfe-beratung/altenhilfe/alten-und-pflegeheime/haus-st.-ulrich-moenchfeld/pflegeheim-haus-st.-ulrich-stuttgart-moenchfeld,"Kurzzeitpflege, Langzeitpflege",True,"3.131,14 €",3457.3432000000003,2384.3196000000003,1204.0236,0,3131.1436,2267.2,1204.0236,0,3131.1436,2267.2,1204.0236,0,3131.1436,2267.2,1204.0236,0,3131.1436,2267.2,1204.0236,0,"Pflegegrad 1: 1 Vollzeitstelle: 4,5 Pflegebedürftige; Pflegegrad 2: 1 Vollzeitstelle: 3,5 Pflegebedürftige; Pflegegrad 3: 1 Vollzeitstelle: 2,6 Pflegebedürftige; Pflegegrad 4: 1 Vollzeitstelle: 2,0 Pflegebedürftige; Pflegegrad 5: 1 Vollzeitstelle: 1,8 Pflegebedürftige",1975,Einrichtungseigene Aufenthaltsmöglichkeiten im Freien; Eigene Haustiere erlaubt: Bitte nach Absprache; Kegelbahn,Internetzugang in den Bewohnerzimmern: WLAN ist derezeit in der Bearbeitung; Telefonanschluss in den Bewohnerzimmern: Telefone sind über unsere Hausanlage möglich; externe Anbieter leider nicht; TV- oder Kabelanschluss in den Bewohnerzimmern: Wir empfehlen zwecks Bedienung einen Fernseher mit eingebautem Satelitenreceiver; Möbelmitnahme möglich,Reinigung der Zimmer; Die Hausreinigung ist an unser Tochterunternehmen carisma vergeben; Einzugsgespräch in der Pflegeeinrichtung; Reinigung der Zimmer; Wir bieten ein vielfältiges Programm: Sportangebote; Beschäftigungstherapie; Filmnachmittage; Themenbezogene Angehörigenabende; Einzeltermine können selbstverständlich vereinbart werden; Für alle gesetzlich versicherten Bewohnerinnen und Bewohner besteht ein Beratungsangebot zur gesundheitlichen Versorgungsplanung nach § 132g SGB V durch einen weitergebildeten Berater.,"Mahlzeiten werden in der Einrichtung zubereitet (nach Absprache): In unserer hauseigenen Küche werden alle Speisen selbst zubereitet.; Zubereitung eigener Mahlzeiten möglich; Teeküche ist für die individuelle Nutzung der Bewohner vorhanden; Spezielle Kostformen nach Absprache möglich (z. B. vegetarisch, ohne Schweinefleisch); Diätkost (z.B. Diabetiker- oder Reduktionskost); Zwischenmahlzeiten (z.B. Joghurt, Obst) zur freien Verfügung; Getränke (kalt/heiß) zur freien Verfügung; Einnahme von Mahlzeiten auf Wunsch im eigenen Zimmer möglich; Gemeinschaftliches Mittagessen möglich",https://navigatoren.aok.de/etl/public/reports/2019/510/51081150270378-68ee73afa16f7.pdf,11,https://navigatoren.aok.de/etl/public/images/nursing_home/phpsxcrkr-63db69b598917.jpg; https://navigatoren.aok.de/etl/public/images/nursing_home/phpmrpesl-63db69bd9ca98.jpg; https://navigatoren.aok.de/etl/public/images/nursing_home/phphe9ard-63db69fa0445a.jpg; https://navigatoren.aok.de/etl/public/images/nursing_home/phpj8g8dt-63db69ff5f118.jpg; https://navigatoren.aok.de/etl/public/images/nursing_home/phpafzebz-63db6a0980fd2.jpg,True,Besucher jederzeit willkommen,Alle Wohn- und Gemeinschaftsflächen sind für die Bewohner und deren Angehörige in der Einrichtung barrierefrei zugänglich.,Beratung und Aufnahme (),03.02.2023,4.6,13,https://www.caritas-stuttgart.de/hilfe-beratung/altenhilfe/alten-und-pflegeheime/haus-st.-ulrich-moenchfeld/pflegeheim-haus-st.-ulrich-stuttgart-moenchfeld,https://maps.google.com/?cid=6941499261573668258&g_mp=Cidnb29nbGUubWFwcy5wbGFjZXMudjEuUGxhY2VzLlNlYXJjaFRleHQQAhgEIAA,ChIJnxG3rPHPmUcRoh28_swoVWA,20,,,"Die 139 Pflegeplätze sind aufgeteilt auf vier Wohnbereiche. In unserem Haus St. Ulrich verfügen alle Einzel - und Doppelzimmer über ein eigenes Bad und zum größten Teil über einen Balkon, von dem aus man einen weiten Blick über den Max-Eyth-See und die Stadt Stuttgart hat. Zur Einrichtung der Zimmer können gerne eigene Möbel mitgebracht werden.","Vollstationäre Pflege, Kurzzeitpflege, Tagespflege",,Auf allen Wohnbereichen wird eine aktivierende Pflege und Betreuung angeboten. Zusätzlich bietet die hausinterne Ergotherapie regelmäßig Einzel- und Gruppenaktivitäten an - auch im Rahmen der Betreuung nach §43b SGB XI. Regelmäßige Gottesdienste der katholischen und evangelischen Gemeinde in der hauseigenen Kapelle. Begegnungsstätte bietet ein abwechslungsreiches Freizeitprogramm sowie Betreuungsgruppen für ältere Menschen.,"Unser Haus St. Ulrich bietet in zentraler Lage im grünen Stadtteil Mönchfeld alten und pflegebedürftigen Menschen eine neue Heimat zum Wohlfühlen. In der näheren Umgebung des Hauses finden Sie verschiedene Einkaufsmöglichkeiten, Ärzte und eine gute Anbindung an den Öffentlichen Nahverkehr. Die Weinberge vor unserem Haus sowie der nahegelegene May-Eyth-See bieten eine gute Möglichkeit zur Naherholung.","Caritasverband für Stuttgart e.V. (kirchlich, katholisch)","Hauseigene Wäscherei sorgt für zuverlässige Reinigung der Kleidung. Lichtdurchfluteter Speisesaal mit täglich zwei Menüs zur Auswahl, Sonderkostformen möglich. Offener Mittagstisch für ältere Menschen und Besucher aus der Umgebung. Hausinterne Ergotherapie. Kapelle mit regelmäßigen Gottesdiensten. Tagespflege mit Fahrdienst. Begegnungsstätte mit Freizeitprogramm. Öffentliche Hausführungen jeden 4. Montag im Monat, 15 bis 16 Uhr. Fußläufig entfernt: Seniorenwohnpark Mönchfeld mit Wohnungen zur Miete.","Anmeldungen sowie Informationen zur Datenverarbeitung und der Schweigepflicht erhalten Sie auf der Seite unseres Teams Beratung und Aufnahme. Kontakt über das Team der Beratung und Aufnahme für Besichtigung, Anmietung und weitere Informationen."
21669,PASODI Seniorenheim Steckfeld,Steckfeldstr. 53,70599,Stuttgart,48.715745682022,9.1997141084828,7417,0711 4026140,,https://www.pasodi.de/,"Kurzzeitpflege, Langzeitpflege",True,"3.203,00 €",3537.9562,2458.2402,1210.716,0,3202.9970000000003,2343.86,1210.716,0,3202.9970000000003,2343.86,1210.716,0,3202.9970000000003,2343.86,1210.716,0,3202.9970000000003,2343.86,1210.716,0,,,,,,Teeküche ist für die individuelle Nutzung der Bewohner vorhanden,https://navigatoren.aok.de/etl/public/reports/2019/510/51082989770599-69476c177659f.pdf,0,,False,,,,,3.4,9,https://www.pasodi.de/,https://maps.google.com/?cid=5107145396762898110&g_mp=Cidnb29nbGUubWFwcy5wbGFjZXMudjEuUGxhY2VzLlNlYXJjaFRleHQQAhgEIAA,ChIJf9pFsxzDmUcRvu5S9q054EY,26,,,,,,,,,,
8826,AWO Seniorenzentrum Fasanenhof,Solferinoweg 7,70565,Stuttgart,48.715507947846,9.1568569235819,7552,0711 6998900,szfasanenhof@awo-wuerttemberg.de,http://www.seniorenzentrum-fasanenhof.de/,Langzeitpflege,False,"3.099,25 €",3262.6552,2298.8394000000003,1094.8158,0,3099.2518,2358.16,1094.8158,0,3099.2518,2358.16,1094.8158,0,3099.2518,2358.16,1094.8158,0,3099.2518,2358.16,1094.8158,0,Pflegegrad 1: k.A.; Pflegegrad 2: k.A.; Pflegegrad 3: k.A.; Pflegegrad 4: k.A.; Pflegegrad 5: k.A.,2008,Einrichtungseigene Aufenthaltsmöglichkeiten im Freien; Eigene Haustiere erlaubt,Internetzugang in den Bewohnerzimmern; Telefonanschluss in den Bewohnerzimmern; TV- oder Kabelanschluss in den Bewohnerzimmern; Möbelmitnahme möglich,"Wäscheversorgung (insbesondere Kleidung); Wäscheversorgung (insbesondere Kleidung); Gymnastik, Werken, Backen, Spiele, Rätsel, Musik, Ausflüge, Feste; Feiern, Ausflüge","Mahlzeiten werden in der Einrichtung zubereitet (nach Absprache); Zubereitung eigener Mahlzeiten möglich; Teeküche ist für die individuelle Nutzung der Bewohner vorhanden; Spezielle Kostformen nach Absprache möglich (z. B. vegetarisch, ohne Schweinefleisch); Diätkost (z.B. Diabetiker- oder Reduktionskost); Zwischenmahlzeiten (z.B. Joghurt, Obst) zur freien Verfügung; Getränke (kalt/heiß) zur freien Verfügung; Einnahme von Mahlzeiten auf Wunsch im eigenen Zimmer möglich; Gemeinschaftliches Mittagessen möglich",https://navigatoren.aok.de/etl/public/reports/2019/510/51081872570565-695731c350ddc.pdf,0,,False,,Alle Wohn- und Gemeinschaftsflächen sind für die Bewohner und deren Angehörige in der Einrichtung barrierefrei zugänglich.,,,3.2,24,http://www.seniorenzentrum-fasanenhof.de/,https://maps.google.com/?cid=13395256511694197182&g_mp=Cidnb29nbGUubWFwcy5wbGFjZXMudjEuUGxhY2VzLlNlYXJjaFRleHQQAhgEIAA,ChIJZ08WMCrdmUcRvlHFhtOC5bk,34,,,,,,,,,,
8531,Luise-Schleppe-Haus,Kornwestheimer Str. 30,70439,Stuttgart,48.849303993097,9.1591329850173,7731,0711 809080,,https://www.altenheimat.de/standorte/stammheim/unser-haus,Langzeitpflege,False,"3.201,11 €",3634.691800000001,2579.6160000000004,1186.0758,0,3201.1113,2370.63,1186.0758,0,3201.1113,2370.63,1186.0758,0,3201.1113,2370.63,1186.0758,0,3201.1113,2370.63,1186.0758,0,,,,,Einzugsgespräch in der Pflegeeinrichtung,Teeküche ist für die individuelle Nutzung der Bewohner vorhanden,https://navigatoren.aok.de/etl/public/reports/2019/510/51081244470439-697193f752a8a.pdf,3,https://navigatoren.aok.de/etl/public/images/nursing_home/image288412detail-63738b62d8e52.jpg; https://navigatoren.aok.de/etl/public/images/nursing_home/image288413detail-63738b62da027.jpg; https://navigatoren.aok.de/etl/public/images/nursing_home/image288414detail-63738b62daf4a.jpg,True,Besucher jederzeit willkommen,,,,4,9,https://www.altenheimat.de/standorte/stammheim/unser-haus,https://maps.google.com/?cid=4605354230538389174&g_mp=Cidnb29nbGUubWFwcy5wbGFjZXMudjEuUGxhY2VzLlNlYXJjaFRleHQQAhgEIAA,ChIJlfQyMWPQmUcRtkYVwEWB6T8,30,,,,,,,,,,
8868,Luise-Schleppe-Haus Junge Pflege,Kornwestheimer Str. 30,70439,Stuttgart,48.849303993097,9.1591329850173,7731,0711 809080,lsh@altenheimat.de,https://www.altenheimat.de/standorte/stammheim/unser-haus,Langzeitpflege,False,"4.152,33 €",4125.9748,3088.5426,1168.4322,0,4152.3317,3510.47,1168.4322,0,4152.3317,3510.47,1168.4322,0,4152.3317,3510.47,1168.4322,0,4152.3317,3510.47,1168.4322,0,Pflegegrad 1: k.A.; Pflegegrad 2: k.A.; Pflegegrad 3: k.A.; Pflegegrad 4: k.A.; Pflegegrad 5: k.A.,2009,Einrichtungseigene Aufenthaltsmöglichkeiten im Freien: Garten am Haus; Eigene Haustiere erlaubt: Nach Absprache,Telefonanschluss in den Bewohnerzimmern; TV- oder Kabelanschluss in den Bewohnerzimmern; Internetzugang in den Bewohnerzimmern: Über eigen Telefonanschluss; Möbelmitnahme möglich,Wäscheversorgung (insbesondere Kleidung); Reinigung der Zimmer; Soziale Betreuung; Teilweise werden Angebote durch externe Honorarkräfte erbracht; Soziale Betreuung; Für alle gesetzlich versicherten Bewohnerinnen und Bewohner besteht ein Beratungsangebot zur gesundheitlichen Versorgungsplanung nach § 132g SGB V durch einen weitergebildeten Berater.,"Diätkost (z.B. Diabetiker- oder Reduktionskost); Zubereitung eigener Mahlzeiten möglich; Teeküche ist für die individuelle Nutzung der Bewohner vorhanden; Mahlzeiten werden in der Einrichtung zubereitet (nach Absprache): Frühstück und Abendessen; Mittagessen aus Zentralküche des Trägers; Spezielle Kostformen nach Absprache möglich (z. B. vegetarisch, ohne Schweinefleisch); Zwischenmahlzeiten (z.B. Joghurt, Obst) zur freien Verfügung; Getränke (kalt/heiß) zur freien Verfügung; Einnahme von Mahlzeiten auf Wunsch im eigenen Zimmer möglich; Gemeinschaftliches Mittagessen möglich",https://navigatoren.aok.de/etl/public/reports/2019/510/51081940770439-696b1e3eb00b6.pdf,0,,True,Besucher jederzeit willkommen,Alle Wohn- und Gemeinschaftsflächen sind für die Bewohner und deren Angehörige in der Einrichtung barrierefrei zugänglich.,,,4,9,https://www.altenheimat.de/standorte/stammheim/unser-haus,https://maps.google.com/?cid=4605354230538389174&g_mp=Cidnb29nbGUubWFwcy5wbGFjZXMudjEuUGxhY2VzLlNlYXJjaFRleHQQAhgEIAA,ChIJlfQyMWPQmUcRtkYVwEWB6T8,30,,,,,,,,,,
8680,Alloheim Senioren-Residenz Leonardis,Albstr. 12-14,70806,Kornwestheim,48.851109977732,9.1860229750691,7757,07154 80820,kornwestheim@alloheim.de,https://www.alloheim.de/residenz/alloheim-senioren-residenz-leonardis-kornwestheim/?y_source=1_MTc4OTkzODQtNzE1LWxvY2F0aW9uLndlYnNpdGU=,"Kurzzeitpflege, Langzeitpflege",True,"3.030,03 €",3197.8606000000004,2276.6328000000003,1052.2278000000001,0,3030.0333,2326.83,1052.2278000000001,0,3030.0333,2326.83,1052.2278000000001,0,3030.0333,2326.83,1052.2278000000001,0,3030.0333,2326.83,1052.2278000000001,0,Pflegegrad 1: k.A.; Pflegegrad 2: k.A.; Pflegegrad 3: k.A.; Pflegegrad 4: k.A.; Pflegegrad 5: k.A.,,Einrichtungseigene Aufenthaltsmöglichkeiten im Freien; Eigene Haustiere,Telefonanschluss in den Bewohnerzimmern; TV- oder Kabelanschluss in den Bewohnerzimmern; Internetzugang in den Bewohnerzimmern; Möbelmitnahme,,"Mahlzeiten werden in der Einrichtung zubereitet (nach Absprache); Spezielle Kostformen nach Absprache möglich (z. B. vegetarisch, ohne Schweinefleisch); Diätkost (z.B. Diabetiker- oder Reduktionskost); Zwischenmahlzeiten (z.B. Joghurt, Obst) zur freien Verfügung; Getränke (kalt/heiß) zur freien Verfügung; Einnahme von Mahlzeiten auf Wunsch im eigenen Zimmer möglich; Zubereitung eigener Mahlzeiten möglich; Gemeinschaftliches Mittagessen möglich; Teeküche ist für die individuelle Nutzung der Bewohner vorhanden",https://navigatoren.aok.de/etl/public/reports/2019/510/51081633570806-69882c9652b54.pdf,0,,True,Besucher jederzeit willkommen,,Pflegezentrum Leonardis Betriebs GmbH (),,3,42,https://www.alloheim.de/residenz/alloheim-senioren-residenz-leonardis-kornwestheim/?y_source=1_MTc4OTkzODQtNzE1LWxvY2F0aW9uLndlYnNpdGU=,https://maps.google.com/?cid=8037034828660085237&g_mp=Cidnb29nbGUubWFwcy5wbGFjZXMudjEuUGxhY2VzLlNlYXJjaFRleHQQAhgEIAA,ChIJg6KN8hPQmUcR9RG6OZhIiW8,31,,,,,,,,,,
8429,Samariterstift,Kirchgässle 1,73760,Ostfildern,48.72890199231,9.251859963253,7773,0711 448090,samariterstift.ostfildern@samariterstiftung.de,https://www.samariterstiftung.de/standorte/altenpflege/esslingen/samariterstift-ostfildern.html,Langzeitpflege,False,"3.339,66 €",3490.5010000000007,2451.2436000000007,1170.2574,0,3339.6613999999995,2552.24,1170.2574,0,3339.6613999999995,2552.24,1170.2574,0,3339.6613999999995,2552.24,1170.2574,0,3339.6613999999995,2552.24,1170.2574,0,,,,,,Teeküche ist für die individuelle Nutzung der Bewohner vorhanden,https://navigatoren.aok.de/etl/public/reports/2019/510/51081049773760-69685658bb6df.pdf,0,,True,Besucher jederzeit willkommen,,SAMARITERSTIFT OSTFILDERN (),,4.3,4,https://www.samariterstiftung.de/standorte/altenpflege/esslingen/samariterstift-ostfildern.html,https://maps.google.com/?cid=18195896278202437456&g_mp=Cidnb29nbGUubWFwcy5wbGFjZXMudjEuUGxhY2VzLlNlYXJjaFRleHQQAhgEIAA,ChIJCZWxP8LDmUcRUM8bUELPhPw,11,,,,,,,,,,
8721,Filderhof,Herrenberger Str. 29,70563,Stuttgart,48.727223983824,9.1131019623861,7853,0711 21689160,Filderhof@stuttgart.de,https://www.leben-und-wohnen.de/einrichtungen/filderhof,Langzeitpflege,False,"3.437,90 €",3676.0630000000006,2648.9736000000007,1158.0894,0,3437.8999,2682.13,1158.0894,0,3437.8999,2682.13,1158.0894,0,3437.8999,2682.13,1158.0894,0,3437.8999,2682.13,1158.0894,0,Pflegegrad 1: k.A.; Pflegegrad 2: k.A.; Pflegegrad 3: k.A.; Pflegegrad 4: k.A.; Pflegegrad 5: k.A.,,Einrichtungseigene Aufenthaltsmöglichkeiten im Freien; Eigene Haustiere,Telefonanschluss in den Bewohnerzimmern; TV- oder Kabelanschluss in den Bewohnerzimmern; Internetzugang in den Bewohnerzimmern; Möbelmitnahme,Einzugsgespräch in der Pflegeeinrichtung,"Mahlzeiten werden in der Einrichtung zubereitet (nach Absprache); Spezielle Kostformen nach Absprache möglich (z. B. vegetarisch, ohne Schweinefleisch); Diätkost (z.B. Diabetiker- oder Reduktionskost); Zwischenmahlzeiten (z.B. Joghurt, Obst) zur freien Verfügung; Getränke (kalt/heiß) zur freien Verfügung; Einnahme von Mahlzeiten auf Wunsch im eigenen Zimmer möglich; Zubereitung eigener Mahlzeiten möglich; Gemeinschaftliches Mittagessen möglich; Teeküche ist für die individuelle Nutzung der Bewohner vorhanden",https://navigatoren.aok.de/etl/public/reports/2019/510/51081701870563-6925ae58233f0.pdf,1,https://navigatoren.aok.de/etl/public/images/nursing_home/image285792detail-63738b5ee8cae.jpg,True,Besucher jederzeit willkommen,,,,4.7,6,https://www.leben-und-wohnen.de/einrichtungen/filderhof,https://maps.google.com/?cid=16717195366529785117&g_mp=Cidnb29nbGUubWFwcy5wbGFjZXMudjEuUGxhY2VzLlNlYXJjaFRleHQQAhgEIAA,ChIJK5mlaVbcmUcRHV3QRp1o_-c,14,,,,,,,,,,
9936,Paritätische Sozialdienste gGmbH Paritätisches Mehrgenerationenzentrum,Hauptstr. 28,70563,Stuttgart,48.730552866205,9.1072989354822,7863,0711 76101014,info@pasodi.de,https://www.pasodi.de/pflegeheime/stuttgart-vaihingen/,"Kurzzeitpflege, Langzeitpflege",True,"3.102,81 €",3454.9096000000004,2415.6522000000004,1170.2574,0,3102.8089,2273.59,1170.2574,0,3102.8089,2273.59,1170.2574,0,3102.8089,2273.59,1170.2574,0,3102.8089,2273.59,1170.2574,0,Pflegegrad 1: k.A.; Pflegegrad 2: k.A.; Pflegegrad 3: k.A.; Pflegegrad 4: k.A.; Pflegegrad 5: k.A.,,Einrichtungseigene Aufenthaltsmöglichkeiten im Freien; Eigene Haustiere,Möbelmitnahme möglich; Telefonanschluss in den Bewohnerzimmern; TV- oder Kabelanschluss in den Bewohnerzimmern; Internetzugang in den Bewohnerzimmern,,"Spezielle Kostformen nach Absprache möglich (z. B. vegetarisch, ohne Schweinefleisch); Diätkost (z.B. Diabetiker- oder Reduktionskost); Zwischenmahlzeiten (z.B. Joghurt, Obst) zur freien Verfügung; Getränke (kalt/heiß) zur freien Verfügung; Einnahme von Mahlzeiten auf Wunsch im eigenen Zimmer möglich; Gemeinschaftliches Mittagessen möglich; Mahlzeiten werden in der Einrichtung zubereitet (nach Absprache); Zubereitung eigener Mahlzeiten möglich; Teeküche ist für die individuelle Nutzung der Bewohner vorhanden",https://navigatoren.aok.de/etl/public/reports/2019/512/51281122170563-68ee69ec2f1a2.pdf,0,,False,,,,,4,28,https://www.pasodi.de/pflegeheime/stuttgart-vaihingen/,https://maps.google.com/?cid=5376644292172145255&g_mp=Cidnb29nbGUubWFwcy5wbGFjZXMudjEuUGxhY2VzLlNlYXJjaFRleHQQAhgEIAA,ChIJyUBYlFDcmUcRZ2KNPn-tnUo,83,,,,,,,,,,
8532,Philipp-Paulus-Heim,Pfarrstr. 39,70734,Fellbach,48.808163977471,9.2813819272557,7875,0711 57500,,http://fellbach.altenheimat.de/,"Kurzzeitpflege, Langzeitpflege",True,"3.140,87 €",3608.2264000000005,2558.3220000000006,1180.9044000000001,0,3140.8684000000003,2305.84,1180.9044000000001,0,3140.8684000000003,2305.84,1180.9044000000001,0,3140.8684000000003,2305.84,1180.9044000000001,0,3140.8684000000003,2305.84,1180.9044000000001,0,,,,,,Teeküche ist für die individuelle Nutzung der Bewohner vorhanden,https://navigatoren.aok.de/etl/public/reports/2019/510/51081246670734-6974613dcb3e5.pdf,0,,True,Besucher jederzeit willkommen,,,,3.8,10,http://fellbach.altenheimat.de/,https://maps.google.com/?cid=5401743277145263109&g_mp=Cidnb29nbGUubWFwcy5wbGFjZXMudjEuUGxhY2VzLlNlYXJjaFRleHQQAhgEIAA,ChIJN7kKvcLFmUcRBQwZEuTY9ko,1,,,,,,,,,,
8128,Philipp-Paulus-Heim Junge Pflege,Pfarrstr. 39,70734,Fellbach,48.808163977471,9.2813819272557,7875,0711 57500,,http://fellbach.altenheimat.de/,"Kurzzeitpflege, Langzeitpflege",True,"4.122,37 €",4209.629800000001,3163.3758000000003,1177.2540000000001,0,4122.368,3464.84,1177.2540000000001,0,4122.368,3464.84,1177.2540000000001,0,4122.368,3464.84,1177.2540000000001,0,4122.368,3464.84,1177.2540000000001,0,,,,,,Teeküche ist für die individuelle Nutzung der Bewohner vorhanden,https://navigatoren.aok.de/etl/public/reports/2019/510/51080096370734-698d50cf9feeb.pdf,0,,False,,,,,3.8,10,http://fellbach.altenheimat.de/,https://maps.google.com/?cid=5401743277145263109&g_mp=Cidnb29nbGUubWFwcy5wbGFjZXMudjEuUGxhY2VzLlNlYXJjaFRleHQQAhgEIAA,ChIJN7kKvcLFmUcRBQwZEuTY9ko,1,,,,,,,,,,
8771,Seniorenzentrum Schmiden,Tournonstr. 1,70736,Fellbach,48.831647997032,9.25839197301,7914,0711 9011990,,http://schmiden.altenheimat.de/,"Kurzzeitpflege, Langzeitpflege",True,"2.852,38 €",3393.157,2365.155,1159.0020000000002,0,2852.3804999999998,1992.21,1159.0020000000002,0,2852.3804999999998,1992.21,1159.0020000000002,0,2852.3804999999998,1992.21,1159.0020000000002,0,2852.3804999999998,1992.21,1159.0020000000002,0,,,,,,Teeküche ist für die individuelle Nutzung der Bewohner vorhanden,https://navigatoren.aok.de/etl/public/reports/2019/510/51081792870736-694f4d884113e.pdf,0,,True,Besucher jederzeit willkommen,,,,3.1,21,http://schmiden.altenheimat.de/,https://maps.google.com/?cid=10976706118768368384&g_mp=Cidnb29nbGUubWFwcy5wbGFjZXMudjEuUGxhY2VzLlNlYXJjaFRleHQQAhgEIAA,ChIJU6RNAn7PmUcRAJsL1Q4YVZg,7,,,Einzelzimmer - Das Pflegeheim bietet 76 Personen stationäre Dauerpflege und Kurzzeitpflege im Einzelzimmer. Ein helles freundliches Haus für 76 Bewohner*innen mit schönen Einzelzimmern,"Dauerpflege (stationäre Dauerpflege für 76 Personen), Kurzzeitpflege, Tagespflege (10 Plätze), Betreutes Wohnen (27 Eigentumswohnungen)","Menschen, die körperlich pflegebedürftig sind, sind im Seniorenzentrum Schmiden genauso willkommen wie Menschen, die an einer Demenz erkrankt sind. Demenzbetreuung vorhanden.",Kunst und Kultur als Bereicherung des Hauslebens. Ein lebendiges Haus mit vielen Möglichkeiten für Kontakt und Begegnung,"Das Seniorenzentrum Schmiden liegt zentral und gleichzeitig naturnah. Das Ortszentrum von Schmiden mit Einkaufsmöglichkeiten ist in wenigen Minuten erreichbar. Die landschaftliche Umgebung mit dem weitläufigen Schmidener Feld lädt zu Spaziergängen ein. Begrünte Innenhöfe, ein schöner beschützter Garten mit Wasserspiel",Stiftung Evangelische Altenheimat - kirchlicher/evangelischer Träger,"Wohngruppenkonzept: Die Pflegewohnbereiche sind nach dem Wohngruppenkonzept gestaltet. Dieses ermöglicht ein möglichst natürliches und familienähnliches Zusammenleben in kleinen Wohneinheiten. Familiäre Wohnküchen, Cafeteria und Aufenthaltsraum. Ein in den Stadtteil offenes Haus, in dem Besucher*innen und Gäste willkommen sind. Raum für Ruhe und Privatsphäre. Eröffnet im Juli 2007.","Marco Natanni, Einrichtungsleiter, Tel.: 0711 901199-30, E-Mail: natanni@altenheimat.de. Seniorenzentrum Schmiden, Tournonstr. 1, 70736 Fellbach-Schmiden, Tel.: 0711 901199-0, Fax: 0711 901199-99, E-Mail: szs@altenheimat.de. Aufnahmeantrag kann heruntergeladen, am PC ausgefüllt und per Mail geschickt werden."
8465,Breitwiesenhaus,Bergheimer Weg 45,70839,Gerlingen,48.800531983901,9.0772429230431,7952,07156 430111,m.kaufmann@breitwiesenhaus.de,https://www.breitwiesenhaus.de/,Langzeitpflege,False,"3.228,43 €",3393.4612000000006,2359.6794000000004,1164.7818,0,3228.4287999999997,2427.82,1164.7818,0,3228.4287999999997,2427.82,1164.7818,0,3228.4287999999997,2427.82,1164.7818,0,3228.4287999999997,2427.82,1164.7818,0,Pflegegrad 1: k.A.; Pflegegrad 2: k.A.; Pflegegrad 3: k.A.; Pflegegrad 4: k.A.; Pflegegrad 5: k.A.,1978,Einrichtungseigene Aufenthaltsmöglichkeiten im Freien; Eigene Haustiere erlaubt: In Absprache; Bibliothek,Telefonanschluss in den Bewohnerzimmern; TV- oder Kabelanschluss in den Bewohnerzimmern; Internetzugang in den Bewohnerzimmern; Möbelmitnahme möglich,"Wäscheversorgung (insbesondere Kleidung); Einzugsgespräch in der Pflegeeinrichtung; Angehörige können sich im Fürsprechergremium engagieren.; Friseur im Haus, Physiotherapiepraxis im Haus","Gemeinschaftliches Mittagessen möglich; Teeküche ist für die individuelle Nutzung der Bewohner vorhanden; Mahlzeiten werden in der Einrichtung zubereitet (nach Absprache): Wir kochen selbst und bieten in unsererm öffentlichen Resteraunt einen Mittagstisch an.; Spezielle Kostformen nach Absprache möglich (z. B. vegetarisch, ohne Schweinefleisch); Diätkost (z.B. Diabetiker- oder Reduktionskost); Zwischenmahlzeiten (z.B. Joghurt, Obst) zur freien Verfügung; Getränke (kalt/heiß) zur freien Verfügung; Einnahme von Mahlzeiten auf Wunsch im eigenen Zimmer möglich; Zubereitung eigener Mahlzeiten möglich",https://navigatoren.aok.de/etl/public/reports/2019/510/51081118170839-698d50d4bd54b.pdf,0,,True,Besucher jederzeit willkommen,Alle Wohn- und Gemeinschaftsflächen sind für die Bewohner und deren Angehörige in der Einrichtung barrierefrei zugänglich.,Heimleitung  (),,4.1,15,https://www.breitwiesenhaus.de/,https://maps.google.com/?cid=13959470774890978587&g_mp=Cidnb29nbGUubWFwcy5wbGFjZXMudjEuUGxhY2VzLlNlYXJjaFRleHQQAhgEIAA,ChIJz-PvhHnZmUcRG93SlbUAusE,30,,,,"Tagespflege, Kurzzeitpflege, Dauerpflege",,,"Bergheimer Weg 45, 70839 Gerlingen",Altenhilfezentrum Gerlingen gGmbH,"Café Vielfalt (öffentliches Café), Menüservice (Essenslieferung), Betreutes Wohnen zusätzlich zur Pflege verfügbar","Telefon: 07156 4301-0, Fax: 07156 4301-22, Email: info@breitwiesenhaus.de, Tagespflege Telefon: 07156 4301-30, Menü-Service Telefon: 07156 4301-24, Rezeption Öffnungszeiten: regulär 09:30-17:00 Uhr, Anmeldung zur Aufnahme als PDF verfügbar"
8572,Haus am Kappelberg,Stettener Str. 23-25,70734,Fellbach,48.804054987303,9.2851529649869,7976,0711 342660,haus-am-kappelberg@wohlfahrtswerk.de,https://www.wohlfahrtswerk.de/haus-am-kappelberg,Langzeitpflege,False,"3.291,17 €",3516.9664000000002,2473.4502,1174.5162,0,3291.1692,2490.18,1174.5162,0,3291.1692,2490.18,1174.5162,0,3291.1692,2490.18,1174.5162,0,3291.1692,2490.18,1174.5162,0,Pflegegrad 1: k.A.; Pflegegrad 2: k.A.; Pflegegrad 3: k.A.; Pflegegrad 4: k.A.; Pflegegrad 5: k.A.,2008,Einrichtungseigene Aufenthaltsmöglichkeiten im Freien; Bibliothek; Eigene Haustiere,Internetzugang in den Bewohnerzimmern; Telefonanschluss in den Bewohnerzimmern; TV- oder Kabelanschluss in den Bewohnerzimmern; Möbelmitnahme möglich,"Wäscheversorgung (insbesondere Kleidung); Gymnastik, Ballspiele, Kegeln, Vorlesen, Begleitete Kaffeestunde, Gedächtnistraining, Singen","Mahlzeiten werden in der Einrichtung zubereitet (nach Absprache); Zubereitung eigener Mahlzeiten möglich; Teeküche ist für die individuelle Nutzung der Bewohner vorhanden; Spezielle Kostformen nach Absprache möglich (z. B. vegetarisch, ohne Schweinefleisch); Diätkost (z.B. Diabetiker- oder Reduktionskost); Zwischenmahlzeiten (z.B. Joghurt, Obst) zur freien Verfügung; Getränke (kalt/heiß) zur freien Verfügung; Einnahme von Mahlzeiten auf Wunsch im eigenen Zimmer möglich; Gemeinschaftliches Mittagessen möglich",https://navigatoren.aok.de/etl/public/reports/2019/510/51081339870734-697da7b616923.pdf,2,https://navigatoren.aok.de/etl/public/images/nursing_home/image285602detail-63738b5eb9db3.jpg; https://navigatoren.aok.de/etl/public/images/nursing_home/image285604detail-63738b5ebb207.jpg,True,Besucher jederzeit willkommen,Alle Wohn- und Gemeinschaftsflächen sind für die Bewohner und deren Angehörige in der Einrichtung barrierefrei zugänglich.,HAUS AM KAPPELBERG (),,4.7,60,https://www.wohlfahrtswerk.de/haus-am-kappelberg,https://maps.google.com/?cid=1291334236530617208&g_mp=Cidnb29nbGUubWFwcy5wbGFjZXMudjEuUGxhY2VzLlNlYXJjaFRleHQQAhgEIAA,ChIJBZZhe9zFmUcReCu1dqW96xE,13,,Eine Preisliste ist verfügbar (Link zur Preisliste vorhanden auf der Webseite),,"Betreutes Wohnen, Pflegeheim, Tagespflege, Kurzzeitpflege, Pflege und Betreuung zu Hause, Mobile Dienste, Gästemittagstisch",,"Männerstammtisch, Konzerte und Theateraufführungen, Vorträge, Tagesausflüge, Rikscha-Fahrten (Fahrtwind und schöne Erlebnisse). Ehrenamtliche organisieren regelmäßige Aktivitäten und Veranstaltungen.",Das Haus am Kappelberg liegt am Fuß der Fellbacher Weinberge in Fellbach. Die malerische Umgebung lädt zu Spaziergängen ein und das Stadtzentrum ist bequem mit öffentlichen Verkehrsmitteln zu erreichen. Familiäre Atmosphäre im Haus.,Wohlfahrtswerk für Baden-Württemberg (gemeinnütziger Träger),"Familiäre Atmosphäre, aktiver Förderverein (gegründet 2015) zur Verbesserung der Lebensqualität der Bewohner, umfangreiches Ehrenamtsprogramm, Rikscha-Projekt für Ausfahrten, Ausbildungsbetrieb für generalistische Pflegeausbildung. Qualitätsinformationen und MDK-Berichte sind öffentlich verfügbar.","Telefon: 0711 575 41-0, Mirjam Dettenhammer (Leitung Sozialdienst): Tel. 0711 57541-24, Elfriede Bartz (Förderverein Vorstandsvorsitzende): Tel. 0170 45 22 526, E-Mail: elfiebartz@outlook.de. Wohnanfrage-Formular und Kontaktseite verfügbar. Hauptsitz Wohlfahrtswerk: Schloßstraße 80, 70176 Stuttgart, Tel: 0711 61926-0, info@wohlfahrtswerk.de"
8571,Jakob-Sigle-Heim,Rosensteinstr. 28-30,70806,Kornwestheim,48.855834951024,9.189903966591,8297,07154 13250,jakob-sigle-heim@wohlfahrtswerk.de,https://wohlfahrtswerk.de/jakob-sigle-heim,"Kurzzeitpflege, Langzeitpflege",True,"3.156,18 €",3463.1230000000005,2442.1176,1152.0054,0,3156.1779,2357.85,1152.0054,0,3156.1779,2357.85,1152.0054,0,3156.1779,2357.85,1152.0054,0,3156.1779,2357.85,1152.0054,0,Pflegegrad 1: k.A.; Pflegegrad 2: k.A.; Pflegegrad 3: k.A.; Pflegegrad 4: k.A.; Pflegegrad 5: k.A.,2017,Eigene Haustiere; Einrichtungseigene Aufenthaltsmöglichkeiten im Freien,"Telefonanschluss in den Bewohnerzimmern; TV- oder Kabelanschluss in den Bewohnerzimmern; Internetzugang in den Bewohnerzimmern; Möbelmitnahme möglich: Pflegebett, Nachtisch und Kleiderschrank wird von der Einrichtung zur Verfügung gestellt. ","Wäscheversorgung (insbesondere Kleidung); Reinigung der Zimmer; Hausmeisterservice; Soziale Betreuung; Das JSH verfügt über eine hauseigene Wäscherei.; Wäscheversorgung (insbesondere Kleidung); Hausmeisterservice; Soziale Betreuung; Kraft- und Balancetraining, Gedächtnistraining, Tanzen im Sitzen, jahreszeitliche Feste, uvm.; Angehörige sind in der tägliche Versorgung und Betreuung je nach Wunsch eingebunden.","Diätkost (z.B. Diabetiker- oder Reduktionskost); Teeküche ist für die individuelle Nutzung der Bewohner vorhanden; Mahlzeiten werden in der Einrichtung zubereitet (nach Absprache): Das Haus verfügt über eine Zentralküche sowie über 4 stationäre Wohngemeinschaften.; Spezielle Kostformen nach Absprache möglich (z. B. vegetarisch, ohne Schweinefleisch); Zwischenmahlzeiten (z.B. Joghurt, Obst) zur freien Verfügung; Getränke (kalt/heiß) zur freien Verfügung; Einnahme von Mahlzeiten auf Wunsch im eigenen Zimmer möglich; Zubereitung eigener Mahlzeiten möglich; Gemeinschaftliches Mittagessen möglich",https://navigatoren.aok.de/etl/public/reports/2019/510/51081338770806-6936d9bd539d9.pdf,0,,True,Besucher jederzeit willkommen,Alle Wohn- und Gemeinschaftsflächen sind für die Bewohner und deren Angehörige in der Einrichtung barrierefrei zugänglich.,,,3.6,28,https://wohlfahrtswerk.de/jakob-sigle-heim,https://maps.google.com/?cid=2900379426516943427&g_mp=Cidnb29nbGUubWFwcy5wbGFjZXMudjEuUGxhY2VzLlNlYXJjaFRleHQQAhgEIAA,ChIJdfilPhbQmUcRQ8Jkt7g3QCg,57,,"Eine Preisliste ist verfügbar (Link zur Preisliste vorhanden, aber keine konkreten Zahlen auf der Hauptseite genannt)","71 neue Mietwohnungen im Betreuten Wohnen - alle Wohnungen haben einen Balkon oder eine Terrasse, sind großzügig geschnitten, hell und mit hochwertigen Materialien ausgestattet. Eine Einbauküche fügt sich harmonisch in den Wohnraum ein. Der Hausnotruf bietet Sicherheit im Alltag.","Pflegeheim (Langzeitpflege), Betreutes Wohnen, Tagespflege, ambulante Dienste (Mobile Dienste), Pflege und Betreuung zu Hause",,"Chorprojekt, Vorlese- und Spielerunden, Spaziergänge und Ausflüge, Flohmarkt und viele Feste, wöchentliche gemeinsame Rollstuhlausfahrt bei gutem Wetter, Rikscha-Fahrten, Ergotherapie im Haus, vielfältige Angebote im Haus zur Bereicherung des Alltags und zur Stärkung von Gesundheit und Fitness","Kornwestheim - stark in der Stadt vernetzt, Tagespflege mit gemütlichen, hellen Räumlichkeiten, die sich zur Terrasse und zum Garten hin öffnen",Wohlfahrtswerk für Baden-Württemberg,"Mehr als 50 Jahre Bestehen, genießt als Pflegeheim einen guten Ruf. Auszeichnung 2019: Siegel in Gold als 'Botschafter emotionaler Genuss' für kreative Konzepte bei der Verpflegung von Senioren. Förderverein 'Miteinander e.V.' mit vielen ehrenamtlich tätigen Menschen. Praxis für Ergotherapie im Haus. Lebendiges Haus mit vielen Angeboten und abwechslungsreichem Alltag.","Telefon: 07154 1325-0, E-Mail: jakob-sigle-heim@wohlfahrtswerk.de, Einrichtungsleiterin: Beate Dornbusch, Wohnanfrage-Formular verfügbar, Kontakt & Anfahrt-Seite vorhanden"
8588,Katharinenstift Esslingen,Sulzgrieser Str. 121-123,73733,Esslingen,48.759771962305,9.2912619580766,8372,0711 9378430,katharinenstift@zieglersche.de,,Langzeitpflege,False,"3.531,90 €",3673.9336000000003,2589.0462,1215.8874,0,3531.8994,2724.72,1215.8874,0,3531.8994,2724.72,1215.8874,0,3531.8994,2724.72,1215.8874,0,3531.8994,2724.72,1215.8874,0,,,,,,Teeküche ist für die individuelle Nutzung der Bewohner vorhanden,https://navigatoren.aok.de/etl/public/reports/2019/510/51081392473733-694dfd4e28244.pdf,0,,True,Besucher jederzeit willkommen,,,,4.3,40,,https://maps.google.com/?cid=13758090891933641421&g_mp=Cidnb29nbGUubWFwcy5wbGFjZXMudjEuUGxhY2VzLlNlYXJjaFRleHQQAhgEIAA,ChIJfZkmH6XGmUcRzeo90cWO7r4,9,,,,,,,,,,
8510,AWO Seniorenzentrum am Stadtgarten,Badstr. 8,70806,Kornwestheim,48.863999961966,9.1865399555151,9190,07154 808890,,http://www.seniorenzentrum-kornwestheim.de/,Langzeitpflege,False,"3.043,22 €",3332.3170000000005,2292.1470000000004,1171.17,0,3043.2185,2202.41,1171.17,0,3043.2185,2202.41,1171.17,0,3043.2185,2202.41,1171.17,0,3043.2185,2202.41,1171.17,0,,,,,,Teeküche ist für die individuelle Nutzung der Bewohner vorhanden,https://navigatoren.aok.de/etl/public/reports/2019/510/51081195570806-6943698e0d109.pdf,0,,False,,,,,4,23,http://www.seniorenzentrum-kornwestheim.de/,https://maps.google.com/?cid=508460097457568522&g_mp=Cidnb29nbGUubWFwcy5wbGFjZXMudjEuUGxhY2VzLlNlYXJjaFRleHQQAhgEIAA,ChIJMetrkTjQmUcRCjtrw8NpDgc,9,,,großzügige Zimmer in familiären Wohngruppen,"stationäre Pflege, Kurzzeitpflege, Servicewohnen (früher bekannt als betreutes Wohnen)",,"abwechslungsreiches Freizeitangebot durch das Team der sozialen Betreuung, regelmäßige Veranstaltungen wie Feste und Feiern, Theateraufführungen, Public Viewing im hausinternen großen Erwin-Schöttle-Saal. Aktuelle Veranstaltungen: Bayrische Woche, Theaterstück über Demenz, Klavierabend, Zirkus und Streichelzoo","liegt im Zentrum von Kornwestheim, direkt am idyllischen Stadtgarten und ist somit mit viel grün umgeben",AWO Bezirksverband Württemberg e.V.,"modernes Haus, erst vor wenigen Jahren nach einer Generalsanierung neu eröffnet, hauseigene Küche versorgt Bewohner und Gäste mit leckerer und gesunder Kost, 10 Jahre Jubiläum gefeiert","Einrichtungsleitung: Dirk Fahrin, Adresse: Badstr. 8, 70806 Kornwestheim, Telefon: 07154 - 80889 0, Fax: 07154 - 80889 219, E-Mail: szkornwestheim@awo-wuerttemberg.de"
9886,Samariterstift im Nachbarschaftshaus,Bonhoefferstr. 4,73760,Ostfildern,48.721514969959,9.2691239660463,9235,0711 900382100,Samariterstift-im-nachbarschaftshaus@samariterstiftung.de,http://www.samariterstiftung.de/,"Kurzzeitpflege, Langzeitpflege",True,"3.372,07 €",3484.7212000000004,2444.8554000000004,1170.8658,0,3372.0683000000004,2589.65,1170.8658,0,3372.0683000000004,2589.65,1170.8658,0,3372.0683000000004,2589.65,1170.8658,0,3372.0683000000004,2589.65,1170.8658,0,,,,,,Teeküche ist für die individuelle Nutzung der Bewohner vorhanden,https://navigatoren.aok.de/etl/public/reports/2019/512/51281048073760-69021930d3379.pdf,0,,False,,,,,,0,http://www.samariterstiftung.de/,https://maps.google.com/?cid=17845435502620649577&g_mp=Cidnb29nbGUubWFwcy5wbGFjZXMudjEuUGxhY2VzLlNlYXJjaFRleHQQAhgEIAA,ChIJ_XsXX2LBmUcRaSjZWwq5p_c,7,,,,"Die Samariterstiftung bietet Altenhilfe und Pflege, Behindertenhilfe, Sozialpsychiatrie und Hospizarbeit an. Spezifische Pflegeangebote müssen auf den einzelnen Standortseiten eingesehen werden.","Altenhilfe und Pflege, Behindertenhilfe, Sozialpsychiatrie, Hospizarbeit",Kinästhetik-Fachtag für Mitarbeitende erwähnt; spezifische Aktivitäten für Bewohner nicht auf der Hauptseite aufgeführt,"Standorte in mehreren Landkreisen: Böblingen, Esslingen, Göppingen, Heidenheim, Ostalb, Reutlingen, Schwäbisch Hall, Stuttgart, Tübingen. Hauptsitz in Nürtingen.","Samariterstiftung, Nürtingen - gemeinnützige Stiftung. Die Organisation ist Mitglied der Gemeinwohl-Ökonomie.",Große Organisation mit Standorten in mehreren Landkreisen Baden-Württembergs. Engagement in der Gemeinwohl-Ökonomie. Eigenes Magazin 'achtSAM'. Kirchberger Dialog als Veranstaltungsformat. Ehrenamtliches Engagement wird gefördert über 'Zeit für Menschen'. Café 'Samocca' in den Ostalb-Werkstätten.,"IBAN für Spenden: DE50 6005 0101 0001 1008 82, BIC: SOLDAEST600, BW Bank. Allgemeine Kontaktmöglichkeiten über die Website verfügbar. Spezifische Kontaktdaten für einzelne Einrichtungen nicht auf der Hauptseite aufgeführt."
8524,Hans-Rehn-Stift,Supperstr. 28-32,70565,Stuttgart,48.718888990007,9.0983589916062,9261,0711 21689510,empfang.hansrehnstift@stuttgart.de,https://leben-und-wohnen.de/standorte/hans-rehn-stift,Langzeitpflege,False,"3.634,77 €",3745.7248,2702.5128000000004,1174.2120000000002,0,3634.7665,2894.77,1174.2120000000002,0,3634.7665,2894.77,1174.2120000000002,0,3634.7665,2894.77,1174.2120000000002,0,3634.7665,2894.77,1174.2120000000002,0,Pflegegrad 1: k.A.; Pflegegrad 2: k.A.; Pflegegrad 3: k.A.; Pflegegrad 4: k.A.; Pflegegrad 5: k.A.,,Einrichtungseigene Aufenthaltsmöglichkeiten im Freien; Eigene Haustiere erlaubt: mit Zustimmung der Einrichtung ,Internetzugang in den Bewohnerzimmern; Telefonanschluss in den Bewohnerzimmern; TV- oder Kabelanschluss in den Bewohnerzimmern; Möbelmitnahme möglich,"Wäscheversorgung (insbesondere Kleidung); Reinigung der Zimmer; Hausmeisterservice; Soziale Betreuung; Kino, Singen, Tanz, Sport, Backen, Basteln, Bingo, Clown, Konzerte, Feste- und Feiern, u.v.m.; Feste und Feiern, Beirat","Spezielle Kostformen nach Absprache möglich (z. B. vegetarisch, ohne Schweinefleisch); Diätkost (z.B. Diabetiker- oder Reduktionskost); Zwischenmahlzeiten (z.B. Joghurt, Obst) zur freien Verfügung; Getränke (kalt/heiß) zur freien Verfügung; Einnahme von Mahlzeiten auf Wunsch im eigenen Zimmer möglich; Zubereitung eigener Mahlzeiten möglich; Gemeinschaftliches Mittagessen möglich; Mahlzeiten werden in der Einrichtung zubereitet (nach Absprache); Teeküche ist für die individuelle Nutzung der Bewohner vorhanden",https://navigatoren.aok.de/etl/public/reports/2019/510/51081221770565-6936d8c209b09.pdf,0,,True,Besucher jederzeit willkommen,Alle Wohn- und Gemeinschaftsflächen sind für die Bewohner und deren Angehörige in der Einrichtung barrierefrei zugänglich.,"HANS REHN STIFT, Sozialdienst Jutta Gronemeyer ()",,4.6,8,https://leben-und-wohnen.de/standorte/hans-rehn-stift,https://maps.google.com/?cid=12966038706479394258&g_mp=Cidnb29nbGUubWFwcy5wbGFjZXMudjEuUGxhY2VzLlNlYXJjaFRleHQQAhgEIAA,ChIJ1c-tXLLdmUcR0m2rq4Gf8LM,58,,"Die Kosten für einen Pflegeplatz setzen sich aus vier Hauptkomponenten zusammen: Pflegebedingte Aufwendungen, Unterkunft, Verpflegung, Investitionskosten. Eine Preisliste ist als Download verfügbar (Preisliste_HansRehnStift_01.01.2026.pdf). Der Eigenbetrieb leben&wohnen verfolgt keine Gewinnerzielungsabsicht und führt jährlich Verhandlungen mit den zuständigen Kostenträgern, den örtlichen Sozialhilfeträgern und den Pflegekassen.",,"Vollstationäre Pflege (75 vollstationäre Pflegeplätze), Kurzzeitpflege (Kurzzeitpflegeplätze verfügbar)",,"Vielfältiges Freizeitangebot mit Konzerten, Festen, Theater, Kino, Erzählsalon, Ausflügen, kreativem Gestalten, Training von Bewegung und Motorik. Begegnungsstätte mit vielfältigem Angebot für Bewohner*innen, Angehörige und Nachbar*innen. Das hauseigene Rehn Magazin informiert regelmäßig über das Programm und die aktuellen Aktivitäten.","Das Hans Rehn Stift liegt im Stuttgarter Stadtteil Rohr in herrlicher Halbhöhe mitten in einem Park und bietet einen wunderschönen Ausblick auf die Umgebung. Park mit altem Baumbestand und hauseigenem Bouleplatz. Das Haus ist eingebettet in die Gemeinschaft und trägt aktiv zum sozialen Leben im Stadtteil bei. Adresse: Supperstraße 28-32, 70565 Stuttgart. Erreichbar mit S-Bahn-Linien S1, S2, S3 oder Stadtbahn-Linien U3, U8, U14 bis Bahnhof Vaihingen, dann Buslinie 82 Richtung Rohrer Höhe bis Haltestelle Hans Rehn Stift. Parkplätze vor der Einrichtung verfügbar.","Eigenbetrieb der Landeshauptstadt Stuttgart (leben&wohnen), zu 100 Prozent städtisch, verpflichtet sich dem Wohl der Stuttgarter Bürger*innen, verfolgt keine Gewinnerzielungsabsicht.","Das Haus hat den Charme der 70er-Jahre, der dem Haus seinen einzigartigen Charakter verleiht. Es war früher die erste Adresse in der Region und ist auch heute noch eine begehrte Institution. Viele aus Vaihingen und Rohr kennen das Haus aus der eigenen Familiengeschichte - ein vertrauter Ort, der Generationen verbindet. Vollausgestatteter Zahnarztraum, Friseur und Fußpflege im Haus. Unterstützung durch den Sozialdienst bei Kontakten zu Ämtern und Kostenträgern, sozialrechtlichen Angelegenheiten und persönlichen Sorgen. Ehrenamtliche engagieren sich als Besuchsdienst und Ausflugsbegleitung. Begegnungsstätte Hans im Quartier.","Telefon: 0711 216-89510, Telefax: 0711 216-89542. Ansprechpartner: Sebastian Alban (Einrichtungsleitung, Tel: 0711 216-89518), Valbona Shala (Pflegedienstleitung, Tel: 0711 216-89549), René Block (Pflegedienstleitung, Tel: 0711 216-89557), Jutta Gronemeyer (Sozialdienst, Tel: 0711 216-89522), Ingrid Aumaier-Sauereisen (Hauswirtschaftliche Betriebsleitung, Tel: 0711 216-89516). Formulare zum Download: Ärztliches Zeugnis, Aufnahmeantrag."
8799,Seniorendomizil Esslingen Haus Melchior,Schelztorstr. 37/1,73728,Esslingen,48.742150947533,9.298000939675,9567,0711 540700,vera.huelsmann@compassio.de,https://www.compassio.de/standort/haus-melchior/,"Kurzzeitpflege, Langzeitpflege",True,"2.456,02 €",2703.8398,1848.015,986.8248,0,2456.0158,1728.46,986.8248,0,2456.0158,1728.46,986.8248,0,2456.0158,1728.46,986.8248,0,2456.0158,1728.46,986.8248,0,,,,,,Teeküche ist für die individuelle Nutzung der Bewohner vorhanden,https://navigatoren.aok.de/etl/public/reports/2019/510/51081832673728-694ce1ef8865d.pdf,3,https://navigatoren.aok.de/etl/public/images/nursing_home/image307252detail-63738b7a7e50b.jpg; https://navigatoren.aok.de/etl/public/images/nursing_home/image307253detail-63738b7a7f037.jpg; https://navigatoren.aok.de/etl/public/images/nursing_home/image307254detail-63738b7a7facc.jpg,True,Besucher jederzeit willkommen,,"Vera Hülsmann, Leitung Seniorendomizil ()",,4.2,13,https://www.compassio.de/standort/haus-melchior/,https://maps.google.com/?cid=3290337869593457388&g_mp=Cidnb29nbGUubWFwcy5wbGFjZXMudjEuUGxhY2VzLlNlYXJjaFRleHQQAhgEIAA,ChIJ_1DHHkrBmUcR7DIiBNygqS0,35,,"Die Kosten für einen Pflegeplatz setzen sich aus mehreren Bestandteilen zusammen: den Pflegekosten, den Kosten für Unterkunft und Verpflegung sowie den Investitionskosten. Die Höhe der Pflegesätze wird jährlich in Zusammenarbeit mit den Pflegekassen neu verhandelt und angepasst. Je nach Pflegegrad übernimmt die private Pflegepflichtversicherung oder die Pflegekasse einen festgelegten Anteil der Pflegekosten. Der verbleibende Eigenanteil wird von den Pflegebedürftigen selbst gezahlt. Für Kurzzeitpflege: Die Pflegekasse übernimmt jeweils anteilig Leistungen für die stationäre Kurzzeitpflege in Höhe von bis zu 1.612 Euro im Kalenderjahr.",76 Einzelzimmer für Kurzzeit- und Dauerpflege. Die Einzelzimmer verfügen über eigenes Bad und funktionelle Einrichtung. Die Zimmer können durch persönliche Möbel und Dekoration heimelig gestaltet werden.,"Dauerpflege (vollstationäre Pflegeplätze), Kurzzeitpflege (maximal 28 Tage pro Jahr), Tagespflege (montags bis freitags), Verhinderungspflege (maximal 28 Tage pro Jahr)","Gerontopsychiatrisch veränderte Menschen (Demenzbetreuung), Chronisch Kranke und körperlich Beeinträchtigte, Menschen die Wiedereingliederung in das Alltagsleben benötigen","Tägliche altersgerechte Aktivitäten und Beschäftigungsangebote, individuelle Betreuungsangebote im hauswirtschaftlichen Bereich, Bewegungsangebote, Gruppenangebote und kommunikative Angebote, Freizeitgestaltung im Bereich kreativer Angebote, Vorlesen aus der Tageszeitung, Gesellschaftsspiele, Handarbeiten, sportliche Übungen, Ausflugsfahrten in die nähere Umgebung, Teilnahme an Veranstaltungen im Ort zur Integrationsförderung, Spielenachmittage, Kaffeenachmittage, Ausflüge (z.B. Stadtpark Maille, Tierpark Nymphea, Esslinger Stadtfest)","Das Seniorendomizil liegt am westlichen Rand der Innenstadt von Esslingen. Blick auf stadtbildprägende Weinberge. In der Nachbarschaft befinden sich viele Einkaufsmöglichkeiten, Cafés und Gastronomiebetriebe. Nur wenige Fußschritte zur malerischen Altstadt von Esslingen. Bushaltestelle direkt vor dem Seniorendomizil. Ausgedehnte Grünflächen, großzügig angelegte Terrassen und Sitzgelegenheiten machen das Seniorendomizil zu einer innerstädtischen Oase. Barrierefreies Außengelände.",compassio (privater Träger),"Das Seniorendomizil wurde im November 2007 eröffnet und bietet 90 Menschen Pflege und Betreuung. Der Name Melchior bedeutet 'König des Lichtes'. Helle, freundliche Räumlichkeiten mit viel Tageslicht. Die familiären Wohnbereiche sind nach bekannten Örtlichkeiten der Stadt Esslingen benannt: Postmichelbrunnen, Schelztor, Wolfstor, Löwenbrunnen, Dicker Turm. Personenbezogenes Notrufsystem in allen Bereichen. Täglich frisch zubereitete Mahlzeiten durch modernste Garmethoden und innovative Zubereitungsverfahren. Hauseigener Friseur. Bewohner-Restaurant. Fahrdienst für Tagespflege an ausgewählten Standorten. Deutschlandweit auf Platz 2 im Qualitätsreport. Sehr gute Bewertung des Medizinischen Dienstes. Eigene Küchen- und Service-Teams. Intensive Investitionen in Qualitätssicherung und Digitalisierung. Bezug regenerativer Energien. Gute Zusammenarbeit mit der Stadt für ideale Eingliederung der Bewohner in das kommunale Leben.","Charlyn Braese (Einrichtungsleitung), Telefon: +49 711 54070-0, E-Mail: ESS-EL@compassio.de. Manuela Nielsen (Pflegedienstleitung), Telefon: +49 711 54070-0, E-Mail: ESS-PDL@compassio.de. Kontakt Medizinproduktsicherheitsbeauftragter: ESS-MPS@compassio.de. Adresse: Schelztorstr. 37, 73728 Esslingen"
8785,Kursana Domizil Leinfelden-Echterdingen,Stadionstr. 5,70771,Leinfelden-Echterdingen,48.693138960062,9.1683859917698,9863,0711 9976340,kursana-le@dussmann.de,https://www.kursana.de/leinfelden-echterdingen/?utm_source=Google_My_Business&utm_medium=Local_Pack&utm_campaign=Google_My_Business,"Kurzzeitpflege, Langzeitpflege",True,"2.428,39 €",2805.7468000000003,1954.7892000000002,981.9576000000001,0,2428.3941,1701.69,981.9576000000001,0,2428.3941,1701.69,981.9576000000001,0,2428.3941,1701.69,981.9576000000001,0,2428.3941,1701.69,981.9576000000001,0,Pflegegrad 1: k.A.; Pflegegrad 2: k.A.; Pflegegrad 3: k.A.; Pflegegrad 4: k.A.; Pflegegrad 5: k.A.,2007,Einrichtungseigene Aufenthaltsmöglichkeiten im Freien; Eigene Haustiere erlaubt; Bibliothek,Internetzugang in den Bewohnerzimmern; Telefonanschluss in den Bewohnerzimmern; TV- oder Kabelanschluss in den Bewohnerzimmern; Möbelmitnahme möglich,"Wäscheversorgung (insbesondere Kleidung); Reinigung der Zimmer; Hausmeisterservice; Soziale Betreuung; Einzugsgespräch in der Pflegeeinrichtung; Einzugsgespräch zu Hause; Gymnastik, Singen, Basteln, Gedächtnistraining, Beschäftigung mit Literatur, Bunte Stunde,; Quartalstreffen Angehörige von neu eingezogenen Bewohner; Arztbegleitung","Mahlzeiten werden in der Einrichtung zubereitet (nach Absprache); Spezielle Kostformen nach Absprache möglich (z. B. vegetarisch, ohne Schweinefleisch); Diätkost (z.B. Diabetiker- oder Reduktionskost); Zwischenmahlzeiten (z.B. Joghurt, Obst) zur freien Verfügung; Getränke (kalt/heiß) zur freien Verfügung; Einnahme von Mahlzeiten auf Wunsch im eigenen Zimmer möglich; Zubereitung eigener Mahlzeiten möglich; Gemeinschaftliches Mittagessen möglich; Teeküche ist für die individuelle Nutzung der Bewohner vorhanden",https://navigatoren.aok.de/etl/public/reports/2019/510/51081808670771-6982d77b6d11e.pdf,3,https://navigatoren.aok.de/etl/public/images/nursing_home/image304872detail-63738b77f3daf.jpg; https://navigatoren.aok.de/etl/public/images/nursing_home/image304873detail-63738b7800ce1.jpg; https://navigatoren.aok.de/etl/public/images/nursing_home/image304874detail-63738b7801b44.jpg,True,Besucher jederzeit willkommen,Alle Wohn- und Gemeinschaftsflächen sind für die Bewohner und deren Angehörige in der Einrichtung barrierefrei zugänglich.,,,4.4,18,https://www.kursana.de/leinfelden-echterdingen/?utm_source=Google_My_Business&utm_medium=Local_Pack&utm_campaign=Google_My_Business,https://maps.google.com/?cid=7958866401057939567&g_mp=Cidnb29nbGUubWFwcy5wbGFjZXMudjEuUGxhY2VzLlNlYXJjaFRleHQQAhgEIAA,ChIJEfrJ2bnCmUcRb6DZ6dKSc24,17,,,,"Stationäre Pflege, Kurzzeitpflege, Verhinderungspflege, Demenz","Spezielle Fachkompetenz im Bereich Demenz, Demenzbetreuung, Palliativpflege","Veranstaltungsprogramm verfügbar (auf Anfrage), Musikalische Unterhaltung (z.B. Omägeni Schalmeien, Kammerchor, Live Music Now Stipendiaten), Nikolausbesuch, Herbstfest mit Entertainer Wolfgang Selje","Verkehrsgünstig am Rande der Innenstadt im Stadtteil Echterdingen, ruhig an einer wenig befahrenen Wohnstraße gelegen. Naturparadies zwischen Schönbuch und der Filder-Hochebene. In Echterdingen sowie in den benachbarten Stadtteilen Leinfelden, Musberg und Stetten gibt es viele Einkaufsmöglichkeiten und Freizeitangebote. Grüne Alternative zur Großstadt mit beeindruckenden Landschaften.","Kursana GmbH (Teil der Dussmann Group), privater Dienstleister","40 Jahre Erfahrung, ISO-zertifiziert durch den TÜV Rheinland, Professionelles Qualitätsmanagement, Hauseigene Küche, Kostenfreies WLAN, Barrierefreie Pflegeeinrichtung, 24-Stunden-Betreuung an 365 Tagen im Jahr","Direktorin: Slavica Vujnovic-Clesle, Telefon: +49-711-997634-0, Fax: +49-711-997634-100, E-Mail: kursana-le@dussmann.de, Adresse: Stadionstraße 5, 70771 Leinfelden-Echterdingen, Kontaktformular verfügbar"
8760,Pflegeheim Pliensauvorstadt,Weilstr. 10,73734,Esslingen,48.735060985017,9.2986589556206,9994,0711 7587050,uta.winckler@pflegeheime-esslingen.de,https://www.pflegeheime-esslingen.de/homepage/home/pflegeheim-pliensauvorstadt/?haus=ppv,"Kurzzeitpflege, Langzeitpflege",True,"3.436,79 €",3735.382,2686.3902000000003,1179.9918,0,3436.7927999999997,2655.06,1179.9918,0,3436.7927999999997,2655.06,1179.9918,0,3436.7927999999997,2655.06,1179.9918,0,3436.7927999999997,2655.06,1179.9918,0,"Pflegegrad 1: 1 Vollzeitstelle: 4,5 Pflegebedürftige; Pflegegrad 2: 1 Vollzeitstelle: 3,5 Pflegebedürftige; Pflegegrad 3: 1 Vollzeitstelle: 2,5 Pflegebedürftige; Pflegegrad 4: 1 Vollzeitstelle: 1,9 Pflegebedürftige; Pflegegrad 5: 1 Vollzeitstelle: 1,7 Pflegebedürftige",2006,"Einrichtungseigene Aufenthaltsmöglichkeiten im Freien: Außenbereich mit Grünanlage neben dem Stadtteilplatz; Eigene Haustiere erlaubt: nach Absprache und Klärung, wer die Tiere im Verhinderungsfall versorgt",Internetzugang in den Bewohnerzimmern: Wir arbeiten daran jedem Bewohner WLan zu ermöglichen.; Telefonanschluss in den Bewohnerzimmern; TV- oder Kabelanschluss in den Bewohnerzimmern; Möbelmitnahme möglich,"Wäscheversorgung (insbesondere Kleidung); Reinigung der Zimmer; Einzugsgespräch in der Pflegeeinrichtung; Wäscheversorgung (insbesondere Kleidung); Kraft- und Balancetraining, Gedächtnistraining, Kochen, Backen, Spelenachmittage,Singen, Basteln; Angehörige sind nach Absprache bei vielen Angeboten willkommen.Einladungen zu Festen,Angehörigentreffen, Heimbeirat, Pflegevisiten, Beratungsgespräche; Für alle gesetzlich versicherten Bewohnerinnen und Bewohner besteht ein Beratungsangebot zur gesundheitlichen Versorgungsplanung nach § 132g SGB V durch einen weitergebildeten Berater.; Ausflüge, Telefon, Fernseher, GPS- Ortung, Begleitung zum Arzt, Hausmeisterdienste","Mahlzeiten werden in der Einrichtung zubereitet (nach Absprache): Frühstück und Abendessen sowie eine Komponente des Mittagessens wird im Haus zubereitet. ; Spezielle Kostformen nach Absprache möglich (z. B. vegetarisch, ohne Schweinefleisch); Diätkost (z.B. Diabetiker- oder Reduktionskost); Zwischenmahlzeiten (z.B. Joghurt, Obst) zur freien Verfügung; Getränke (kalt/heiß) zur freien Verfügung; Einnahme von Mahlzeiten auf Wunsch im eigenen Zimmer möglich; Zubereitung eigener Mahlzeiten möglich; Gemeinschaftliches Mittagessen möglich; Teeküche ist für die individuelle Nutzung der Bewohner vorhanden",https://navigatoren.aok.de/etl/public/reports/2019/510/51081778073734-68ee63235351d.pdf,3,https://navigatoren.aok.de/etl/public/images/nursing_home/image280022detail-63738b5499da9.jpg; https://navigatoren.aok.de/etl/public/images/nursing_home/image280023detail-63738b549b11b.jpg; https://navigatoren.aok.de/etl/public/images/nursing_home/image280024detail-63738b549c612.jpg,True,Besucher jederzeit willkommen,Alle Wohn- und Gemeinschaftsflächen sind für die Bewohner und deren Angehörige in der Einrichtung barrierefrei zugänglich.,"Uta Winckler, Heimleiterin ()",,4.9,7,https://www.pflegeheime-esslingen.de/homepage/home/pflegeheim-pliensauvorstadt/?haus=ppv,https://maps.google.com/?cid=4111741745527291008&g_mp=Cidnb29nbGUubWFwcy5wbGFjZXMudjEuUGxhY2VzLlNlYXJjaFRleHQQAhgEIAA,ChIJSziOaTjBmUcRgHxMJlXXDzk,7,,"Ein Heimentgeltrechner ist verfügbar unter dem Link zur Berechnung der Kosten/Preise. Konkrete Preisangaben sind auf der Hauptseite nicht direkt genannt, aber Preislisten sind in den herunterladbaren Informationsmappen enthalten.","44 Einzelzimmer verteilt auf vier Hausgemeinschaften. Alle Zimmer haben einen rollstuhlgerechten Sanitärbereich mit Dusche, Waschbecken und WC. Jedes Zimmer kann vom Bewohner individuell eingerichtet werden. Ein Kabel- und Telefonanschluss befindet sich ebenfalls im Zimmer.","Stationäre Dauerpflege, Kurzzeitpflege, Verhinderungspflege. Das Heim bietet auch Tagespflege an anderen Standorten der Einrichtung an.",Hausgemeinschaftskonzept mit vier Hausgemeinschaften. Gesundheitliche Versorgungsplanung für die letzte Lebensphase (GVP) wird angeboten.,Sozialdienst mit Freizeit- und Kulturangeboten. Betreuungsangebote für Externe sind verfügbar. Festsaal für Feiern und Gottesdienste vorhanden.,Das Pflegeheim Pliensauvorstadt wurde 2006 eröffnet und befindet sich in zentraler Lage des Stadtteils Pliensauvorstadt in Esslingen. Beschrieben als 'Haus der vierten Generation in einem lebendigen Stadtteil'. Jede Hausgemeinschaft verfügt über eine Loggia bzw. Gartenanlage.,Städtische Pflegeheime Esslingen (kommunaler Träger),"Hausgemeinschaftskonzept: Jede Hausgemeinschaft hat einen großen Gemeinschaftsbereich mit offener Wohnküche, wo das Essen teilweise selbst zubereitet wird. Jede Hausgemeinschaft verfügt über einen Hauswirtschaftsraum zur Wäscheversorgung vor Ort. Öffentliches Café 'Café über der Brück' mit Mittagstisch im Haus. Friseur und Fußpflege im Haus. Hausbesuche von Haus- und Fachärzten. Vermittlung therapeutischer Dienste.","Ansprechpartnerin: Jana Munz, Heimleitung
Telefon: 0711 / 758705-2540
Fax: 0711 / 758705-2550
E-Mail: jana.munz@pflegeheime-esslingen.de
Allgemeine Telefonnummer: 0711 / 758 705-0
E-Mail: ppv@pflegeheime-esslingen.de
Adresse: Pflegeheim Pliensauvorstadt, Weilstraße 10, 73734 Esslingen
Öffnungszeiten: 09:00 Uhr - 19:00 Uhr"
8165,Pflegeheim Hohenkreuz,Seracher Str. 44,73732,Esslingen am Neckar,48.751994843166,9.3110229180336,10016,0711 351725555,soultania.kaloudi@pflegeheime-esslingen.de,https://www.pflegeheime-esslingen.de/homepage/home/pflegeheim-hohenkreuz/?haus=phk,"Kurzzeitpflege, Langzeitpflege",True,"3.163,04 €",3455.2138000000004,2428.1244,1158.0894,0,3163.0438999999997,2358.77,1158.0894,0,3163.0438999999997,2358.77,1158.0894,0,3163.0438999999997,2358.77,1158.0894,0,3163.0438999999997,2358.77,1158.0894,0,"Pflegegrad 1: 1 Vollzeitstelle: 4,5 Pflegebedürftige; Pflegegrad 2: 1 Vollzeitstelle: 3,5 Pflegebedürftige; Pflegegrad 3: 1 Vollzeitstelle: 2,5 Pflegebedürftige; Pflegegrad 4: 1 Vollzeitstelle: 1,9 Pflegebedürftige; Pflegegrad 5: 1 Vollzeitstelle: 1,7 Pflegebedürftige",2016,Einrichtungseigene Aufenthaltsmöglichkeiten im Freien; Eigene Haustiere erlaubt,Möbelmitnahme; Telefonanschluss in den Bewohnerzimmern; TV- oder Kabelanschluss in den Bewohnerzimmern; Internetzugang in den Bewohnerzimmern: W-lan ebenfalls,"Wäscheversorgung (insbesondere Kleidung); Reinigung der Zimmer; Die Wäsche wird teilweise in der Großwäscherei gewaschen (Leibwäsche). Die Oberbekleidung wird in den Hausgemeinschaften gewaschen.; Wäscheversorgung (insbesondere Kleidung); Sitztanz, Gedächtnistraining, Sturzprophylaxe, Singen, Spielen, kreative Angebote, Bewegungsüb.; Einladung der Angehörigen zu Festen und Feiern, Angehörigentreffen im Haus, Beteiligung am Heimbeirat, Teilnahme an Pflegevisiten, Beratungsgespräche, zentrale Informationsveranstaltungen, Heimjournal, auf Wunsch aktive Mitarbeit; Für alle gesetzlich versicherten Bewohnerinnen und Bewohner besteht ein Beratungsangebot zur gesundheitlichen Versorgungsplanung nach § 132g SGB V durch einen weitergebildeten Berater.; Ausflüge, Telefon, Fernsehen, GPS Ortung, Begleitung zum Arzt, Hausmeisterdienste","Mahlzeiten werden in der Einrichtung zubereitet (nach Absprache): alle Mahlzeiten werden frisch in den Hausgemeinschaften zubereitet unter Beteiligung der Bewohner:in; Teeküche ist für die individuelle Nutzung der Bewohner vorhanden; Spezielle Kostformen nach Absprache möglich (z. B. vegetarisch, ohne Schweinefleisch); Diätkost (z.B. Diabetiker- oder Reduktionskost); Zwischenmahlzeiten (z.B. Joghurt, Obst) zur freien Verfügung; Getränke (kalt/heiß) zur freien Verfügung; Einnahme von Mahlzeiten auf Wunsch im eigenen Zimmer möglich; Zubereitung eigener Mahlzeiten möglich; Gemeinschaftliches Mittagessen möglich",https://navigatoren.aok.de/etl/public/reports/2019/510/51080148573732-6986d20029b1d.pdf,0,,False,,Alle Wohn- und Gemeinschaftsflächen sind für die Bewohner und deren Angehörige in der Einrichtung barrierefrei zugänglich.,,,4.3,28,https://www.pflegeheime-esslingen.de/homepage/home/pflegeheim-hohenkreuz/?haus=phk,https://maps.google.com/?cid=7969916643162322067&g_mp=Cidnb29nbGUubWFwcy5wbGFjZXMudjEuUGxhY2VzLlNlYXJjaFRleHQQAhgEIAA,ChIJKetVv87GmUcRk_Qp5fXUmm4,7,,Ein Heimentgeltrechner ist verfügbar unter dem Link 'Heimentgeltrechner (Kosten / Preise Pflegeheim Hohenkreuz)'. Preislisten sind in den Informationsmappen zum Download enthalten.,"59 Einzelzimmer: Standard Einzelzimmer, große Pflegeappartements – teilweise mit Pantryküche -, kleine Pflegeappartements. Alle Zimmer haben einen rollstuhlgerechten Sanitärbereich mit Dusche, Waschbecken und WC. Jedes Zimmer kann vom Bewohner individuell eingerichtet werden. Ein Kabel- und Telefonanschluss befindet sich ebenfalls im Zimmer.","Stationäre Dauerpflege, Kurzzeit- und Verhinderungspflege. Zusätzlich gibt es eine separate Tagespflege Hohenkreuz.",Hausgemeinschaften-Modell: 59 pflegebedürftige Menschen leben in fünf Hausgemeinschaften. Gesundheitliche Versorgungsplanung für die letzte Lebensphase (GVP) wird angeboten.,Sozialdienst mit Freizeit- und Kulturangeboten. Betreuungsangebote für Externe sind verfügbar. Das angeschlossene öffentliche Café 'Schlosswiesen' lädt zum Verweilen und zum Empfangen von Gästen ein. Gerne richten wir dort auch persönliche Feste aus.,"Exklusive Lage im Esslinger Norden, im Stadtteil Hohenkreuz. Adresse: Seracher Straße 44, 73732 Esslingen. Das Pflegeheim wurde 2016 eröffnet.",Städtische Pflegeheime Esslingen (kommunaler Träger),"Hausgemeinschaften-Modell mit jeweils großem Gemeinschaftsbereich und offener Wohnküche, wo das Essen selbst zubereitet wird. Jede Hausgemeinschaft verfügt über einen Hauswirtschaftsraum zur Wäscheversorgung vor Ort. Friseur und Fußpflege im Haus. Hausbesuche von Haus- und Fachärzten. Vermittlung therapeutischer Dienste. Vermietung der Café- und Gemeinschaftsräume. Therapieküchen. Virtuelle Zimmerrundgänge verfügbar (Comfortzimmer).","Heimleitung: Soultania Kaloudi
Telefon: 0711 / 35172-5555 oder 0711 / 35172-5550
Fax: 0711 / 35172-5551 oder 0711 / 35172-5556
E-Mail: soultania.kaloudi@pflegeheime-esslingen.de oder phk@pflegeheime-esslingen.de
Öffnungszeiten: 07:00 Uhr - 20:00 Uhr
Informationen zum Erstkontakt können als Druckversion angefordert werden. Informationsmappen zum Download verfügbar (ca. 15 Seiten für Erstkontakt, ca. 90 Seiten für Aufnahme)."
9953,Haus Miriam,Jesistraße 21,71332,Waiblingen,48.820039882609,9.3066519853557,10100,07151 989040,keppler-stiftung@haus-miriam-waiblingen.de,http://www.haus-miriam-waiblingen.de/,"Kurzzeitpflege, Langzeitpflege",True,"3.421,54 €",3569.2888000000007,2530.6398000000004,1169.6490000000001,0,3421.5370000000003,2649.28,1169.6490000000001,0,3421.5370000000003,2649.28,1169.6490000000001,0,3421.5370000000003,2649.28,1169.6490000000001,0,3421.5370000000003,2649.28,1169.6490000000001,0,"Pflegegrad 1: 1 Vollzeitstelle: 4,5 Pflegebedürftige; Pflegegrad 2: 1 Vollzeitstelle: 3,5 Pflegebedürftige; Pflegegrad 3: 1 Vollzeitstelle: 2,5 Pflegebedürftige; Pflegegrad 4: 1 Vollzeitstelle: 1,9 Pflegebedürftige; Pflegegrad 5: 1 Vollzeitstelle: 1,7 Pflegebedürftige",2015,Eigene Haustiere; Einrichtungseigene Aufenthaltsmöglichkeiten im Freien,Telefonanschluss in den Bewohnerzimmern: Hausinterne Telefonanlage; TV- oder Kabelanschluss in den Bewohnerzimmern; Internetzugang in den Bewohnerzimmern: Hausinterne Anlage Vodafon / WLAN ; Möbelmitnahme möglich,"Wäscheversorgung (insbesondere Kleidung); Reinigung der Zimmer; Hausmeisterservice; Soziale Betreuung; Reinigung der Zimmer; Spielenachmittag, Singkreis, Kaffeklatsch, Musikalischer Morgen, Kultur&Begegnung, Lesungen; Rückmeldemanagement, Teilnahme an Festen und Feiern, Ehrenamt, Geburtstagsfeiern; Friseur, Fußpflege","Mahlzeiten werden in der Einrichtung zubereitet (nach Absprache); Teeküche ist für die individuelle Nutzung der Bewohner vorhanden; Spezielle Kostformen nach Absprache möglich (z. B. vegetarisch, ohne Schweinefleisch); Diätkost (z.B. Diabetiker- oder Reduktionskost); Zwischenmahlzeiten (z.B. Joghurt, Obst) zur freien Verfügung; Getränke (kalt/heiß) zur freien Verfügung; Einnahme von Mahlzeiten auf Wunsch im eigenen Zimmer möglich; Zubereitung eigener Mahlzeiten möglich; Gemeinschaftliches Mittagessen möglich",https://navigatoren.aok.de/etl/public/reports/2019/512/51281146971332-68ee668b56287.pdf,0,,False,,Alle Wohn- und Gemeinschaftsflächen sind für die Bewohner und deren Angehörige in der Einrichtung barrierefrei zugänglich.,,,3.5,4,http://www.haus-miriam-waiblingen.de/,https://maps.google.com/?cid=8009375311310920106&g_mp=Cidnb29nbGUubWFwcy5wbGFjZXMudjEuUGxhY2VzLlNlYXJjaFRleHQQAhgEIAA,ChIJ9WP4VpjImUcRqpl4_2gEJ28,21,,"Pflegesätze sind auf einer separaten Seite verfügbar (Link vorhanden, aber keine konkreten Zahlen auf der Hauptseite)",,"Wohnen und Pflege (Langzeitpflege), Kurzzeitpflege, Tagespflege, Ambulanter Pflegedienst, Beratung für Senioren und Angehörige",,"Begegnungsstätte, offener Mittagstisch, Seelsorge","Rötepark, Waiblingen. Das Haus wurde im Februar 2015 eröffnet. Bewohner zogen vom Seniorenzentrum Marienheim am Kätzenbach ins neue Haus im Rötepark um.",Keppler-Stiftung,Neues Haus (eröffnet Februar 2015) mit vielen Vorteilen eines modernen Gebäudes. Philosophie: 'Nah am Menschen – das ist die Basis unserer Arbeit in der Altenpflege. Jeder Mensch hat seine eigene Geschichte.' Individuelle Betreuung mit Berücksichtigung persönlicher Gewohnheiten und Wünsche. Das Haus bietet eine breite Vielfalt an Hilfen und Angeboten.,"Seniorenzentrum Haus Miriam Waiblingen, Jesistraße 21, 71332 Waiblingen, Telefon: 07151 989 04-0, E-Mail: haus-miriam-waiblingen@keppler-stiftung.de"
8480,Haus Friederike Wohnen und Pflege,Stettiner Str. 8,71254,Ditzingen,48.828550653532,9.0625907719384,10186,07156 937110,,https://haus-friederike.de/,Langzeitpflege,False,"3.671,59 €",3565.9426000000003,2447.8974000000003,1249.0452000000002,0,3671.5877,2850.05,1249.0452000000002,0,3671.5877,2850.05,1249.0452000000002,0,3671.5877,2850.05,1249.0452000000002,0,3671.5877,2850.05,1249.0452000000002,0,,,,,Einzugsgespräch in der Pflegeeinrichtung,Teeküche ist für die individuelle Nutzung der Bewohner vorhanden,https://navigatoren.aok.de/etl/public/reports/2019/510/51081141071254-6936d9bc157bd.pdf,3,https://navigatoren.aok.de/etl/public/images/nursing_home/image287862detail-63738b6239d0c.jpg; https://navigatoren.aok.de/etl/public/images/nursing_home/image287863detail-63738b623a8a8.jpg; https://navigatoren.aok.de/etl/public/images/nursing_home/image287864detail-63738b623b31f.jpg,True,Besucher jederzeit willkommen,,HAUS FRIEDERIKE DITZINGEN (),,4.4,7,https://haus-friederike.de/,https://maps.google.com/?cid=2315376847276160950&g_mp=Cidnb29nbGUubWFwcy5wbGFjZXMudjEuUGxhY2VzLlNlYXJjaFRleHQQAhgEIAA,ChIJ67ezEMfZmUcRtjcPp_neISA,27,,,,"Kurzzeitpflege, Dauerpflege, Wohngruppe für Menschen mit Demenz",Wohngruppe für Menschen mit Demenz,"Kulturangebote, Sonntagscafé, Jahresrückblick, Sommerfest","Stettiner Str. 8, 71254 Ditzingen",Philadelphia-Verein e.V.,"Familiäre Atmosphäre, christliche Ausrichtung mit biblischem Leitbild (Jesaja 46,4), Qualitätsmanagement vorhanden, Heimbeirat, externe Dienstleister verfügbar. Wichtige Dokumente verfügbar: Checkliste für Anmeldung und Umzug, Anmeldung Heimeinzug, Zusatzleistungen","Sven Fischer, Einrichtungsleitung, Tel.: 07156 93711-0, Tel. 07156-93711-12, Fax 07156-93711-20, E-Mail: fischer@ph-v.de"
32707,Kleeblatt Pflegeheim Pattonville,John-F.-Kennedy-Allee 27/1,71686,Remseck,48.873248269181,9.2232839252445,10653,07141 968200,,http://www.kleeblatt-ggmbh.de/,Langzeitpflege,False,"3.369,76 €",3697.0528000000004,2686.3902000000003,1141.6626,0,3369.7590999999998,2621.29,1141.6626,0,3369.7590999999998,2621.29,1141.6626,0,3369.7590999999998,2621.29,1141.6626,0,3369.7590999999998,2621.29,1141.6626,0,,,,,,Teeküche ist für die individuelle Nutzung der Bewohner vorhanden,https://navigatoren.aok.de/etl/public/reports/2019/510/51081111471686-688c1f7d71682.pdf,0,,False,,,,,4.9,9,http://www.kleeblatt-ggmbh.de/,https://maps.google.com/?cid=2847254814597618478&g_mp=Cidnb29nbGUubWFwcy5wbGFjZXMudjEuUGxhY2VzLlNlYXJjaFRleHQQAhgEIAA,ChIJrwzgxtHPmUcRLpscISt7gyc,28,"Ja, wir führen eine zentrale Warteliste für all unsere Kleeblatt Pflegeheime. Sollten Sie Interesse an einer unverbindlichen Vormerkung haben, können Sie gerne das Onlineformular auf unser Website nutzen. Alternativ senden wir Ihnen die Unterlagen auch gern per Post zu. Wir führen sowohl eine vorsorgliche, als auch dringende Warteliste. In jedem Fall ist die Aufnahme in unsere Interessentenliste unverbindlich und kostenlos.","Wenn der Bewohner den monatlichen Eigenanteil des Heimentgelts aus eigenen Mitteln (Renteneinkommen, Spareinkommen) nicht finanzieren kann, besteht die Möglichkeit seitens der Angehörigen/Bevollmächtigten beim Landratsamt/Sozialamt einen Antrag auf Hilfe zur Pflege zu stellen. Die Kosten für den TV/ Kabelanschluss sind in den Heimkosten bereits enthalten. Weitere Preisdetails sind unter 'Preise & Downloads' verfügbar.",Unsere Zimmer verfügen über einen Telefon- und Kabelanschluss.,"Dauerpflege, Pflege für Menschen mit Demenz, Kurzzeitpflege, Planbare Kurzzeitpflege, Tagespflege, Kleeblatt Wohnen (ambulante Wohnformen), Ambulanter Dienst, Palliative Versorgung","Pflege für Menschen mit Demenz, Palliative Versorgung, Spezialisierte Demenzpflege","Aktivitätsprogramme, Aktivitäten & Gemeinschaft, Einbindung der Angehörigen, Unterstützung durch Ehrenamtliche","26 Pflegeheime und 4 Tagespflegen im Kreis Ludwigsburg. Kleine Häuser mit maximal 30 Betten, verteilt in verschiedenen Gemeinden. Die Pflegeeinrichtungen sind direkt in den jeweiligen Gemeinden integriert, um eine pflegerische Infrastruktur für die Mitbürgerinnen und Mitbürger zu schaffen.",Kleeblatt Pflegeheime gGmbH - Der Landkreis Ludwigsburg sowie die Kleeblatt-Standortgemeinden sind die Gesellschafter. Dies ist eine gemeinnützige GmbH (gGmbH) mit kommunaler Trägerschaft.,"Kleine, familiäre Häuser mit maximal 30 Betten statt großer Pflegeheime. Seit fast 30 Jahren verlässlicher Anbieter. Völlig neuartiger Ansatz: Die Pflegeeinrichtungen kommen direkt zu den Menschen in ihren Gemeinden. Aktive Fördervereine in jeder Gemeinde. Individuelle Betreuung in familiärer Atmosphäre. Freie Arztwahl und Möglichkeit, den Hausarzt beizubehalten. Kooperation mit örtlichen Apotheken. Landesförderung für telemedizinische Visiten (Televisite) ab Anfang 2026.","Kleeblatt Pflegeheime gGmbH, Alt-Württemberg-Allee 4, 71638 Ludwigsburg. Beratung Pflegeplatz: 07141 – 968 123. Verwaltung: 07141 968200. Personal: 07141 968344. Kundenberatung in Ludwigsburg für Vormerkung und Aufnahme."
8592,Pflegeheim Obertor,Hindenburgstr. 8-10,73728,Esslingen,48.738948961701,9.3136019812143,10750,0711 351720,info@pflegeheime-esslingen.de,https://www.pflegeheime-esslingen.de/homepage/home/altenpflegeheim-obertor/?haus=aho,"Kurzzeitpflege, Langzeitpflege",True,"3.037,65 €",3336.5758000000005,2323.1754,1144.4004,0,3037.6479,2227.35,1144.4004,0,3037.6479,2227.35,1144.4004,0,3037.6479,2227.35,1144.4004,0,3037.6479,2227.35,1144.4004,0,"Pflegegrad 1: 1 Vollzeitstelle: 4,5 Pflegebedürftige; Pflegegrad 2: 1 Vollzeitstelle: 3,5 Pflegebedürftige; Pflegegrad 3: 1 Vollzeitstelle: 2,5 Pflegebedürftige; Pflegegrad 4: 1 Vollzeitstelle: 1,9 Pflegebedürftige; Pflegegrad 5: 1 Vollzeitstelle: 1,7 Pflegebedürftige",1998,Einrichtungseigene Aufenthaltsmöglichkeiten im Freien; Eigene Haustiere erlaubt: Nach Absprache mit der Heim- und Pflegedienstleitung,Internetzugang in den Bewohnerzimmern: Nach Absprache kann ein Internetzugang im Zimmer eingerichtet werden; Telefonanschluss in den Bewohnerzimmern; TV- oder Kabelanschluss in den Bewohnerzimmern; Möbelmitnahme möglich,"Wäscheversorgung (insbesondere Kleidung); Reinigung der Zimmer; Einzugsgespräch in der Pflegeeinrichtung; Motor-Med, Sturzprophylaxe, QuiGong, Sitztanz, Singen, Gedächtnistraining, Klangschalenmassage; Einladung zu Festen und Feiern, Angehörigentreffen, Mitwirken im Heimbeirat, Teilnahme an Pflegevisiten, Informationsveranstaltungen, Beratungsgespräche, Heimjournal, ehrenamtliche Mitarbeit; Für alle gesetzlich versicherten Bewohnerinnen und Bewohner besteht ein Beratungsangebot zur gesundheitlichen Versorgungsplanung nach § 132g SGB V durch einen weitergebildeten Berater.; Telefon, Fernsehen, Internet, Begleitungsdienst für Bewohner, ergänzender Wäscheservice, Ausflüge, GPS gestützte Ortung, Hausmeisterservice","Mahlzeiten werden in der Einrichtung zubereitet (nach Absprache); Spezielle Kostformen nach Absprache möglich (z. B. vegetarisch, ohne Schweinefleisch); Diätkost (z.B. Diabetiker- oder Reduktionskost); Zwischenmahlzeiten (z.B. Joghurt, Obst) zur freien Verfügung; Getränke (kalt/heiß) zur freien Verfügung; Einnahme von Mahlzeiten auf Wunsch im eigenen Zimmer möglich; Zubereitung eigener Mahlzeiten möglich; Gemeinschaftliches Mittagessen möglich; Teeküche ist für die individuelle Nutzung der Bewohner vorhanden",https://navigatoren.aok.de/etl/public/reports/2019/510/51081411773728-698bfb9813464.pdf,2,https://navigatoren.aok.de/etl/public/images/nursing_home/image288083detail-63738b627dd58.jpg; https://navigatoren.aok.de/etl/public/images/nursing_home/image288084detail-63738b627ee41.jpg,True,Besucher jederzeit willkommen,Alle Wohn- und Gemeinschaftsflächen sind für die Bewohner und deren Angehörige in der Einrichtung barrierefrei zugänglich.,"Torsten Ziegler, Heimleiter ()",,4.1,18,https://www.pflegeheime-esslingen.de/homepage/home/altenpflegeheim-obertor/?haus=aho,https://maps.google.com/?cid=17282575215889454439&g_mp=Cidnb29nbGUubWFwcy5wbGFjZXMudjEuUGxhY2VzLlNlYXJjaFRleHQQAhgEIAA,ChIJw12oRC7BmUcRZ5UPg5cK2O8,29,,Ein Heimentgeltrechner ist verfügbar unter dem Link 'Heimentgeltrechner'. Preislisten sind in den Download-Dokumenten 'Informationen zum Erstkontakt' und 'Informationen zur Aufnahme' enthalten.,"124 Einzelzimmer und 4 Doppelzimmer. Die Zimmer sind barrierefrei und haben einen rollstuhlgerechten Sanitärbereich mit Dusche, Waschbecken und WC. Den Sanitärbereich teilen sich teilweise 2-3 Zimmer gemeinsam. Jedes Zimmer kann individuell eingerichtet werden. Ein Kabel- und Telefonanschluss befindet sich im Zimmer. Verschiedene Zimmertypen in unterschiedlichen Gebäudeteilen: Altbau (Baujahr 2001), Neubau Nordflügel (Baujahr 2010), Neubau Ostflügel (Baujahr 2007), Erweiterungsbau (Baujahr 1989).","Stationäre Dauerpflege, Kurzzeitpflege und Verhinderungspflege, Solitäre Kurzzeitpflege (ganzjährig vorgehalten, separater Wohnbereich mit 4 Doppel- und 16 Einzelzimmern sowie drei Aufenthaltsbereichen im denkmalgeschützten, sanierten Altbau), Tagespflege im Obertor.",Gesundheitliche Versorgungsplanung für die letzte Lebensphase (GVP).,"Sozialdienst mit Kultur- und Freizeitangeboten, Betreuungsangebote für Externe, Therapieraum mit Trainingsgeräten, Muskelstimulation mit der Vibrationswippe Galileo, Festsaal für Feiern und Gottesdienste, Öffentliches Café 'Zeitlos' mit Mittagstisch.","Das Pflegeheim Obertor liegt zentral in der Stadtmitte Esslingens. Die Altstadt ist fußläufig gut zu erreichen. Rund um das Pflegeheim sind Gärten angelegt, die geschützt durch die historische Mauer des ehemaligen Klarissenklosters zu Spaziergängen und zum Verweilen einladen.",Städtische Pflegeheime Esslingen (kommunaler Träger). Das Pflegeheim Obertor ist das Stammhaus der Städtischen Pflegeheime Esslingen.,"132 pflegebedürftige Menschen leben verteilt auf fünf Wohnbereichen. Jeder Wohnbereich hat einen großzügigen und hellen Speise- und Aufenthaltsbereich. Aufenthaltsbereiche mit eigener Teeküche. Friseur und Fußpflege im Haus. Hausbesuche von Haus- und Fachärzten. Vermittlung therapeutischer Dienste. Vermietung der Café- und Gemeinschaftsräume. Eigene Küche. Öffentliches Café 'Zeitlos' lädt zum Verweilen und zum Empfangen von Gästen ein, persönliche Feste können dort ausgerichtet werden.","Adresse: Hindenburgstraße 8-10, 73728 Esslingen. Telefon: 0711 / 35172-0. Fax: 0711 / 35172-5020. E-Mail: aho@pflegeheime-esslingen.de. Ansprechpartner: Torsten Ziegler (Heimleitung), Telefon: 0711 / 35172-5200, E-Mail: torsten.ziegler@pflegeheime-esslingen.de."
32708,Kleeblatt Pflegeheim Remseck,Kirchstraße 35,71686,Remseck,48.865843058969,9.2537573847961,10764,07141 968291,,http://www.kleeblatt-ggmbh.de/,Langzeitpflege,False,"3.369,76 €",3697.0528000000004,2686.3902000000003,1141.6626,0,3369.7590999999998,2621.29,1141.6626,0,3369.7590999999998,2621.29,1141.6626,0,3369.7590999999998,2621.29,1141.6626,0,3369.7590999999998,2621.29,1141.6626,0,,,,,,Teeküche ist für die individuelle Nutzung der Bewohner vorhanden,https://navigatoren.aok.de/etl/public/reports/2019/510/51081111471686-688c1f7d71682.pdf,0,,False,,,,,4.5,4,http://www.kleeblatt-ggmbh.de/,https://maps.google.com/?cid=17511423014136045516&g_mp=Cidnb29nbGUubWFwcy5wbGFjZXMudjEuUGxhY2VzLlNlYXJjaFRleHQQAhgEIAA,ChIJQWkliq7PmUcRzN8trXMSBfM,26,,,,,,,,,,
8754,Seniorenzentrum Spitalhof Münchingen,Am Spitalhof 3,70825,Korntal-Münchingen,48.856227998965,9.0883399914108,10774,07150 919860,shm@altenheimat.de,http://muenchingen.altenheimat.de/,"Kurzzeitpflege, Langzeitpflege",True,"3.159,89 €",3598.1878,2550.7170000000006,1178.4708,0,3159.8887999999997,2331.08,1178.4708,0,3159.8887999999997,2331.08,1178.4708,0,3159.8887999999997,2331.08,1178.4708,0,3159.8887999999997,2331.08,1178.4708,0,Pflegegrad 1: k.A.; Pflegegrad 2: k.A.; Pflegegrad 3: k.A.; Pflegegrad 4: k.A.; Pflegegrad 5: k.A.,2006,Einrichtungseigene Aufenthaltsmöglichkeiten im Freien; Eigene Haustiere erlaubt: Nach Absprache,Internetzugang in den Bewohnerzimmern; Telefonanschluss in den Bewohnerzimmern; TV- oder Kabelanschluss in den Bewohnerzimmern; Möbelmitnahme möglich,"Wäscheversorgung (insbesondere Kleidung); Reinigung der Zimmer; Soziale Betreuung; Bewegungsangebote, Gottesdienste, Bastelangebote, Trommelgruppen, Wunschkonzerte, Gartenangebote; Die Angehörige können auf Wunsch in der Pflege mit eingebunden werden, in Gesprächen, bei Festen,  in der Sterbebegleitung; Für alle gesetzlich versicherten Bewohnerinnen und Bewohner besteht ein Beratungsangebot zur gesundheitlichen Versorgungsplanung nach § 132g SGB V durch einen weitergebildeten Berater.","Spezielle Kostformen nach Absprache möglich (z. B. vegetarisch, ohne Schweinefleisch); Diätkost (z.B. Diabetiker- oder Reduktionskost); Zwischenmahlzeiten (z.B. Joghurt, Obst) zur freien Verfügung; Getränke (kalt/heiß) zur freien Verfügung; Einnahme von Mahlzeiten auf Wunsch im eigenen Zimmer möglich; Zubereitung eigener Mahlzeiten möglich; Gemeinschaftliches Mittagessen möglich; Mahlzeiten werden in der Einrichtung zubereitet (nach Absprache): Cook & Chill Verfahren; Teeküche ist für die individuelle Nutzung der Bewohner vorhanden",https://navigatoren.aok.de/etl/public/reports/2019/510/51081765570825-6968565b5b109.pdf,1,https://navigatoren.aok.de/etl/public/images/nursing_home/image289442detail-63738b648f5c0.jpg,True,Besucher jederzeit willkommen,Alle Wohn- und Gemeinschaftsflächen sind für die Bewohner und deren Angehörige in der Einrichtung barrierefrei zugänglich.,,,3.3,7,http://muenchingen.altenheimat.de/,https://maps.google.com/?cid=15071240175516886311&g_mp=Cidnb29nbGUubWFwcy5wbGFjZXMudjEuUGxhY2VzLlNlYXJjaFRleHQQAhgEIAA,ChIJg0sc5UTXmUcRJ6VHuhbNJ9E,13,Fragen zu freien Pflegeplätzen richten Sie bitte an das Haus: shm@altenheimat.de,,Attraktive Einzelzimmer für 66 pflegebedürftige Menschen,"Dauer- und Kurzzeitpflege in freundlicher familiärer Atmosphäre, Wohnbereich im EG für Menschen mit Demenz mit direktem Zugang zum Garten","Schwerpunkte: Pflege bei Demenz, palliative Pflege, kultursensible Pflege","Vielseitige Bewohnerangebote und ein reichhaltiges Hausleben, Fitness-Geräte für ältere Menschen im Garten, Betreuungsangebote sind auf frühere Alltagserlebnisse und -erfahrungen der Frauen und Männer abgestimmt, Ausbildung eines Begegnungsclowns","Das dreistöckige Gebäude liegt zentral und gleichzeitig im Grünen in direkter Nachbarschaft zu Wiesen und Feldern. Das Haus befindet sich auf dem Gelände des historischen Spitalhofs in Korntal-Münchingen. Vielseitig gestalteter, beschützter Garten mit Sitzgelegenheiten und Sinnesstationen. Das Haus im historischen Ensemble ist gut in den Stadtteil vernetzt.",Stiftung Evangelische Altenheimat,Im Oktober 2023 erhielt das Seniorenzentrum Spitalhof Münchingen ein zweifaches IQD-Siegel für eine vorbildliche stationäre Pflege und Betreuung sowie für die besondere Pflege von Menschen mit Demenz. Das Pflegeheim ist in drei Bereiche mit jeweils zwei Wohngruppen gegliedert. Der Spitalhof ist ein in die Gemeinde offenes und familiäres Haus. Ambitionierte Spendenprojekte / Unterstützung durch den Förderkreis. Selbstbestimmung und Autonomie des einzelnen Menschen sind Richtschnur. Flexible Essens- und Ruhezeiten entsprechend den Bedürfnissen. Alle Angebote sind freiwillig und ohne Leistungsdruck gestaltet. Die Erstausstattung wurde gefördert aus Mitteln der Deutschen Fernsehlotterie. Die Ausstattung des Andachtsraums mit Bildern von Peter-Andreas Mothes und einem E-Piano sowie die Ausbildung eines Begegnungsclowns werden gefördert von der HUMANUS-Stiftung.,"Patricia O'Rourke, Verbund- und Einrichtungsleiterin, Tel.: 07150 91986-215, E-Mail: orourke@altenheimat.de. Seniorenzentrum Spitalhof Münchingen, Am Spitalhof 3, 70825 Korntal-Münchingen, Tel.: 07150 91986-0, Fax: 07150 91986-209, E-Mail: shm@altenheimat.de"
8538,Haus Edelberg Senioren-Zentrum Kernen,Stettener Str. 31-37+41,71394,Kernen im Remstal,48.807871955706,9.3254159950103,10921,07151 9410,hl.kernen@haus-edelberg.de,https://haus-edelberg.de/kernen/,"Kurzzeitpflege, Langzeitpflege",True,"2.666,88 €",3079.831,2178.3762,1032.4548,0,2666.8773,1922.85,1032.4548,0,2666.8773,1922.85,1032.4548,0,2666.8773,1922.85,1032.4548,0,2666.8773,1922.85,1032.4548,0,"Pflegegrad 1: 1 Vollzeitstelle: 4,5 Pflegebedürftige; Pflegegrad 2: 1 Vollzeitstelle: 3,5 Pflegebedürftige; Pflegegrad 3: 1 Vollzeitstelle: 2,5 Pflegebedürftige; Pflegegrad 4: 1 Vollzeitstelle: 2,0 Pflegebedürftige; Pflegegrad 5: 1 Vollzeitstelle: 1,8 Pflegebedürftige",1995,Einrichtungseigene Aufenthaltsmöglichkeiten im Freien; Bibliothek; Eigene Haustiere,Internetzugang in den Bewohnerzimmern; Telefonanschluss in den Bewohnerzimmern; TV- oder Kabelanschluss in den Bewohnerzimmern; Möbelmitnahme möglich,"Wäscheversorgung (insbesondere Kleidung); Fahr- und Begleitdienste; Sturzprävention, Feinmotorik, Männerstammtisch, Gedächnistraining, Singen, Backen, etc.; Gespräche, Spaziergänge, nach Absprache; Für alle gesetzlich versicherten Bewohnerinnen und Bewohner besteht ein Beratungsangebot zur gesundheitlichen Versorgungsplanung nach § 132g SGB V durch einen weitergebildeten Berater.","Mahlzeiten werden in der Einrichtung zubereitet (nach Absprache); Spezielle Kostformen nach Absprache möglich (z. B. vegetarisch, ohne Schweinefleisch); Diätkost (z.B. Diabetiker- oder Reduktionskost); Zwischenmahlzeiten (z.B. Joghurt, Obst) zur freien Verfügung; Getränke (kalt/heiß) zur freien Verfügung; Einnahme von Mahlzeiten auf Wunsch im eigenen Zimmer möglich; Zubereitung eigener Mahlzeiten möglich; Gemeinschaftliches Mittagessen möglich; Teeküche ist für die individuelle Nutzung der Bewohner vorhanden",https://navigatoren.aok.de/etl/public/reports/2019/510/51081256971394-691606d792be2.pdf,0,,True,Besucher jederzeit willkommen,Alle Wohn- und Gemeinschaftsflächen sind für die Bewohner und deren Angehörige in der Einrichtung barrierefrei zugänglich.,Senioren-Zentrum Haus Edelberg Kernen i.R. (),,3.4,35,https://haus-edelberg.de/kernen/,https://maps.google.com/?cid=14017724135685016670&g_mp=Cidnb29nbGUubWFwcy5wbGFjZXMudjEuUGxhY2VzLlNlYXJjaFRleHQQAhgEIAA,ChIJE4ilAj_GmUcRXszsEtX1iMI,67,,,,"Vollstationäre Pflege, Kurzzeitpflege, Tagespflege, Betreutes Wohnen, Demenzieller Fachbereich, Palliative Betreuung, Verhinderungspflege, Ambulante Pflegedienste","Demenzieller Fachbereich, Palliative Betreuung",,,Haus Edelberg (Teil der Emeis Deutschland Gruppe),"Die Seite existiert nicht (404-Fehler). Es gibt ein Senioren-Zentrum Kernen in der Liste der Häuser, aber keine spezifischen Informationen sind auf dieser Fehlerseite verfügbar.",
8818,Seniorenresidenz Leonberg gGmbH,Böblinger Str. 27,71229,Leonberg,48.789535961857,9.0324639722549,10981,07152 94309,info@seniorenresidenzleonberg.de,http://www.seniorenresidenz-leonberg.de/,"Kurzzeitpflege, Langzeitpflege",True,"3.118,64 €",3314.3692,2319.525,1125.8442,0,3118.6436999999996,2344.47,1125.8442,0,3118.6436999999996,2344.47,1125.8442,0,3118.6436999999996,2344.47,1125.8442,0,3118.6436999999996,2344.47,1125.8442,0,Pflegegrad 1: k.A.; Pflegegrad 2: k.A.; Pflegegrad 3: k.A.; Pflegegrad 4: k.A.; Pflegegrad 5: k.A.,,Einrichtungseigene Aufenthaltsmöglichkeiten im Freien; Eigene Haustiere erlaubt: Nach Rücksprache; Bibliothek,Internetzugang in den Bewohnerzimmern; Telefonanschluss in den Bewohnerzimmern; TV- oder Kabelanschluss in den Bewohnerzimmern; Möbelmitnahme möglich: Gerne Einzelstücke,"Wäscheversorgung (insbesondere Kleidung); Hausmeisterservice; Soziale Betreuung; Fahr- und Begleitdienste; Einzugsgespräch in der Pflegeeinrichtung; Einzugsgespräch zu Hause; Hausmeisterservice; Soziale Betreuung; Sport, Kochen, Backen, Singen, Spieletreff, Kino, Präventiongymnastik, Feste, Malen,; Gemeinsames Essen, Gemeinsame Feste und ein individuelles gemeinsames Gestalten der Kontakte miteinander. Einbeziehung findet nach wünschen und Bedürfnissen der Bewohnern und Angehörigen statt.; Öldispersionsbad nach Junge, Fußpflege, Frisör im Haus,","Mahlzeiten werden in der Einrichtung zubereitet (nach Absprache); Zubereitung eigener Mahlzeiten möglich; Teeküche ist für die individuelle Nutzung der Bewohner vorhanden; Spezielle Kostformen nach Absprache möglich (z. B. vegetarisch, ohne Schweinefleisch); Diätkost (z.B. Diabetiker- oder Reduktionskost); Zwischenmahlzeiten (z.B. Joghurt, Obst) zur freien Verfügung; Getränke (kalt/heiß) zur freien Verfügung; Einnahme von Mahlzeiten auf Wunsch im eigenen Zimmer möglich; Gemeinschaftliches Mittagessen möglich",https://navigatoren.aok.de/etl/public/reports/2019/510/51081858771229-694dfd51c85fc.pdf,2,https://navigatoren.aok.de/etl/public/images/nursing_home/image309452detail-63738b7fc1974.jpg; https://navigatoren.aok.de/etl/public/images/nursing_home/image309455detail-63738b7fc26e9.jpg,True,Besucher jederzeit willkommen,Alle Wohn- und Gemeinschaftsflächen sind für die Bewohner und deren Angehörige in der Einrichtung barrierefrei zugänglich.,Seniorenresidenz Leonberg gGmbH (),,5,29,http://www.seniorenresidenz-leonberg.de/,https://maps.google.com/?cid=12539176818630581046&g_mp=Cidnb29nbGUubWFwcy5wbGFjZXMudjEuUGxhY2VzLlNlYXJjaFRleHQQAhgEIAA,ChIJu1dFJuDYmUcRNttJkuEaBK4,6,"Die Webseite enthält ein Kontaktformular mit der Überschrift 'Ist noch ein Zimmer frei?' - dies deutet darauf hin, dass Interessenten anfragen müssen. Keine konkreten Angaben zu aktuell verfügbaren Plätzen oder Warteliste.",,"Moderne Zimmer, die frei nach den Wünschen des Bewohners gestaltet und eingerichtet werden können. Keine spezifischen Angaben zu Einzel- oder Doppelzimmern oder Quadratmeterzahlen.","Medizinische Pflege nach Expertenstandards. Keine spezifischen Angaben zu Kurzzeitpflege, Verhinderungspflege, Tagespflege oder anderen Pflegeformen.",,"Wellnessangebote, wöchentliche Aromapflege, gemeinsame Konzertabende, tägliches Frühstücksbüfett, kostenloser Klavierunterricht. Die Webseite nennt folgende Kategorien: Wohlbefinden, Spass & Leben, Pflege, Ernährung, Individualität, Kooperationen.","Böblinger Str. 27, 71229 Leonberg",Seniorenresidenz Leonberg gGmbH (gemeinnützige GmbH). Möglicherweise Teil der Domus Cura Gruppe (Stellenangebote verlinken zu jobs.domus-cura.de).,"Philosophie: 'Gute Pflege kommt von Herzen', 'Menschlichkeit macht den Unterschied', Fokus auf menschliche Wärme und herzliches Miteinander. Bewohner sollen sich vom ersten Tag an wie zuhause fühlen. Haustiere scheinen erlaubt zu sein (Bild mit Haustier unter Individualität). Pflege auf höchstem Niveau mit vielfältigen Leistungen von medizinischer Pflege bis zu Wellnessangeboten.","Telefon: +49 7152/943-09, E-Mail: info@seniorenresidenzleonberg.de, Adresse: Böblinger Str. 27, 71229 Leonberg. Ansprechpartnerin: Angela Viellieber (Residenzleiterin). Facebook: Seniorenresidenz Leonberg gGmbH"
8516,AWO Haus Sonnenhalde,Sonnenhalde 19-23,70771,Leinfelden-Echterdingen,48.691894240518,9.1169046208153,11033,0711 975670,szmusberg@awo-wuerttemberg.de,http://www.seniorenzentrum-musberg.de/,Langzeitpflege,False,"3.004,52 €",3256.8754000000004,2283.3252,1104.5502000000001,0,3004.5212,2235.26,1104.5502000000001,0,3004.5212,2235.26,1104.5502000000001,0,3004.5212,2235.26,1104.5502000000001,0,3004.5212,2235.26,1104.5502000000001,0,Pflegegrad 1: k.A.; Pflegegrad 2: k.A.; Pflegegrad 3: k.A.; Pflegegrad 4: k.A.; Pflegegrad 5: k.A.,,Einrichtungseigene Aufenthaltsmöglichkeiten im Freien; Eigene Haustiere,Telefonanschluss in den Bewohnerzimmern; TV- oder Kabelanschluss in den Bewohnerzimmern; Internetzugang in den Bewohnerzimmern; Möbelmitnahme,,"Mahlzeiten werden in der Einrichtung zubereitet (nach Absprache); Spezielle Kostformen nach Absprache möglich (z. B. vegetarisch, ohne Schweinefleisch); Diätkost (z.B. Diabetiker- oder Reduktionskost); Zwischenmahlzeiten (z.B. Joghurt, Obst) zur freien Verfügung; Getränke (kalt/heiß) zur freien Verfügung; Einnahme von Mahlzeiten auf Wunsch im eigenen Zimmer möglich; Zubereitung eigener Mahlzeiten möglich; Gemeinschaftliches Mittagessen möglich; Teeküche ist für die individuelle Nutzung der Bewohner vorhanden",https://navigatoren.aok.de/etl/public/reports/2019/510/51081205770771-68ee6d46b6996.pdf,0,,False,,,,,3.9,32,http://www.seniorenzentrum-musberg.de/,https://maps.google.com/?cid=7918639636332004249&g_mp=Cidnb29nbGUubWFwcy5wbGFjZXMudjEuUGxhY2VzLlNlYXJjaFRleHQQAhgEIAA,ChIJLQvE3W_dmUcRmcPlY8uo5G0,33,,,,"Stationäre Dauerpflege, Kurzzeitpflege, Tagespflege, spezielles Pflegeangebot für Menschen mit Demenzerkrankungen","Demenzbetreuung, Kunsttherapie","Kunsttherapeutischer Ansatz, künstlerische Projektwochen, kreative Gestaltungsgruppen, Malgruppe, regelmäßige bewegungstherapeutische Angebote, Schall-Liegen, Sportkooperation mit dem TSV Musberg und TSV Leinfelden, Kooperation mit der Hundeschule Baden-Württemberg, KiSen (Kinder-Senioren-Projekt)","Spektakuläre Ausblicke auf das Siebenmühlental und den Naturpark Schönbuch, hell und freundliche Architektur mit herrlich begrünter Rotunde",AWO Bezirksverband Württemberg e.V.,"Bemerkenswerte Architektur mit Rotunde, familiäre Atmosphäre, kunsttherapeutischer Ansatz als besonderes Angebot, Ausstellung des Theater- und Kulturvereins über die Geschichte der Gaststätten in Leinfelden-Musberg","Einrichtungsleitung: Ulrich Rommel
Adresse: Sonnenhalde 19/23, 70771 Leinfelden-Echterdingen
Telefon: 0711 - 97567 0
Fax: 0711 - 97567 219
E-Mail: szmusberg@awo-wuerttemberg.de"
8669,Seniorenresidenz Charlottenhof,Plochinger Str. 21-27,73730,Esslingen am Neckar,48.736092949994,9.3197449306217,11294,0711 315250,info@seniorenresidenz-charlottenhof.de,http://www.seniorenresidenz-charlottenhof.de/,"Kurzzeitpflege, Langzeitpflege",True,"2.985,72 €",3348.1354,2443.0302,1036.1052000000002,0,2985.7247,2293.67,1036.1052000000002,0,2985.7247,2293.67,1036.1052000000002,0,2985.7247,2293.67,1036.1052000000002,0,2985.7247,2293.67,1036.1052000000002,0,,,,,,Teeküche ist für die individuelle Nutzung der Bewohner vorhanden,https://navigatoren.aok.de/etl/public/reports/2019/510/51081611973730-695f23d51389a.pdf,0,,False,,,,,3.1,8,http://www.seniorenresidenz-charlottenhof.de/,https://maps.google.com/?cid=10285333769231199725&g_mp=Cidnb29nbGUubWFwcy5wbGFjZXMudjEuUGxhY2VzLlNlYXJjaFRleHQQAhgEIAA,ChIJp8o9jSjBmUcR7e1ar5HYvI4,22,,"Preislisten verfügbar als Downloads: 'Preisliste betreutes Wohnen' (ab 01.07.23), 'Preisliste stationäre Pflege und Kurzzeitpflege' (ab 01.01.2026), 'Preisliste Wahlleistungen' (ab 01.08.2025). Konkrete Preise sind in den PDF-Dokumenten zu finden.","135 Wohnungen für betreutes Wohnen, 49 vollstationäre Pflegeplätze. Die Einrichtung bietet komfortabel ausgestattete Wohnungen. Wohnbeispiele und Grundrisse sind auf der Website verfügbar.","Ambulante Pflege, Stationäre Pflege, Kurzzeitpflege. Individuelle Pflegeleistungen zur persönlichen Unterstützung werden angeboten.",Betreuungsgruppe (Flyer verfügbar). MDK-Transparenzberichte für stationäre und ambulante Pflege sind verfügbar.,"Drum Circle - Trommelerlebnis zum Mitmachen (Termine: 6. März 2026, 10. April 2026, 8. Mai 2026, 5. Juni 2026, Beginn 15.30 Uhr im Festsaal). Veranstaltungen in den Bereichen: Kultur, Freizeit, Sport für den Geist, Sport für den Körper. Kooperationen mit externen Partnern. Körperlicher Sport wird angeboten.","Plochinger Straße 21-27, 73730 Esslingen/Neckar. Nur wenige Gehminuten von der Esslinger Innenstadt entfernt. Beste Infrastruktur und Nahverkehrsanbindungen. Bahnhof Esslingen ca. 2 km entfernt, Stuttgart ca. 15 km, Flughafen Stuttgart in 30 Autominuten erreichbar. Acht einzelne Gebäude mit Mehrfamilienhauscharakter in einer sehr schönen Grünanlage. Alle Häuser durch einen mit Tageslicht durchfluteten Gang verbunden für wetterunabhängige Mobilität. Offene und freundliche Atmosphäre.",,Probewohnen möglich (Flyer verfügbar). Gastronomie im Haus mit täglich abwechslungsreichen Menüs. Alle Gebäude mit Aufzügen ausgestattet und barrierefrei zugänglich. Gemeinschaftsräume vorhanden. Pflegeleitbild verfügbar. Hausmagazin 'CharlottenEcho'. Ehrenamtliche Mitarbeit möglich (Flyer verfügbar). FSJ und Ausbildung möglich. Ärzte & Therapeuten vor Ort. Motto: 'Soviel Selbständigkeit wie möglich – soviel Hilfe wie nötig'.,"Telefon: 0711 31 52 5 - 0, E-Mail: info@seniorenresidenz-charlottenhof.de, Adresse: Plochinger Straße 21-27, 73730 Esslingen/Neckar. Kontaktformular auf der Website verfügbar. Ambulanter Pflegedienst sucht Verstärkung (Pflegefachkraft)."
8258,Seniorenzentrum Filderstadt-Bernhausen,Pulsstr. 1,70794,Filderstadt,48.681211489758,9.2182785124813,11456,0711 70709061,steingens@altenheimat.de,https://bernhausen.altenheimat.de/,"Kurzzeitpflege, Langzeitpflege",True,"3.313,30 €",3758.8054,2645.3232000000003,1244.4822,0,3313.2972,2433.9,1244.4822,0,3313.2972,2433.9,1244.4822,0,3313.2972,2433.9,1244.4822,0,3313.2972,2433.9,1244.4822,0,"Pflegegrad 1: 1 Vollzeitstelle: 4,7 Pflegebedürftige; Pflegegrad 2: 1 Vollzeitstelle: 3,7 Pflegebedürftige; Pflegegrad 3: 1 Vollzeitstelle: 2,7 Pflegebedürftige; Pflegegrad 4: 1 Vollzeitstelle: 2,1 Pflegebedürftige; Pflegegrad 5: 1 Vollzeitstelle: 1,9 Pflegebedürftige",2018,Einrichtungseigene Aufenthaltsmöglichkeiten im Freien; Eigene Haustiere erlaubt: in Absprache mit der Einrichtungsleitung,Telefonanschluss in den Bewohnerzimmern; TV- oder Kabelanschluss in den Bewohnerzimmern; Internetzugang in den Bewohnerzimmern; Möbelmitnahme möglich,"Wäscheversorgung (insbesondere Kleidung); Reinigung der Zimmer; Hausmeisterservice; Soziale Betreuung; Hausmeisterservice; Soziale Betreuung; Gymnastik, Gedächtnistraining, Spaziergänge, Feste, Kurzmassagen, Singen, Themennachmittage..; gemeinsame Feste und Feiern, kulturelle Veranstaltungen, Integrationsgespräch; Für alle gesetzlich versicherten Bewohnerinnen und Bewohner besteht ein Beratungsangebot zur gesundheitlichen Versorgungsplanung nach § 132g SGB V durch einen weitergebildeten Berater.","Spezielle Kostformen nach Absprache möglich (z. B. vegetarisch, ohne Schweinefleisch); Diätkost (z.B. Diabetiker- oder Reduktionskost); Zwischenmahlzeiten (z.B. Joghurt, Obst) zur freien Verfügung; Getränke (kalt/heiß) zur freien Verfügung; Einnahme von Mahlzeiten auf Wunsch im eigenen Zimmer möglich; Zubereitung eigener Mahlzeiten möglich; Gemeinschaftliches Mittagessen möglich; Mahlzeiten werden in der Einrichtung zubereitet (nach Absprache): Cook and chill; Teeküche ist für die individuelle Nutzung der Bewohner vorhanden",https://navigatoren.aok.de/etl/public/reports/2019/510/51080322770794-696856567347a.pdf,0,,False,,Alle Wohn- und Gemeinschaftsflächen sind für die Bewohner und deren Angehörige in der Einrichtung barrierefrei zugänglich.,,,4.4,5,https://bernhausen.altenheimat.de/,https://maps.google.com/?cid=12787809306043246933&g_mp=Cidnb29nbGUubWFwcy5wbGFjZXMudjEuUGxhY2VzLlNlYXJjaFRleHQQAhgEIAA,ChIJ_wpYVTbDmUcRVWkkps9sd7E,22,Fragen zu freien Pflegeplätzen richten Sie bitte an das Haus: sfb@altenheimat.de,,"45 attraktive Einzelzimmer mit Dusche und WC für Dauer- und Kurzzeitpflege. Einzelne Zimmer mit der Möglichkeit sie über eine Verbindungstür zueinander zu öffnen. Zusätzlich: 32 betreute Seniorenwohnungen (Betreutes Wohnen), davon drei des Betreuten Wohnen Plus","Dauerpflege, Kurzzeitpflege, Betreutes Wohnen, Betreutes Wohnen Plus, Tagespflege (im Angebot der Einrichtung allgemein erwähnt), Junge Pflege (im Angebot der Einrichtung allgemein erwähnt)",Junge Pflege (als allgemeines Angebot der Einrichtung erwähnt),Wohnküchen der Wohngruppen mit Platz für Gruppen- und Aktivierungsangebote. Cafeteria mit Terrasse als variabel nutzbarer und ins Foyer zu öffnender Veranstaltungsraum,"Zentrale Lage im Ortskern, in direkter Nachbarschaft zur Jakobuskirche in Filderstadt-Bernhausen. Ein offenes Haus für Senior*innen inmitten des Ortes",Stiftung Evangelische Altenheimat (kirchlich/diakonisch),Das Seniorenzentrum wurde September 2018 eröffnet. Familiäres Seniorenzentrum mit 45 Pflegeplätzen. Zwei Wohnbereiche mit je zwei familiären Wohngruppen mit max. 15 Plätzen. Wird im Verbund mit dem Seniorenzentrum Steinenbronn von einem erfahrenen Leitungsteam geführt. Enge Kooperation mit Partnern der kommunalen und kirchlichen Altenhilfe sowie mit der Diakoniestation Filderstadt. Das Seniorenzentrum erhielt November 2024 das IQD-Siegel für eine vorbildliche stationäre Pflege und Betreuung. Die Erstausstattung wurde gefördert aus Mitteln der Deutschen Fernsehlotterie,"Melanie Rehmet, Verbundleiterin, Tel.: 0711 707090-60, E-Mail: rehmet@altenheimat.de. Seniorenzentrum: Pulsstraße 1, 70794 Filderstadt, Tel.: 0711 707090-61, Fax: 0711 707090-69, E-Mail: sfb@altenheimat.de"
8041,Karlinum,Auf der Wart 2,71638,Ludwigsburg,48.884095502517,9.1949007555274,11458,07141 9651604,,http://www.karlshoehe.de/,"Kurzzeitpflege, Langzeitpflege",True,"3.107,31 €",3555.5998,2477.7090000000003,1208.8908000000001,0,3107.3148000000006,2233.44,1208.8908000000001,0,3107.3148000000006,2233.44,1208.8908000000001,0,3107.3148000000006,2233.44,1208.8908000000001,0,3107.3148000000006,2233.44,1208.8908000000001,0,,,,,,Teeküche ist für die individuelle Nutzung der Bewohner vorhanden,https://navigatoren.aok.de/etl/public/reports/2019/500/50080543471638-6887c3a896169.pdf,0,,False,,,,,2.7,6,http://www.karlshoehe.de/,https://maps.google.com/?cid=16159901049628697488&g_mp=Cidnb29nbGUubWFwcy5wbGFjZXMudjEuUGxhY2VzLlNlYXJjaFRleHQQAhgEIAA,ChIJZU5dAsnRmUcRkKOUxGKAQ-A,60,,,,Ambulanter Pflegedienst Karlshöhe,,"Soziale Betreuung, Seelsorge, Kantorei","Ludwigsburg, Campus-Gelände mit verschiedenen Einrichtungen, Diakonische Gemeinde vor Ort","Stiftung Karlshöhe Ludwigsburg, diakonischer Träger, kirchlich, seit 1876","Teil eines großen diakonischen Campus mit verschiedenen sozialen Einrichtungen, Geschäftsbereich Altenhilfe mit dem 'Karlinum', Ehrenamtliche Mitarbeit möglich, Freundeskreis vorhanden, 150-jähriges Jubiläum (seit 1876), Schirmherrin vorhanden, Eigene Kantorei, Diakonische Gemeinde mit Gottesdiensten, Nachhaltigkeitsprojekt 'KLIMAfit'","Kontaktseite verfügbar unter: https://www.karlshoehe.de/geschaeftsbereich/altenhilfe/kontakt, Allgemeine Kontaktseite: https://www.karlshoehe.de/kontakt, Presseanfragen möglich"
8506,Pflegestift Esslingen-Kennenburg,Kennenburger Str. 63,73732,Esslingen am Neckar,48.747098962185,9.3293469328621,11464,0711 3905100,pflegestift.kennenburg@udfm.de,http://www.dienste-fuer-menschen.de/pflege/esslingen/pflegestift-esslingen-kennenburg.html,"Kurzzeitpflege, Langzeitpflege",True,"3.263,98 €",3443.9584000000004,2390.4036000000006,1184.5548,0,3263.9778,2446.38,1184.5548,0,3263.9778,2446.38,1184.5548,0,3263.9778,2446.38,1184.5548,0,3263.9778,2446.38,1184.5548,0,"Pflegegrad 1: 1 Vollzeitstelle: 5,0 Pflegebedürftige; Pflegegrad 2: 1 Vollzeitstelle: 3,8 Pflegebedürftige; Pflegegrad 3: 1 Vollzeitstelle: 2,6 Pflegebedürftige; Pflegegrad 4: 1 Vollzeitstelle: 2,0 Pflegebedürftige; Pflegegrad 5: 1 Vollzeitstelle: 1,8 Pflegebedürftige",,Einrichtungseigene Aufenthaltsmöglichkeiten im Freien; Eigene Haustiere erlaubt: Gerne - aber bitte mit Rücksprache; Bibliothek,"Telefonanschluss in den Bewohnerzimmern; TV- oder Kabelanschluss in den Bewohnerzimmern; Internetzugang in den Bewohnerzimmern: Wir haben ein Gäste WLAN und leiten die Nutzung von Skype an.; Möbelmitnahme möglich: Die Grundausstattung mit Pflegebett, Schrank, Nachttisch für einen sofortigen Einzug ist vorhanden.","Wäscheversorgung (insbesondere Kleidung); Wir haben Fachleute für Hausreinigung, Haustechnik und die Betreuungsteams vor Ort.; Fahr- und Begleitdienste; Einzugsgespräch in der Pflegeeinrichtung; Wir arbeiten nach einer Fünf-Sinne-Konzeption, insbesondere für Menschen mit Demenz.; Angehörige und Ehrenamt sind herzlich willkommen und ermöglichen Abendsingen, Stricken oder Skat spielen - ganz nach Erfahrung und Möglichkeit. Wir unterstützen die Organisation.; Für alle gesetzlich versicherten Bewohnerinnen und Bewohner besteht ein Beratungsangebot zur gesundheitlichen Versorgungsplanung nach § 132g SGB V durch einen weitergebildeten Berater.; Wir vermitteln gerne Friseur und Fußpflege.","Mahlzeiten werden in der Einrichtung zubereitet (nach Absprache): Wir kochen täglich in unserer eigenen Küche frisch!; Zubereitung eigener Mahlzeiten möglich; Teeküche ist für die individuelle Nutzung der Bewohner vorhanden; Spezielle Kostformen nach Absprache möglich (z. B. vegetarisch, ohne Schweinefleisch); Diätkost (z.B. Diabetiker- oder Reduktionskost); Zwischenmahlzeiten (z.B. Joghurt, Obst) zur freien Verfügung; Getränke (kalt/heiß) zur freien Verfügung; Einnahme von Mahlzeiten auf Wunsch im eigenen Zimmer möglich; Gemeinschaftliches Mittagessen möglich",https://navigatoren.aok.de/etl/public/reports/2019/510/51081183173732-69634e22d3c8b.pdf,1,https://navigatoren.aok.de/etl/public/images/nursing_home/image284101detail-63738b5a4e31d.jpg,True,Besucher jederzeit willkommen,Alle Wohn- und Gemeinschaftsflächen sind für die Bewohner und deren Angehörige in der Einrichtung barrierefrei zugänglich.,,,3,10,http://www.dienste-fuer-menschen.de/pflege/esslingen/pflegestift-esslingen-kennenburg.html,https://maps.google.com/?cid=12558417638562679731&g_mp=Cidnb29nbGUubWFwcy5wbGFjZXMudjEuUGxhY2VzLlNlYXJjaFRleHQQAhgEIAA,ChIJmxMosivHmUcRs0uHD052SK4,39,,,,,,,,,,
21310,WGfS GmbH Casa Medici 1.OG,Nürtinger Str. 11,70794,Filderstadt,48.678730979759,9.2193379855274,11743,0711 25244590,info@wgfs.de,http://www.wgfs.de/,"Kurzzeitpflege, Langzeitpflege",True,"3.322,70 €",3551.9494,2572.3152,1110.6342,0,3322.6996999999997,2602.43,1110.6342,0,3322.6996999999997,2602.43,1110.6342,0,3322.6996999999997,2602.43,1110.6342,0,3322.6996999999997,2602.43,1110.6342,0,,,,,,Teeküche ist für die individuelle Nutzung der Bewohner vorhanden,https://navigatoren.aok.de/etl/public/reports/2019/510/51080957570794-697193f59b7a8.pdf,0,,False,,,,,4.1,12,http://www.wgfs.de/,https://maps.google.com/?cid=6014210147481699848&g_mp=Cidnb29nbGUubWFwcy5wbGFjZXMudjEuUGxhY2VzLlNlYXJjaFRleHQQAhgEIAA,ChIJD4aEE3HCmUcRCEYytUPEdlM,18,,,"9 Wohnungen zur Auswahl im Betreuten Service Wohnen; verschiedene Wohnungsgrößen und -typen verfügbar; Wohnungen mit Balkonen/Terrassen, Kelleranteil; rollstuhlgerecht gestaltet","Vollstationäre Pflege, Ambulante Pflege, Tagespflege, Demenz-Wohngemeinschaften, ambulant betreute Wohngemeinschaft für Menschen mit Pflegebedarf (ohne Demenz), Betreutes Service Wohnen, Betreutes Wohnen","Demenzbetreuung - spezialisierte Wohngemeinschaften für Menschen mit Demenz an drei Standorten: Leinfelden-Echterdingen, Neuhausen auf den Fildern, Neckartailfingen","Freizeitgestaltung, Unterstützung im Alltag (weitere Details nicht spezifiziert)","Hauptsitz: Nürtinger Straße 11, 70794 Filderstadt; weitere Standorte in Leinfelden-Echterdingen, Neuhausen auf den Fildern, Neckartailfingen",WGfS GmbH - privater Träger,"Familiäre Atmosphäre laut Kundenbewertungen; moderne Notrufanlagen; großzügige und rollstuhlgerechte Gestaltung; Barrierefreiheit; hochwertige Einbauküchen; 24-Stunden-Betreuung; individuelle Pflege und Betreuung; Einbindung der Angehörigen; WGfS Akademie für Ausbildung; Unternehmenswerte: Nächstenliebe, Emotionalität, Achtsamkeit, Respekt, Fürsorge, Kompetenz, Verantwortung","Telefon: 0711 252445 90; E-Mail: info@wgfs.de; Adresse: WGfS GmbH, Nürtinger Straße 11, 70794 Filderstadt; Online-Anfrage möglich über: seminare.wgfs.de:9776/connect/interessenten/01-85-16/bewerbung"
8427,Samariterstift Leonberg,Seestr. 74,71229,Leonberg,48.797576983589,9.0228349307244,11786,07152 6070,waltraud.jansen@samariterstiftung.de,https://www.samariterstiftung.de/standorte/altenpflege/boeblingen-leonberg/samariterstift-leonberg.html,Langzeitpflege,False,"3.322,46 €",3524.5714000000003,2429.3412000000003,1226.2302000000002,0,3322.4577000000004,2466.15,1226.2302000000002,0,3322.4577000000004,2466.15,1226.2302000000002,0,3322.4577000000004,2466.15,1226.2302000000002,0,3322.4577000000004,2466.15,1226.2302000000002,0,Pflegegrad 1: k.A.; Pflegegrad 2: k.A.; Pflegegrad 3: k.A.; Pflegegrad 4: k.A.; Pflegegrad 5: k.A.,,Eigene Haustiere; Einrichtungseigene Aufenthaltsmöglichkeiten im Freien,Internetzugang in den Bewohnerzimmern; Telefonanschluss in den Bewohnerzimmern; TV- oder Kabelanschluss in den Bewohnerzimmern; Möbelmitnahme möglich,Wäscheversorgung (insbesondere Kleidung); Reinigung der Zimmer; Einzugsgespräch in der Pflegeeinrichtung,"Mahlzeiten werden in der Einrichtung zubereitet (nach Absprache); Zubereitung eigener Mahlzeiten möglich; Teeküche ist für die individuelle Nutzung der Bewohner vorhanden; Spezielle Kostformen nach Absprache möglich (z. B. vegetarisch, ohne Schweinefleisch); Diätkost (z.B. Diabetiker- oder Reduktionskost); Zwischenmahlzeiten (z.B. Joghurt, Obst) zur freien Verfügung; Getränke (kalt/heiß) zur freien Verfügung; Einnahme von Mahlzeiten auf Wunsch im eigenen Zimmer möglich; Gemeinschaftliches Mittagessen möglich",https://navigatoren.aok.de/etl/public/reports/2019/510/51081044271229-694ce1e561eb7.pdf,2,https://navigatoren.aok.de/etl/public/images/nursing_home/image292103detail-63738b686b15d.jpg; https://navigatoren.aok.de/etl/public/images/nursing_home/image292104detail-63738b686c352.jpg,True,Besucher jederzeit willkommen,Alle Wohn- und Gemeinschaftsflächen sind für die Bewohner und deren Angehörige in der Einrichtung barrierefrei zugänglich.,Samariterstift Leonberg (),,4,8,https://www.samariterstiftung.de/standorte/altenpflege/boeblingen-leonberg/samariterstift-leonberg.html,https://maps.google.com/?cid=7190696603459424427&g_mp=Cidnb29nbGUubWFwcy5wbGFjZXMudjEuUGxhY2VzLlNlYXJjaFRleHQQAhgEIAA,ChIJe4qadOXYmUcRq5DOgHZ8ymM,16,,Eine Preisliste ist verfügbar als PDF-Download. Zusätzlich gibt es einen Flyer 'Kosten für gute Pflege'.,"42 Plätze im Haus Seestr. 74, 50 Plätze im Haus 72. Hausgemeinschaften für jeweils 14 Bewohnerinnen und Bewohner (Haus 74) bzw. 12-13 Bewohnerinnen und Bewohner (Haus 72). Zusätzlich: 90 Appartements mit zwei bis vier Zimmern für Seniorenwohnen.","Langzeitpflege (42 Plätze im Haus Seestr. 74, 50 Plätze im Haus 72), 3 Plätze in der Kurzzeitpflege, 12 Plätze in der Tagespflege mit Fahrdienst in Leonberg, Offener Mittagstisch",Gerontopsychiatrisches Pflegeheim - gilt seit langem als eine der qualifiziertesten Einrichtungen zur Pflege und Betreuung von Menschen mit einer demenziellen Erkrankung. Zwei Hausgemeinschaften sind speziell für die Betreuung von Menschen mit einer Demenz eingerichtet. Beschützende Lebenswelt für Menschen mit fortgeschrittener Demenz. Beschützender Garten für den Aufenthalt im Freien.,"In den Hausgemeinschaften bestimmen die persönlichen Bedürfnisse und Wünsche der Bewohnerinnen und Bewohner den Alltag. Sie gestalten den Tagesablauf und die hauswirtschaftliche Versorgung nach Möglichkeit gemeinsam mit Alltagsbegleiterinnen. Eine Vielzahl ehrenamtlich Engagierter, der Freundeskreis Leonberger Senioren, die Leonberger Stiftung ZEIT FÜR MENSCHEN sowie Mitarbeitende aus Firmen wie der Bosch AG bereichern das Leben im Samariterstift Leonberg.","Seestraße 74, 71229 Leonberg. Einkaufsmöglichkeiten vorhanden, gute Busverbindung. Das Haus ist vernetzt mit dem Leben in der Stadt Leonberg. Im Leonberger Wohnviertel am Blosenberg treffen sich seit Anfang 2014 unterschiedliche Gruppen, um das nachbarschaftliche Miteinander gemeinsam zu entwickeln.","Samariterstiftung, Nürtingen. Slogan: 'Wir helfen Menschen'. Die Stiftung ist Mitglied der Gemeinwohl-Ökonomie.","Hausgemeinschaftskonzept, beschützte Lebenswelt für Menschen mit fortgeschrittener Demenz, großes Engagement von Ehrenamtlichen, Unterstützung durch LEONBERGER STIFTUNG - Zeit für Menschen. Ansprechende architektonische Gestaltung, moderne Ausstattung und angenehme, wohnliche Atmosphäre. Seit Gründung im Jahr 1948. Haus 74 erstreckt sich über 3 Stockwerke in lichter und offener Architektur, Haus 72 zeigt über zwei Ebenen den Wohnungscharakter der Hausgemeinschaften. Drei Qualitätssiegel für ausgezeichnete Arbeit (IQD - Institut für Qualitätskennzeichnung von sozialen Dienstleistungen).","Hausleitung: Waltraud Jansen, Seestraße 74, 71229 Leonberg, Telefon: 07152 / 6070. Kontaktformular und Platzanfrage online verfügbar. Anmeldeformulare verfügbar: Anmeldung Pflegehausaufnahme, Anmeldebogen Tagespflege, Ärztlicher Fragebogen Tagespflege, Ärztlicher Fragebogen, Pflegerischer Fragebogen."
21109,"Senioren-Residenz ""Hohenzollernplatz""",Hohenzollernplatz 7,71638,Ludwigsburg,48.887948962748,9.1904059451718,11864,07141 99020,luwigsburg@alloheim.de,https://www.alloheim.de/pflege-ludwigsburg?y_source=1_OTg2ODk5ODUtNzE1LWxvY2F0aW9uLndlYnNpdGU=,"Kurzzeitpflege, Langzeitpflege",True,"2.917,46 €",3102.0376,2207.2752,1025.7624,0,2917.4628999999995,2225.53,1025.7624,0,2917.4628999999995,2225.53,1025.7624,0,2917.4628999999995,2225.53,1025.7624,0,2917.4628999999995,2225.53,1025.7624,0,Pflegegrad 1: k.A.; Pflegegrad 2: k.A.; Pflegegrad 3: k.A.; Pflegegrad 4: k.A.; Pflegegrad 5: k.A.,,Eigene Haustiere; Einrichtungseigene Aufenthaltsmöglichkeiten im Freien,Telefonanschluss in den Bewohnerzimmern; TV- oder Kabelanschluss in den Bewohnerzimmern; Internetzugang in den Bewohnerzimmern; Möbelmitnahme möglich,"Wäscheversorgung (insbesondere Kleidung); Reinigung der Zimmer; Hausmeisterservice; Soziale Betreuung; Ausflüge, Gruppen-/Einzelbetreuung, Bewegungsangebot, Kochangebot. Wechselndes Betreuungsangebot; Individuell nach denBedürfnissen der Bewohner","Mahlzeiten werden in der Einrichtung zubereitet (nach Absprache); Zubereitung eigener Mahlzeiten möglich; Teeküche ist für die individuelle Nutzung der Bewohner vorhanden; Spezielle Kostformen nach Absprache möglich (z. B. vegetarisch, ohne Schweinefleisch); Diätkost (z.B. Diabetiker- oder Reduktionskost); Zwischenmahlzeiten (z.B. Joghurt, Obst) zur freien Verfügung; Getränke (kalt/heiß) zur freien Verfügung; Einnahme von Mahlzeiten auf Wunsch im eigenen Zimmer möglich; Gemeinschaftliches Mittagessen möglich",https://navigatoren.aok.de/etl/public/reports/2019/510/51080984871638-694dfd49f3a6c.pdf,0,,False,,Alle Wohn- und Gemeinschaftsflächen sind für die Bewohner und deren Angehörige in der Einrichtung barrierefrei zugänglich.,,,3.5,31,https://www.alloheim.de/pflege-ludwigsburg?y_source=1_OTg2ODk5ODUtNzE1LWxvY2F0aW9uLndlYnNpdGU=,https://maps.google.com/?cid=9869298858905226033&g_mp=Cidnb29nbGUubWFwcy5wbGFjZXMudjEuUGxhY2VzLlNlYXJjaFRleHQQAhgEIAA,ChIJVfCMLbjRmUcRMcs2uwXL9og,23,,"Der Preis und die Finanzierung eines Pflegeplatzes werfen bei Betroffenen und ihren Angehörigen oft viele Fragen auf. Deshalb helfen wir Ihnen gerne weiter – sei es bei Anträgen an die Pflegekasse, Krankenkasse oder an Sozialhilfeträger. (Keine konkreten Preise auf der Seite angegeben, Verweis auf weitere Informationen)","Einzelzimmer (mehrfach in der Bildergalerie erwähnt: 'einzelzimmer-pflegeheim-ludwigsburg', 'einzelzimmer-seniorenheim-ludwigsburg', 'einzelzimmer-pflegeheim-alloheim'). Die Zimmer sind geschmackvoll ausgestattet.","Langzeitpflege, Kurzzeitpflege, Verhinderungspflege, Demenz-Pflege",Demenz-Pflege,"Psychosoziale Betreuung, Ergotherapie, Logopädie, Physiotherapie (externe Dienstleister), Besucherdienst ehrenamtlicher Helfer, Begleitservice z.B. bei Einkäufen, Arztterminen. Ergotherapie-Raum vorhanden.","Zentral, aber trotzdem ruhig in der Ludwigsburger Südstadt gelegen. In fußläufiger Entfernung: Supermarkt, Bäckerei, Imbisse und Restaurants. Kulturelles Angebot mit Sehenswürdigkeiten wie Residenzschloss mit Gartenschau 'Blühendes Barock' (20 Hektar), Jagd- und Lustschloss Favorite, Seeschloss Monrepos. Bushaltestelle direkt vor der Einrichtung, Bahnhof fußläufig erreichbar. Zwei großzügige Gartenbereiche und Terrasse vor der Einrichtung. Sanitätshäuser, Allgemein- und Fachmediziner schnell erreichbar.","Alloheim Senioren-Residenzen Einunddreißigste GmbH (privater Träger, Teil der Alloheim-Gruppe)","Helles, freundliches Haus mit ansprechendem Ambiente und modernem Komfort. Nach aktuellen Standards speziell für die Bedürfnisse älter werdender Bewohner konzipiert. Liebevolle, komfortable Einrichtung mit familiärer Atmosphäre. Geschmackvoll ausgestattete Gemeinschaftsräume als beliebte Orte der Begegnung. Hausfriseur und Physiotherapiepraxis im angebundenen Nebengebäude, ebenerdig und überdacht über Zwischentüre in der Cafeteria erreichbar. Badewanne für Wellness vorhanden. Cafeteria/Pausenraum, Speiseraum.","Adresse: Hohenzollernplatz 7, 71638 Ludwigsburg. Telefon: 07141 99 02-0. Kontaktaufnahme über Webformular möglich. Beratung in pflegerischen, sozialen und administrativen Fragen sowie Unterstützung bei Antragstellungen angeboten."
8743,Pflegezentrum Ditzingen Haus Guldenhof,Hohe Straße 30,71254,Ditzingen,48.839518966156,9.0442919997693,11967,07156 309000,info@haus-guldenhof.de,https://www.haus-guldenhof.de/,Langzeitpflege,False,"3.117,99 €",3416.5804000000003,2350.2492,1197.3312,0,3117.9912000000004,2259.6,1197.3312,0,3117.9912000000004,2259.6,1197.3312,0,3117.9912000000004,2259.6,1197.3312,0,3117.9912000000004,2259.6,1197.3312,0,Pflegegrad 1: k.A.; Pflegegrad 2: k.A.; Pflegegrad 3: k.A.; Pflegegrad 4: k.A.; Pflegegrad 5: k.A.,2006,Eigene Haustiere; Einrichtungseigene Aufenthaltsmöglichkeiten im Freien,Telefonanschluss in den Bewohnerzimmern; TV- oder Kabelanschluss in den Bewohnerzimmern; Internetzugang in den Bewohnerzimmern; Möbelmitnahme möglich,"Wäscheversorgung (insbesondere Kleidung); Reinigung der Zimmer; Hausmeisterservice; Soziale Betreuung; Fahr- und Begleitdienste; Einzugsgespräch in der Pflegeeinrichtung; Singstunden, Veranstaltungen, gymnastische Aktivierungen, Malgruppen, Ausflüge, Spaziergänge,uvm","Diätkost (z.B. Diabetiker- oder Reduktionskost); Mahlzeiten werden in der Einrichtung zubereitet (nach Absprache); Spezielle Kostformen nach Absprache möglich (z. B. vegetarisch, ohne Schweinefleisch); Zwischenmahlzeiten (z.B. Joghurt, Obst) zur freien Verfügung; Getränke (kalt/heiß) zur freien Verfügung; Einnahme von Mahlzeiten auf Wunsch im eigenen Zimmer möglich; Zubereitung eigener Mahlzeiten möglich; Gemeinschaftliches Mittagessen möglich; Teeküche ist für die individuelle Nutzung der Bewohner vorhanden",https://navigatoren.aok.de/etl/public/reports/2019/510/51081741671254-694dfd50cd532.pdf,0,,False,"{'Montag': ['08:30 - 17:00'], 'Dienstag': ['08:30 - 17:00'], 'Mittwoch': ['08:30 - 17:00'], 'Donnerstag': ['08:30 - 17:00'], 'Freitag': ['08:30 - 15:00']}",Alle Wohn- und Gemeinschaftsflächen sind für die Bewohner und deren Angehörige in der Einrichtung barrierefrei zugänglich.,,,4.1,10,https://www.haus-guldenhof.de/,https://maps.google.com/?cid=7899133461371947653&g_mp=Cidnb29nbGUubWFwcy5wbGFjZXMudjEuUGxhY2VzLlNlYXJjaFRleHQQAhgEIAA,ChIJEWAhli3YmUcRhQp6Hghcn20,25,,,,"Tagespflege im Haus Guldenhof, Kurzzeitpflege im Guldenhof, Dauerpflege im Guldenhof, Betreutes Pflegewohnen, Tagespflege Seemühle (zusätzlicher Standort)",,"Kulturangebote, Kaffeenachmittag mit Pausenmusik Markgröningen (5. März 2026, 14:30 Uhr), Märchensalon: Hans und die Bohnenranke (16. März 2026, 14:30 Uhr), Café Guldenhof","Das Pflegezentrum liegt wunderschön auf der Anhöhe von Hirschlanden, einem Stadtteil von Ditzingen. Auf diesem Grundstück wurde vor langer Zeit ein großer Gutshof errichtet. Die Gemarkung hieß damals Guldental. Adresse: Hohe Straße 30, 71254 Ditzingen",Gemeinnütziges Tochterunternehmen der Heidehof Stiftung GmbH,"Historisches Grundstück eines ehemaligen Gutshofs, heimelige und zugleich offene Atmosphäre, Menüservice verfügbar (Essen nach Hause), Café Guldenhof im Haus, Förderverein vorhanden, Heimfürsprecher etabliert","Pflegezentrum Ditzingen Haus Guldenhof gGmbH, Hohe Straße 30, 71254 Ditzingen. Telefonisch erreichbar Montag bis Freitag von 10:00 Uhr – 12:00 Uhr, Tel.: 07156-30 900 15, E-Mail: aufnahme@haus-guldenhof.de, Menüservice: menueservice@haus-guldenhof.de"
8777,ASB Haus am Römerhügel,Oscar-Walcker-Str. 12-14,71636,Ludwigsburg,48.889275950199,9.1793859522554,11996,07141 47470,info@asb-lb.de,https://asb-lb.de/pflege_haus-am-roemerhuegel,"Kurzzeitpflege, Langzeitpflege",True,"3.324,07 €",3587.2366,2510.5626,1207.6740000000002,0,3324.072,2489.88,1207.6740000000002,0,3324.072,2489.88,1207.6740000000002,0,3324.072,2489.88,1207.6740000000002,0,3324.072,2489.88,1207.6740000000002,0,Pflegegrad 1: k.A.; Pflegegrad 2: k.A.; Pflegegrad 3: k.A.; Pflegegrad 4: k.A.; Pflegegrad 5: k.A.,,Einrichtungseigene Aufenthaltsmöglichkeiten im Freien; Eigene Haustiere,Telefonanschluss in den Bewohnerzimmern; TV- oder Kabelanschluss in den Bewohnerzimmern; Internetzugang in den Bewohnerzimmern; Möbelmitnahme,Fahr- und Begleitdienste; Einzugsgespräch in der Pflegeeinrichtung,"Mahlzeiten werden in der Einrichtung zubereitet (nach Absprache); Teeküche ist für die individuelle Nutzung der Bewohner vorhanden; Spezielle Kostformen nach Absprache möglich (z. B. vegetarisch, ohne Schweinefleisch); Diätkost (z.B. Diabetiker- oder Reduktionskost); Zwischenmahlzeiten (z.B. Joghurt, Obst) zur freien Verfügung; Getränke (kalt/heiß) zur freien Verfügung; Einnahme von Mahlzeiten auf Wunsch im eigenen Zimmer möglich; Zubereitung eigener Mahlzeiten möglich; Gemeinschaftliches Mittagessen möglich",https://navigatoren.aok.de/etl/public/reports/2019/510/51081800871636-6925ae58b3a28.pdf,0,,True,Besucher jederzeit willkommen,,ASB-Pflegeheim Haus am Römerhügel (),,4.3,3,https://asb-lb.de/pflege_haus-am-roemerhuegel,https://maps.google.com/?cid=17751187242615415630&g_mp=Cidnb29nbGUubWFwcy5wbGFjZXMudjEuUGxhY2VzLlNlYXJjaFRleHQQAhgEIAA,ChIJJ9yvQKXRmUcRTqOJUb_iWPY,73,,,35 Einzelzimmer und 4 Doppelzimmer auf zwei Ebenen. Alle Zimmer mit Dusche und WC. Individuelle Einrichtung nach Absprache möglich. Telefon- und Fernsehanschluss. WLAN.,Stationäre Pflege und Kurzzeitpflege,Betreuung schwerstkranker und sterbender Menschen (Charta zur Betreuung schwerstkranker und sterbender Menschen verfügbar),Abwechslungsreiche Freizeitgestaltung in der Gruppe und individuell. Regelmäßige Gottesdienste. Aufenthaltsräume mit gemütlichen Sitzecken.,"Das Haus am Römerhügel liegt am Rande des Stadtzentrums von Ludwigsburg. Die Bushaltestelle und der Ludwigsburger Bahnhof sind in wenigen Minuten fußläufig zu erreichen. Die Einrichtung verfügt über schöne Außenbereiche, eine großzügige Sonnenterrasse lädt zum Verweilen ein.",ASB (Arbeiter-Samariter-Bund) Ludwigsburg,"Vermittlung von Ärzten, Logopäden, Ergotherapeuten, Physiotherapeuten sowie Friseur und Fußpflege, die nach Bedarf ins Haus kommen. Zusammenarbeit mit Apotheken, Sanitätshäusern, Optikern und Hörgeräteakustikern. Pflege und Betreuung erfolgt durch qualifiziertes Personal. Pflege- und Betreuungsleistungen werden auf die persönlichen Bedürfnisse zugeschnitten.","Daniel Bayer, Telefon: 07141 4747-0, E-Mail: leitung.roemerhuegel@asb-lb.de"
9876,Alexanderstift Hegnach Dienste für Senioren gGmbH,Haldenäcker 11-13,71334,Waiblingen,48.857144941217,9.2992469928056,12034,07151 981450,AS-Aufnahme-Hegnach@alexander-stift.de,https://alexander-stift.diakonie-stetten.de/standorte/seniorenzentrum-hegnach.html,"Kurzzeitpflege, Langzeitpflege",True,"3.105,70 €",3447.3046,2438.7714,1139.5332,0,3105.7022,2313.14,1139.5332,0,3105.7022,2313.14,1139.5332,0,3105.7022,2313.14,1139.5332,0,3105.7022,2313.14,1139.5332,0,Pflegegrad 1: k.A.; Pflegegrad 2: k.A.; Pflegegrad 3: k.A.; Pflegegrad 4: k.A.; Pflegegrad 5: k.A.,2012,"Eigene Haustiere; Einrichtungseigene Aufenthaltsmöglichkeiten im Freien: Balkon, Terasse","Telefonanschluss in den Bewohnerzimmern; TV- oder Kabelanschluss in den Bewohnerzimmern; Internetzugang in den Bewohnerzimmern: WLAN; Möbelmitnahme möglich: Grundausstattung der Zimmer: Pflegebett, Nachttisch, Kleiderschrank, Kommode","Wäscheversorgung (insbesondere Kleidung); Reinigung der Zimmer; Hausmeisterservice; Einzugsgespräch in der Pflegeeinrichtung; Singen, kreatives Gestalten, Backen,Kochen, Spaziergänge,Digitale Medien,Gymnastik,; Angehörigenabende; Für alle gesetzlich versicherten Bewohnerinnen und Bewohner besteht ein Beratungsangebot zur gesundheitlichen Versorgungsplanung nach § 132g SGB V durch einen weitergebildeten Berater.","Mahlzeiten werden in der Einrichtung zubereitet (nach Absprache); Zubereitung eigener Mahlzeiten möglich; Teeküche ist für die individuelle Nutzung der Bewohner vorhanden; Spezielle Kostformen nach Absprache möglich (z. B. vegetarisch, ohne Schweinefleisch); Diätkost (z.B. Diabetiker- oder Reduktionskost); Zwischenmahlzeiten (z.B. Joghurt, Obst) zur freien Verfügung; Getränke (kalt/heiß) zur freien Verfügung; Einnahme von Mahlzeiten auf Wunsch im eigenen Zimmer möglich; Gemeinschaftliches Mittagessen möglich",https://navigatoren.aok.de/etl/public/reports/2019/512/51281034471334-694dfdd9383fb.pdf,0,,True,Besucher jederzeit willkommen,Alle Wohn- und Gemeinschaftsflächen sind für die Bewohner und deren Angehörige in der Einrichtung barrierefrei zugänglich.,Haus- und Pflegedienstleitung (),,5,5,https://alexander-stift.diakonie-stetten.de/standorte/seniorenzentrum-hegnach.html,https://maps.google.com/?cid=16222930573983713271&g_mp=Cidnb29nbGUubWFwcy5wbGFjZXMudjEuUGxhY2VzLlNlYXJjaFRleHQQAhgEIAA,ChIJycKmCzDPmUcR94cffmdtI-E,5,,"Preisliste verfügbar als PDF-Download (Preisliste ab 01.01.2026). Konkrete Preise sind nicht direkt auf der Seite angegeben, aber über einen Link zur Preisliste abrufbar.","37 Einzelzimmer. Zimmerausstattung: Bad, Pflegebett, Nachttisch, Kleiderschrank, TV-Kommode, Tisch und Stühle, Telefon- und Kabel-TV-Anschluss und ein Hausnotruf. Zusätzlich: 6 Betreute Seniorenwohnungen (Betreutes Wohnen).","Stationäre Dauerpflege, Kurzzeitpflege, Demenzpflege, Betreutes Wohnen. Das Haus wird mit drei Hausgemeinschaften geführt.",Demenzpflege,"Freizeit- und Gemeinschaftsangebote werden angeboten. Gartenanlage mit Sitzgelegenheiten, Terrassen/Balkone für jede Wohngruppe und eine Begegnungsstätte.","Hoch über dem Remstal am Rande des Schmidener Feldes und nur wenige Kilometer entfernt von Waiblingen. Die Einrichtung befindet sich in der Ortsmitte von Hegnach, in unmittelbarer Nähe der evangelischen Kirche und des Rathauses. Gartenanlage mit Sitzgelegenheiten vorhanden.","Diakonie Stetten e.V. (kirchlich/diakonisch). Teil des Alexander-Stift, einer gemeinnützigen GmbH der Diakonie Stetten.","Hauseigene Küche: täglich frisch gekocht, ausgewogene Ernährung, Zwischenmahlzeiten auf Wunsch rund um die Uhr möglich. Das Haus wird mit drei Hausgemeinschaften geführt. Hausgemeinschaften & Wohngruppen-Konzept. Vorvertragliche Informationen als PDF verfügbar.","Einrichtungs- und Pflegedienstleitung: Agnes Thiele, Telefon 07151 98145-0, E-Mail: agnes.thiele@alexander-stift.de. Adresse: Haldenäcker 13, 71334 Waiblingen-Hegnach. Allgemeine Kontaktdaten: Alexander-Stift, Schlossberg 2, 71394 Kernen-Stetten, Telefon 07151 940-0, info@alexander-stift.de"
8825,Evangelische Heimstiftung Haus am Remsufer,Am Remsufer 16,71686,Remseck,48.870610957513,9.2752859597377,12049,07146 992570,haus-am-remsufer@ev-heimstiftung.de,https://www.ev-heimstiftung.de/remseck-haus-am-remsufer/,"Kurzzeitpflege, Langzeitpflege",True,"3.051,22 €",3388.8982000000005,2402.2674,1117.6308000000001,0,3051.2192999999997,2274.81,1117.6308000000001,0,3051.2192999999997,2274.81,1117.6308000000001,0,3051.2192999999997,2274.81,1117.6308000000001,0,3051.2192999999997,2274.81,1117.6308000000001,0,"Pflegegrad 1: 1 Vollzeitstelle: 4,5 Pflegebedürftige; Pflegegrad 2: 1 Vollzeitstelle: 3,5 Pflegebedürftige; Pflegegrad 3: 1 Vollzeitstelle: 2,5 Pflegebedürftige; Pflegegrad 4: 1 Vollzeitstelle: 1,9 Pflegebedürftige; Pflegegrad 5: 1 Vollzeitstelle: 1,7 Pflegebedürftige",2008,Einrichtungseigene Aufenthaltsmöglichkeiten im Freien: jede Wohngruppe hat eine eigene Terrasse; Eigene Haustiere erlaubt: nach Absprache mit Hausdirektion,Telefonanschluss in den Bewohnerzimmern; TV- oder Kabelanschluss in den Bewohnerzimmern; Internetzugang in den Bewohnerzimmern: Wifi im Haus; Möbelmitnahme möglich: Einzelfallentscheidung der Hausdirektor,"Wäscheversorgung (insbesondere Kleidung); Reinigung der Zimmer; Hausmeisterservice; Fremdvergabe an die eigene Tochterfirma HDG; Hausmeisterservice; Gedächtnistraining, Gymnastik, Kreativ Nachmittag, Spielnachmittag, Backen  Besuch im Kinderhaus; Möglichkeiten und Aktivitäten zur Einbeziehung der Angehörigen, z. B. Angehörigengruppen, Möglichkeit der Teilnahme an Mahlzeiten, Möglichkeiten der Einbindung in Aktivitäten (Feste, Feiern), Angehörigenabend etc.; Friseur, Fußpflege","Mahlzeiten werden in der Einrichtung zubereitet (nach Absprache): Mittagessen wird regeneriert, andere Mahlzeiten werden in der Einrichtung frisch zubereitet; Teeküche ist für die individuelle Nutzung der Bewohner vorhanden; Spezielle Kostformen nach Absprache möglich (z. B. vegetarisch, ohne Schweinefleisch); Diätkost (z.B. Diabetiker- oder Reduktionskost); Zwischenmahlzeiten (z.B. Joghurt, Obst) zur freien Verfügung; Getränke (kalt/heiß) zur freien Verfügung; Einnahme von Mahlzeiten auf Wunsch im eigenen Zimmer möglich; Zubereitung eigener Mahlzeiten möglich; Gemeinschaftliches Mittagessen möglich",https://navigatoren.aok.de/etl/public/reports/2019/510/51081871471686-69634e23bdc31.pdf,3,https://navigatoren.aok.de/etl/public/images/nursing_home/image314022detail-63738b84d75b0.jpg; https://navigatoren.aok.de/etl/public/images/nursing_home/image314023detail-63738b84d863a.jpg; https://navigatoren.aok.de/etl/public/images/nursing_home/image314024detail-63738b84d95b7.jpg,True,Besucher jederzeit willkommen,Alle Wohn- und Gemeinschaftsflächen sind für die Bewohner und deren Angehörige in der Einrichtung barrierefrei zugänglich.,,,3.5,13,https://www.ev-heimstiftung.de/remseck-haus-am-remsufer/,https://maps.google.com/?cid=6800747100375535568&g_mp=Cidnb29nbGUubWFwcy5wbGFjZXMudjEuUGxhY2VzLlNlYXJjaFRleHQQAhgEIAA,ChIJ7f1OY_3OmUcR0M8mtXQbYV4,4,,Entgeltübersicht als PDF verfügbar (Link auf der Webseite vorhanden),,"Stationäre Pflege, Kurzzeitpflege, Tagespflege, Ambulante Pflege, Palliative Care werden im Menü der Einrichtung erwähnt. Betreutes Wohnen ist ebenfalls verfügbar.",Palliative Care wird als Pflegeangebot aufgeführt,Kultur & Freizeit Angebote werden erwähnt (eigener Menüpunkt vorhanden),"Am Remsufer 16, 71686 Remseck - direkt am Remsufer gelegen","Evangelische Heimstiftung Württemberg GmbH - diakonischer Träger, größtes diakonisches Pflegeunternehmen, seit 1952 tätig, über 170 Einrichtungen in Baden-Württemberg","Teil eines großen Netzwerks mit über 170 Einrichtungen. Innovationen: Einsatz des sozialen Roboters Navel, Institut für Innovation, Pflege und Alter, Start-ups im Einsatz, Nachhaltigkeitsinitiative 'Das Grüne Segel', ALADIEN-Projekt, Quartiersentwicklung. Motto: 'Gute Pflege' seit 1952. Freiwilliges Engagement und Freundeskreis vorhanden.","Hausdirektorin: Sandra Borrmann
Adresse: Am Remsufer 16, 71686 Remseck
Telefon: 07146 99257-0
Fax: 07146 99257-29
E-Mail: haus-am-remsufer@ev-heimstiftung.de

Zentrales Gute-Pflege-Center (Beratung):
Telefon: 0711 95 96 97 97 (Mo-Fr 08:00-17:00 Uhr)
Online-Beratung: www.onlineberatung.ev-heimstiftung.de

Hauptverwaltung:
Evangelische Heimstiftung GmbH
Hackstraße 12, 70190 Stuttgart
Telefon: (0711) 636 76-0"
8486,Haus am Fleinsbach,Talstr. 33,70794,Filderstadt,48.673531957428,9.2133809873839,12215,0711 709850,haus-am-fleinsbach@wohlfahrtswerk.de,https://wohlfahrtswerk.de/haus-am-fleinsbach,Langzeitpflege,False,"3.150,26 €",3434.5282000000007,2399.5296000000003,1165.9986000000001,0,3150.2641,2334.43,1165.9986000000001,0,3150.2641,2334.43,1165.9986000000001,0,3150.2641,2334.43,1165.9986000000001,0,3150.2641,2334.43,1165.9986000000001,0,"Pflegegrad 1: 1 Vollzeitstelle: 4,4 Pflegebedürftige; Pflegegrad 2: 1 Vollzeitstelle: 3,4 Pflegebedürftige; Pflegegrad 3: 1 Vollzeitstelle: 2,4 Pflegebedürftige; Pflegegrad 4: 1 Vollzeitstelle: 1,9 Pflegebedürftige; Pflegegrad 5: 1 Vollzeitstelle: 1,7 Pflegebedürftige",,Einrichtungseigene Aufenthaltsmöglichkeiten im Freien; Eigene Haustiere erlaubt: wenn die Versorgung sichergestellt ist,Internetzugang in den Bewohnerzimmern; Telefonanschluss in den Bewohnerzimmern; TV- oder Kabelanschluss in den Bewohnerzimmern; Möbelmitnahme möglich,"Wäscheversorgung (insbesondere Kleidung); Reinigung der Zimmer; - Zeitungsrunde, Backen,Ausflüge mit der Rikscha etc. und Gedächtnistraining; Feste, Angehörigenabende; nach Vereinbarung","Diätkost (z.B. Diabetiker- oder Reduktionskost); Teeküche ist für die individuelle Nutzung der Bewohner vorhanden; Mahlzeiten werden in der Einrichtung zubereitet (nach Absprache); Spezielle Kostformen nach Absprache möglich (z. B. vegetarisch, ohne Schweinefleisch); Zwischenmahlzeiten (z.B. Joghurt, Obst) zur freien Verfügung; Getränke (kalt/heiß) zur freien Verfügung; Einnahme von Mahlzeiten auf Wunsch im eigenen Zimmer möglich; Zubereitung eigener Mahlzeiten möglich; Gemeinschaftliches Mittagessen möglich",https://navigatoren.aok.de/etl/public/reports/2019/510/51081153570794-6986d2006ee72.pdf,0,,True,Besucher jederzeit willkommen,Alle Wohn- und Gemeinschaftsflächen sind für die Bewohner und deren Angehörige in der Einrichtung barrierefrei zugänglich.,Haus am Fleinsbach (),,2.9,12,https://wohlfahrtswerk.de/haus-am-fleinsbach,https://maps.google.com/?cid=16061163689136273110&g_mp=Cidnb29nbGUubWFwcy5wbGFjZXMudjEuUGxhY2VzLlNlYXJjaFRleHQQAhgEIAA,ChIJQeHl63fCmUcR1rZekke35N4,3,,"Eine Preisliste ist verfügbar (Link zur Preisliste vorhanden, aber konkrete Preise sind auf dieser Seite nicht angegeben)",,"Stationäre Pflege (Pflegeheim), Pflege und Betreuung zu Hause, Unterstützung im Haushalt","Betreuung von schwerstkranken, bettlägerigen und zum Teil an Demenz erkrankten Menschen, Musiktherapie","Clowns im Dienst (alle zwei Wochen Besuche durch ausgebildete Pantomimen), Musiktherapie, hauseigener Chor aus Bewohnerinnen und Bewohnern, Gottesdienste mit Posaunenchor, Rikscha-Fahrten (Fahrtwind und schöne Erlebnisse), Feng-Shui-Projekt","Am idyllischen Ortsrand von Filderstadt-Bernhausen, großzügig angelegt, umgeben von viel Natur, ruhige Nischen im und ums Haus, hauseigener festlich dekorierbarer Garten",Wohlfahrtswerk für Baden-Württemberg,"Institution in Filderstadt mit vielen Ehrenamtlichen, Förderverein 'Aktiv für Senioren in Filderstadt e.V.', Cafeteria als Treffpunkt für Bewohner, Angehörige und Freunde, 30-jähriges Jubiläum gefeiert, Gemeinschaftsbereiche, stark mit dem örtlichen Gemeinwesen verknüpft, Ausbildungsmöglichkeiten (Generalistische Pflegeausbildung), Qualitätsinformation Stationäre Pflege verfügbar","Telefon: 0711 709 085-0, Wohlfahrtswerk für Baden-Württemberg Hauptsitz: Schloßstraße 80, 70176 Stuttgart, Telefon: 0711 61926-0, Telefax: 0711 61926-199, E-Mail: info@wohlfahrtswerk.de, Förderverein Kontakt: Diethelm Boldt (Vorsitzender), Wohnanfrage-Formular verfügbar"
32711,Kleeblatt Pflegeheim Schwieberdingen Stettiner Str.,Stettiner Straße 5,71701,Schwieberdingen,48.871369992836,9.0842999980836,12290,07141 968291,,http://www.kleeblatt-ggmbh.de/,Langzeitpflege,False,"3.369,76 €",3697.0528000000004,2686.3902000000003,1141.6626,0,3369.7590999999998,2621.29,1141.6626,0,3369.7590999999998,2621.29,1141.6626,0,3369.7590999999998,2621.29,1141.6626,0,3369.7590999999998,2621.29,1141.6626,0,,,,,,Teeküche ist für die individuelle Nutzung der Bewohner vorhanden,,0,,False,,,,,4.6,8,http://www.kleeblatt-ggmbh.de/,https://maps.google.com/?cid=8990747608308339319&g_mp=Cidnb29nbGUubWFwcy5wbGFjZXMudjEuUGxhY2VzLlNlYXJjaFRleHQQAhgEIAA,ChIJabqnHhbXmUcRd1JpklCNxXw,22,,,,,,,,,,
8507,Pflegestift Waiblingen,Am Kätzenbach 48,71334,Waiblingen,48.832358956914,9.3310849932738,12311,07151 20000,Pflegestift.Waiblingen@udfm.de,https://dienste-fuer-menschen.de/pflege/waiblingen/pflegestift-waiblingen.html,"Kurzzeitpflege, Langzeitpflege",True,"3.401,10 €",3469.2070000000003,2432.3832,1167.8238000000001,0,3401.0968000000003,2627.38,1167.8238000000001,0,3401.0968000000003,2627.38,1167.8238000000001,0,3401.0968000000003,2627.38,1167.8238000000001,0,3401.0968000000003,2627.38,1167.8238000000001,0,"Pflegegrad 1: 1 Vollzeitstelle: 4,5 Pflegebedürftige; Pflegegrad 2: 1 Vollzeitstelle: 3,9 Pflegebedürftige; Pflegegrad 3: 1 Vollzeitstelle: 2,7 Pflegebedürftige; Pflegegrad 4: 1 Vollzeitstelle: 2,0 Pflegebedürftige; Pflegegrad 5: 1 Vollzeitstelle: 1,8 Pflegebedürftige",,Einrichtungseigene Aufenthaltsmöglichkeiten im Freien; Eigene Haustiere erlaubt: Gerne - aber bitte mit Rücksprache; Bibliothek,"Telefonanschluss in den Bewohnerzimmern; TV- oder Kabelanschluss in den Bewohnerzimmern; Internetzugang in den Bewohnerzimmern: Wir haben ein Gäste WLAN und leiten die Nutzung von Skype an.; Möbelmitnahme möglich: Die Grundausstattung mit Pflegebett, Schrank, Nachttisch für einen sofortigen Einzug ist vorhanden.","Wäscheversorgung (insbesondere Kleidung); Wir haben Fachleute für Hausreinigung, Haustechnik und die Betreuungsteams vor Ort.; Fahr- und Begleitdienste; Einzugsgespräch in der Pflegeeinrichtung; Wir arbeiten nach einer Fünf-Sinne-Konzeption, insbesondere für Menschen mit Demenz.; Angehörige und Ehrenamt sind herzlich willkommen und ermöglichen Abendsingen, Stricken oder Skat spielen - ganz nach Erfahrung und Möglichkeit. Wir unterstützen die Organisation.; Für alle gesetzlich versicherten Bewohnerinnen und Bewohner besteht ein Beratungsangebot zur gesundheitlichen Versorgungsplanung nach § 132g SGB V durch einen weitergebildeten Berater.; Wir vermitteln gerne Friseur und Fußpflege.","Mahlzeiten werden in der Einrichtung zubereitet (nach Absprache): Wir kochen täglich frisch in unserer eigenen Küche.; Zubereitung eigener Mahlzeiten möglich; Teeküche ist für die individuelle Nutzung der Bewohner vorhanden; Spezielle Kostformen nach Absprache möglich (z. B. vegetarisch, ohne Schweinefleisch); Diätkost (z.B. Diabetiker- oder Reduktionskost); Zwischenmahlzeiten (z.B. Joghurt, Obst) zur freien Verfügung; Getränke (kalt/heiß) zur freien Verfügung; Einnahme von Mahlzeiten auf Wunsch im eigenen Zimmer möglich; Gemeinschaftliches Mittagessen möglich",https://navigatoren.aok.de/etl/public/reports/2019/510/51081184271334-698ea3682e90f.pdf,1,https://navigatoren.aok.de/etl/public/images/nursing_home/image286181detail-63738b5f88845.jpg,True,Besucher jederzeit willkommen,Alle Wohn- und Gemeinschaftsflächen sind für die Bewohner und deren Angehörige in der Einrichtung barrierefrei zugänglich.,,,3.7,10,https://dienste-fuer-menschen.de/pflege/waiblingen/pflegestift-waiblingen.html,https://maps.google.com/?cid=6712641741619632113&g_mp=Cidnb29nbGUubWFwcy5wbGFjZXMudjEuUGxhY2VzLlNlYXJjaFRleHQQAhgEIAA,ChIJy9Vf85jImUcR8ZeyURkYKF0,23,,,123 Plätze in Einzel- und Doppelzimmern,"Pflege bei allen Pflegegraden, Tagespflege, Kurzzeitpflege","Beschützender Bereich für Menschen mit Demenz, Versorgung und Begleitung in der letzten Lebensphase (Palliativpflege), enge Zusammenarbeit mit Ärzten, Pfarrerinnen und Pfarrern sowie ehrenamtlichen Hospizgruppen","Gottesdienste, Beschäftigungsangebote, gemeinsame Fußball-TV-Runden","Eingebettet in ein gewachsenes Wohngebiet, gute Anbindung, erreichbar mit öffentlichen Verkehrsmitteln: S-Bahn-Linie S2/S3 nach Waiblingen und Buslinie 204","Dienste für Menschen (diakonischer Träger, Teil der Fünf Esslinger)","Familiäre Geborgenheit mit hoch qualifizierter Versorgung, eigene Hauswirtschaft und täglich frisch gekochte Mahlzeiten, Zimmer können mit persönlichen Lieblingsstücken ergänzt werden, Prüfberichte zur Qualität der Einrichtung verfügbar","Pflegedienstleitung: Mustafa Pacic, Telefon: 07151 20 00-20, E-Mail: Pflegestift.Waiblingen@udfm.de, Adresse: Am Kätzenbach 48, 71334 Waiblingen"
8615,ASB Seniorenresidenz Glemstalblick,Feuerbacher Str. 1-7,71229,Leonberg,48.802887977679,9.0161239765628,12372,07152 93470,youness.youssfi@asb-stuttgart.de,http://www.asb-in-stuttgart.de/index.php?id=63,"Kurzzeitpflege, Langzeitpflege",True,"3.093,62 €",3421.7518000000005,2367.8928,1184.8590000000002,0,3093.619,2245.6,1184.8590000000002,0,3093.619,2245.6,1184.8590000000002,0,3093.619,2245.6,1184.8590000000002,0,3093.619,2245.6,1184.8590000000002,0,Pflegegrad 1: k.A.; Pflegegrad 2: k.A.; Pflegegrad 3: k.A.; Pflegegrad 4: k.A.; Pflegegrad 5: k.A.,1998,Eigene Haustiere; Einrichtungseigene Aufenthaltsmöglichkeiten im Freien,"Telefonanschluss in den Bewohnerzimmern; TV- oder Kabelanschluss in den Bewohnerzimmern: Kabelanschluss; Internetzugang in den Bewohnerzimmern: Gemeinschaftsräume, ; Möbelmitnahme möglich","Wäscheversorgung (insbesondere Kleidung); bike labyrinth, Bewegungsangebote, Kochangebote, Bastelangebote, Wochenmarkt Besuch, etc.; Ehrenamtlich, Unterstützung bei der Organisation vom Festen und feiern, usw.","Spezielle Kostformen nach Absprache möglich (z. B. vegetarisch, ohne Schweinefleisch); Diätkost (z.B. Diabetiker- oder Reduktionskost); Zwischenmahlzeiten (z.B. Joghurt, Obst) zur freien Verfügung; Getränke (kalt/heiß) zur freien Verfügung; Einnahme von Mahlzeiten auf Wunsch im eigenen Zimmer möglich; Gemeinschaftliches Mittagessen möglich; Mahlzeiten werden in der Einrichtung zubereitet (nach Absprache); Zubereitung eigener Mahlzeiten möglich; Teeküche ist für die individuelle Nutzung der Bewohner vorhanden",https://navigatoren.aok.de/etl/public/reports/2019/510/51081482371229-69160b580f35b.pdf,0,,False,,Alle Wohn- und Gemeinschaftsflächen sind für die Bewohner und deren Angehörige in der Einrichtung barrierefrei zugänglich.,,,3.4,14,http://www.asb-in-stuttgart.de/index.php?id=63,https://maps.google.com/?cid=8983195756230897175&g_mp=Cidnb29nbGUubWFwcy5wbGFjZXMudjEuUGxhY2VzLlNlYXJjaFRleHQQAhgEIAA,ChIJk4f7x_PYmUcRF27w_fG4qnw,14,,,,"Pflegeheime, Betreutes Wohnen, Ambulanter Pflegedienst / Häusliche Krankenpflege",,,Region Stuttgart - Der ASB betreibt in der Region Stuttgart mehr als zehn Pflegeheime mit insgesamt über 700 Betreuungsplätzen,Arbeiter-Samariter-Bund Baden-Württemberg e.V. Region Stuttgart - gehört zu den großen Hilfs- und Wohlfahrtsorganisationen,"2018 von der Stiftung Warentest ausgezeichneter Hausnotruf. Vollständige Abdeckung aller sozialen Dienstleistungen. Mehr als zehn Pflegeheime mit insgesamt über 700 Betreuungsplätzen. Grundsatz: 'Wir helfen allen Menschen ohne Ansehen ihrer politischen, ethnischen, sozialen, nationalen oder religiösen Zugehörigkeit. Dabei steht der Respekt vor dem Menschen sowie die Selbstbestimmung jedes Einzelnen im Mittelpunkt unseres Handelns.'","Arbeiter-Samariter-Bund Baden-Württemberg e.V. Region Stuttgart, Mauserstraße 20, 70469 Stuttgart, Telefon: (0711) 95484848, E-Mail: info@asb-stuttgart.de"
8327,Samariterstift am Rathaus,Eltinger Str. 44,71229,Leonberg,48.798009957434,9.0125839855227,12536,07152 358850,samariterstift-am-rathaus@samariterstiftung.de,https://www.samariterstiftung.de/standorte/altenpflege/boeblingen-leonberg/samariterstift-am-rathaus-leonberg.html,Langzeitpflege,False,"3.323,78 €",3527.6134000000006,2470.1040000000003,1188.5094000000001,0,3323.7774000000004,2512.08,1188.5094000000001,0,3323.7774000000004,2512.08,1188.5094000000001,0,3323.7774000000004,2512.08,1188.5094000000001,0,3323.7774000000004,2512.08,1188.5094000000001,0,Pflegegrad 1: k.A.; Pflegegrad 2: k.A.; Pflegegrad 3: k.A.; Pflegegrad 4: k.A.; Pflegegrad 5: k.A.,2020,Eigene Haustiere; Einrichtungseigene Aufenthaltsmöglichkeiten im Freien: Kleiner Garten im Innenhof,Internetzugang in den Bewohnerzimmern: In den Gemeinschaftsräumen und einigen Zimmern ist WLAN vorhanden; Telefonanschluss in den Bewohnerzimmern: Der Telefon/Internetanbieter muss Selbst beauftragt werden; TV- oder Kabelanschluss in den Bewohnerzimmern; Möbelmitnahme möglich,"Wäscheversorgung (insbesondere Kleidung); Reinigung der Zimmer; Hausmeisterservice; Malen, Basteln, Handarbeitsgruppe, Kuchen backen, Spaziergänge, Einkäufe, Gymnastik, Yoga; Können sich bei Bedarf und Wunsch in den Hausgemeinschaften einbringen. Teilnahme an gewissen Veranstaltungen möglich; Friseur und Fußpflege","Mahlzeiten werden in der Einrichtung zubereitet (nach Absprache); Zubereitung eigener Mahlzeiten möglich; Teeküche ist für die individuelle Nutzung der Bewohner vorhanden; Spezielle Kostformen nach Absprache möglich (z. B. vegetarisch, ohne Schweinefleisch); Diätkost (z.B. Diabetiker- oder Reduktionskost); Zwischenmahlzeiten (z.B. Joghurt, Obst) zur freien Verfügung; Getränke (kalt/heiß) zur freien Verfügung; Einnahme von Mahlzeiten auf Wunsch im eigenen Zimmer möglich; Gemeinschaftliches Mittagessen möglich",https://navigatoren.aok.de/etl/public/reports/2019/510/51080500371229-694ce1dc1e5a7.pdf,0,,False,,Alle Wohn- und Gemeinschaftsflächen sind für die Bewohner und deren Angehörige in der Einrichtung barrierefrei zugänglich.,,,3.5,13,https://www.samariterstiftung.de/standorte/altenpflege/boeblingen-leonberg/samariterstift-am-rathaus-leonberg.html,https://maps.google.com/?cid=361051149399186120&g_mp=Cidnb29nbGUubWFwcy5wbGFjZXMudjEuUGxhY2VzLlNlYXJjaFRleHQQAhgEIAA,ChIJMzPmalfZmUcRyFqvgRu2AgU,33,,Eine Preisliste ist als PDF-Dokument verfügbar unter den Dokumenten (012026_Samariterstift_am_Rathaus.pdf). Ein Flyer 'Kosten für gute Pflege' ist ebenfalls verfügbar.,Einzelzimmer. Die Senioren und Seniorinnen wohnen in ihren Einzelzimmern.,"90 Pflegeplätze in stationärer Pflege, inklusive eingestreute Kurzzeitpflegeplätze",,"Das Samariterstift am Rathaus bietet seinen Bewohnern eine Vielzahl an Angeboten und Aktivitäten. Großzügiger Multifunktionsraum für Aktivitäten, Feste und Gottesdienste mit Öffnung zum Quartier.","Zentrale Lage in Leonberg, Eltinger Straße 48. Gute Einkaufsmöglichkeiten (Leocenter). Anbindung an die örtlichen Verkehrsmittel. Ladengeschäfte im Erdgeschoss. Schöner Garten. Beschützender Garten, in dem sich die Bewohner alleine aufhalten können. Mitten in der Stadt - rund ums Rathaus wird Nachbarschaft gelebt und weiterentwickelt.","Samariterstiftung, Nürtingen. Gemeinnützige Stiftung mit Slogan 'Wir helfen Menschen'.","Neubau - im Januar 2020 fertiggestellt und im Februar 2020 eröffnet. Entsprechend dem neusten Kenntnisstand für Pflegeheime geplant. 7 kleine Hausgemeinschaften mit maximal 12-13 Bewohnern pro Hausgemeinschaft. Offene und gemeinschaftliche Architektur. Das gesamte Gebäude ist vollständig barrierefrei und auf die Bedürfnisse und Fähigkeiten älterer Menschen ausgelegt. WLAN in den Wohnbereichen. Das Herzstück bildet die Wohnküche mit Aufenthaltsbereich - hier spielt sich das tägliche Leben ab. Gut ausgebildetes Team aus Pflegekräften, Alltagsbegleiter*innen und Betreuungskräften. Friseur und Fußpflege kommen regelmäßig ins Haus. Teil des Quartiers 'Leonberg Rathaus' - solidarisches Miteinander mit großem Gewinn für das Gemeinwohl.","Hausleitung: Jan Schmitting. Adresse: Eltinger Straße 48, 71229 Leonberg. Telefon: 07152 / 358850. Kontaktformular verfügbar. Platzanfrage-Formular verfügbar. Facebook: Samariterstift.am.Rathaus.Leo. Instagram: samariterstift.am.rathaus.leo"
8659,Altenpflegeheim Berkheim,Badstr. 12,73734,Esslingen,48.714671987089,9.3212399967491,12630,0711 34168310,phb@pflegeheime-esslingen.de,https://www.pflegeheime-esslingen.de/homepage/home/pflegeheim-berkheim/?haus=phb,"Kurzzeitpflege, Langzeitpflege",True,"3.290,76 €",3518.7916000000005,2514.213,1135.5786,0,3290.7621000000004,2535.51,1135.5786,0,3290.7621000000004,2535.51,1135.5786,0,3290.7621000000004,2535.51,1135.5786,0,3290.7621000000004,2535.51,1135.5786,0,"Pflegegrad 1: 1 Vollzeitstelle: 4,5 Pflegebedürftige; Pflegegrad 2: 1 Vollzeitstelle: 3,5 Pflegebedürftige; Pflegegrad 3: 1 Vollzeitstelle: 2,5 Pflegebedürftige; Pflegegrad 4: 1 Vollzeitstelle: 1,9 Pflegebedürftige; Pflegegrad 5: 1 Vollzeitstelle: 1,7 Pflegebedürftige",2002,"Einrichtungseigene Aufenthaltsmöglichkeiten im Freien: sehr schöner, großer Gartenbereich; Eigene Haustiere erlaubt",Telefonanschluss in den Bewohnerzimmern; TV- oder Kabelanschluss in den Bewohnerzimmern; Internetzugang in den Bewohnerzimmern; Möbelmitnahme möglich,"Wäscheversorgung (insbesondere Kleidung); Reinigung der Zimmer; Wäscheversorgung (insbesondere Kleidung); Sitztanz, Gedächtnistr., Sturzproph., Singen, Spiele, Bewegungsrunde, Betreuung Demenzkranker...; Einladung der Angehörigen zu Festen und Feiern, Beteiligung am Heimbeirat, Teilnahme an Pflegevisiten, Beratungsgespräche, zentrale Informationsveranstaltungen, Heimjournal, auf Wunsch aktive Mitarbeit; Für alle gesetzlich versicherten Bewohnerinnen und Bewohner besteht ein Beratungsangebot zur gesundheitlichen Versorgungsplanung nach § 132g SGB V durch einen weitergebildeten Berater.; Ausflüge, Telefon, WLAN, Fernsehen, GPS-Ortung, Begleitung zum Arzt, in geringem Maß Wäschepflege und Hausmeisterdienste","Mahlzeiten werden in der Einrichtung zubereitet (nach Absprache): Das Mittagessens kommt aus der zentralen Küche. Frühstück und Abendessen werden vor Ort zubereitet.; Teeküche ist für die individuelle Nutzung der Bewohner vorhanden; Spezielle Kostformen nach Absprache möglich (z. B. vegetarisch, ohne Schweinefleisch); Diätkost (z.B. Diabetiker- oder Reduktionskost); Zwischenmahlzeiten (z.B. Joghurt, Obst) zur freien Verfügung; Getränke (kalt/heiß) zur freien Verfügung; Einnahme von Mahlzeiten auf Wunsch im eigenen Zimmer möglich; Zubereitung eigener Mahlzeiten möglich; Gemeinschaftliches Mittagessen möglich",https://navigatoren.aok.de/etl/public/reports/2019/510/51081594873734-6936db5dc9547.pdf,1,https://navigatoren.aok.de/etl/public/images/nursing_home/image287032detail-63738b60d643f.jpg,True,Besucher jederzeit willkommen,Alle Wohn- und Gemeinschaftsflächen sind für die Bewohner und deren Angehörige in der Einrichtung barrierefrei zugänglich.,"Rainer Wirth, Heimleiter ()",,3.6,10,https://www.pflegeheime-esslingen.de/homepage/home/pflegeheim-berkheim/?haus=phb,https://maps.google.com/?cid=7498622615786695552&g_mp=Cidnb29nbGUubWFwcy5wbGFjZXMudjEuUGxhY2VzLlNlYXJjaFRleHQQAhgEIAA,ChIJad-aSePAmUcRgCutJop1EGg,34,,"Ein Heimentgeltrechner ist verfügbar unter dem Link zur Berechnung der Kosten. Spezifische Preise sind in den Download-Dokumenten 'Informationen zum Erstkontakt' und 'Informationen zur Aufnahme' enthalten, die Preislisten beinhalten.","60 Einzelzimmer und 2 Doppelzimmer. Alle Zimmer haben einen eigenen rollstuhlgerechten Sanitärbereich mit Dusche, Waschbecken und WC. Jedes Zimmer kann vom Bewohner individuell eingerichtet werden. Ein Kabel- und Telefonanschluss befindet sich ebenfalls im Zimmer. Grundrisse für Einzel- und Doppelzimmer sind verfügbar.","Stationäre Dauerpflege, Kurzzeit- und Verhinderungspflege. Das Heim bietet Platz für 64 pflegebedürftige Menschen verteilt auf zwei Wohnbereichen.",Gesundheitliche Versorgungsplanung für die letzte Lebensphase (GVP). Hausbesuche von Haus- und Fachärzten. Vermittlung therapeutischer Dienste.,Sozialdienst mit Kultur- und Freizeitangeboten. Betreuungsangebote für Externe. Öffentliches Café 'Meisennest' mit Mittagstisch. Vermietung der Café- und Gemeinschaftsräumen für persönliche Feste. Aufenthaltsbereiche mit eigener Therapieküche.,"Das Pflegeheim Berkheim wurde 2002 eröffnet und befindet sich am Ortsrand des Stadtteils Berkheim in direkter Nähe zu Wiesen und Feldern. Adresse: Badstraße 12, 73734 Esslingen.","Städtische Pflegeheime Esslingen (kommunaler Träger). Das Heim gehört zu den Städtischen Pflegeheimen Esslingen, die mehrere Einrichtungen betreiben.","Öffentliches Café 'Meisennest' mit Mittagstisch. Friseur und Fußpflege im Haus. Jeder Wohnbereich hat einen zentralen, hellen und großzügigen Speise- und Aufenthaltsbereich. Mittagessen aus der eigenen Küche im Pflegeheim Obertor. Virtuelle Zimmerrundgänge verfügbar. Offenes Haus mitten im Ort und doch im Grünen.",Heimleitung: Franziska Vogel. Telefon: 0711 / 34168-311 (Heimleitung) oder 0711 / 34168-300 (allgemein). Fax: 0711 / 34168-399. E-Mail: franziska.vogel@pflegeheime-esslingen.de oder phb@pflegeheime-esslingen.de. Öffnungszeiten: 08:00 Uhr - 20:00 Uhr.
32792,mC Seniorenstift gGmbH Pflegeheim,Thouretallee 3,71638,Ludwigsburg,48.894750862906,9.1986749373621,12663,07141 9577,,http://www.seniorenstift-ludwigsburg.de/,"Kurzzeitpflege, Langzeitpflege",True,"3.137,63 €",3466.1650000000004,2479.23,1117.9350000000002,0,3137.6285000000003,2376.11,1117.9350000000002,0,3137.6285000000003,2376.11,1117.9350000000002,0,3137.6285000000003,2376.11,1117.9350000000002,0,3137.6285000000003,2376.11,1117.9350000000002,0,,,,,,Teeküche ist für die individuelle Nutzung der Bewohner vorhanden,https://navigatoren.aok.de/etl/public/reports/2019/510/51081689271638-696b1e3e6ab0c.pdf,0,,False,,,,,4,22,http://www.seniorenstift-ludwigsburg.de/,https://maps.google.com/?cid=5647641462783593578&g_mp=Cidnb29nbGUubWFwcy5wbGFjZXMudjEuUGxhY2VzLlNlYXJjaFRleHQQAhgEIAA,ChIJm-8hrcHRmUcRasz75_xzYE4,115,Aktuell steht das Appartment Nr. 79 zur Verfügung (bezieht sich auf Betreutes Wohnen),"Preise werden auf der Webseite erwähnt unter 'Preise und Informationen', aber konkrete Zahlen sind auf der Startseite nicht angegeben","Appartements für Betreutes Wohnen erwähnt, konkrete Zimmertypen für stationäre Pflege nicht detailliert aufgeführt","Stationäre Pflege, Betreutes Wohnen, Ambulanter Pflegedienst, Pflegehotel – Probewohnen (Kurzzeitpflege/Verhinderungspflege)","Keine spezifischen Schwerpunkte wie Demenz oder Palliativpflege explizit erwähnt. Betonung auf 'Würde, Vertrauen und Selbstbestimmung' sowie 'hochqualifiziertes Personal'","Maßgeschneidertes Freizeitprogramm, Spanischer Spezialitätenabend, Maultaschenhocketse, Tag der Offenen Tür, regelmäßige Veranstaltungen und Termine, Newsletter mit Aktivitätenübersicht verfügbar","Thouretallee 3, 71638 Ludwigsburg. Restaurant und Café mit Sonnenterrasse vorhanden, 'Lädle' (kleiner Laden) im Haus",mC Seniorenstift-Ludwigsburg gemeinnützige GmbH (gemeinnütziger Träger),"Restaurant und Café für Öffentlichkeit zugänglich, eigenes 'Lädle' (Laden), regelmäßige offene Hausführungen (donnerstags und samstags um 14:30 Uhr), Betonung auf 'freundschaftlich-nachbarschaftliche Gemeinschaft', Motto 'Hier leb' ich gern', gepflegtes Ambiente, Selbstbestimmung und Unabhängigkeit werden betont","Telefon Zentrale: 07141 9577, Telefax: 07141 957-400, E-Mail: info@seniorenstift-ludwigsburg.de, Rezeption täglich 6:15-20:15 Uhr geöffnet (Tel: 07141 957-7). Ansprechpartnerin für Hausführungen: Frau Ute Knoblich, Tel: 07141 957-446. Stiftsdirektor: Thomas Holler"
32704,Kleeblatt Pflegeheim Möglingen,Wiesenweg 30,71696,Möglingen,48.890491979884,9.1275779538635,12763,07141 968200,,http://www.kleeblatt-ggmbh.de/,Langzeitpflege,False,"3.369,76 €",3697.0528000000004,2686.3902000000003,1141.6626,0,3369.7590999999998,2621.29,1141.6626,0,3369.7590999999998,2621.29,1141.6626,0,3369.7590999999998,2621.29,1141.6626,0,3369.7590999999998,2621.29,1141.6626,0,,,,,,Teeküche ist für die individuelle Nutzung der Bewohner vorhanden,,0,,False,,,,,4.2,10,http://www.kleeblatt-ggmbh.de/,https://maps.google.com/?cid=17590745191287529882&g_mp=Cidnb29nbGUubWFwcy5wbGFjZXMudjEuUGxhY2VzLlNlYXJjaFRleHQQAhgEIAA,ChIJgeO4oi_RmUcRmqEaPY3hHvQ,19,,,,,,,,,,
8885,Samariterstift Höfingen,Goldäckerstr. 1,71229,Leonberg,48.819482947251,9.0170909231347,12788,07152 3312030,samariterstift-hoefingen@samariterstiftung.de,https://www.samariterstiftung.de/standorte/altenpflege/boeblingen-leonberg/samariterstift-hoefingen.html,"Kurzzeitpflege, Langzeitpflege",True,"3.587,05 €",3745.7248,2646.54,1230.1848,0,3587.0478000000003,2772.78,1230.1848,0,3587.0478000000003,2772.78,1230.1848,0,3587.0478000000003,2772.78,1230.1848,0,3587.0478000000003,2772.78,1230.1848,0,Pflegegrad 1: k.A.; Pflegegrad 2: k.A.; Pflegegrad 3: k.A.; Pflegegrad 4: k.A.; Pflegegrad 5: k.A.,2010,Eigene Haustiere; Einrichtungseigene Aufenthaltsmöglichkeiten im Freien,Telefonanschluss in den Bewohnerzimmern; TV- oder Kabelanschluss in den Bewohnerzimmern; Internetzugang in den Bewohnerzimmern: Teilweise mit W-lan ausgestattet; Möbelmitnahme möglich,Wäscheversorgung (insbesondere Kleidung); Reinigung der Zimmer; Hausmeisterservice; Soziale Betreuung,"Spezielle Kostformen nach Absprache möglich (z. B. vegetarisch, ohne Schweinefleisch); Diätkost (z.B. Diabetiker- oder Reduktionskost); Zwischenmahlzeiten (z.B. Joghurt, Obst) zur freien Verfügung; Getränke (kalt/heiß) zur freien Verfügung; Einnahme von Mahlzeiten auf Wunsch im eigenen Zimmer möglich; Gemeinschaftliches Mittagessen möglich; Mahlzeiten werden in der Einrichtung zubereitet (nach Absprache); Zubereitung eigener Mahlzeiten möglich; Teeküche ist für die individuelle Nutzung der Bewohner vorhanden",https://navigatoren.aok.de/etl/public/reports/2019/510/51081973771229-69423ab6c088d.pdf,0,,False,,Alle Wohn- und Gemeinschaftsflächen sind für die Bewohner und deren Angehörige in der Einrichtung barrierefrei zugänglich.,,,4.5,2,https://www.samariterstiftung.de/standorte/altenpflege/boeblingen-leonberg/samariterstift-hoefingen.html,https://maps.google.com/?cid=188498778357420558&g_mp=Cidnb29nbGUubWFwcy5wbGFjZXMudjEuUGxhY2VzLlNlYXJjaFRleHQQAhgEIAA,ChIJC50oUV3YmUcRDtKW5KOunQI,9,,Eine Preisliste ist als PDF verfügbar unter dem Link 'Preisliste' (012026_Samariterstift_Hoefingen.pdf). Zusätzlich gibt es einen Flyer 'Kosten für gute Pflege' als PDF.,"30 Plätze im Pflegeheim in 24 Einzelzimmern und drei Doppelzimmern. Die Zimmer sind hell und freundlich, durch großzügig angelegte Flure miteinander verbunden.","Langzeitpflege im Pflegeheim, Kurzzeitpflege",Das Samariterstift Höfingen nimmt am Kinästhetik Projekt teil. Kinästhetik ist ein Konzept zur Bewegungsunterstützung in der Pflege.,Vielfältige kulturelle und soziale Veranstaltungen fördern die Gemeinschaft im Samariterstift und in der Gemeinde. Unterstützung durch ein Netz ehrenamtlicher Mitarbeiterinnen und Mitarbeiter mit vielfältigen Aktivitäten. Die ehrenamtlich Mitarbeitenden werden durch ein eigenes Fortbildungsprogramm und Angebote zum Austausch besonders gefördert.,"Ruhige Lage - ein großzügiger Garten lädt zum Verweilen ein. Das Samariterstift ist gut in die Gemeinde Leonberg-Höfingen eingebunden. Adresse: Goldäckerstraße 1, 71229 Leonberg-Höfingen","Samariterstiftung, Nürtingen. Die Stiftung arbeitet nach dem Motto 'Wir helfen Menschen' und ist in den Bereichen Altenhilfe und Pflege, Behindertenhilfe, Sozialpsychiatrie und Hospizarbeit tätig.","Das Seniorenzentrum wurde 2010 nach neuesten Gesichtspunkten geplant und gebaut. Ansprechende architektonische Gestaltung, moderne Ausstattung und angenehme, wohnliche Atmosphäre. Durch geringe Zahl der Plätze (30) eine sehr familiäre Einrichtung, gut im Ort vernetzt. Unterstützt durch die Leonberger Stiftung ZEIT FÜR MENSCHEN. Weltrekord: 'Längstes Stoffband mit aufgenähten Knöpfen' - mehr als 20 Kilometer Knopfband. Die Mitarbeiterinnen und Mitarbeiter verstehen sich als Wegbegleiter für die Bewohnerinnen und Bewohner in diesem Lebensabschnitt.","Hausleitung: Ralf Salzer, Telefon: 07152 / 3312030, Goldäckerstraße 1, 71229 Leonberg-Höfingen. Es gibt ein Kontaktformular auf der Website sowie die Möglichkeit zur Platzanfrage. Facebook: facebook.com/samariterstift.hoefingen, Instagram: instagram.com/samariterstift.hoefingen/"
17531,DRK Seniorenzentrum Beinstein,Remsgartenstr. 10,71334,Waiblingen,48.821156396337,9.346559192695,12848,07151 2544110,mfalk@drkplus-stuttgart.de,https://www.drk-stuttgart.de/angebote-kurse/senioren/wohnen-betreuung/seniorenzentren/seniorenzentrum-waiblingen-beinstein.html,"Kurzzeitpflege, Langzeitpflege",True,"2.670,46 €",3076.4848,2137.3092,1070.1756,0,2670.4621,1882.69,1070.1756,0,2670.4621,1882.69,1070.1756,0,2670.4621,1882.69,1070.1756,0,2670.4621,1882.69,1070.1756,0,"Pflegegrad 1: 1 Vollzeitstelle: 4,8 Pflegebedürftige; Pflegegrad 2: 1 Vollzeitstelle: 3,7 Pflegebedürftige; Pflegegrad 3: 1 Vollzeitstelle: 2,5 Pflegebedürftige; Pflegegrad 4: 1 Vollzeitstelle: 1,9 Pflegebedürftige; Pflegegrad 5: 1 Vollzeitstelle: 1,7 Pflegebedürftige",2022,Einrichtungseigene Aufenthaltsmöglichkeiten im Freien: Gartenbereich; Eigene Haustiere erlaubt: jeweils nach Absprache,Telefonanschluss in den Bewohnerzimmern: auf Wunsch und Auftrag durch Bewohner oder deren Angehöriger; TV- oder Kabelanschluss in den Bewohnerzimmern; Internetzugang in den Bewohnerzimmern: auf Wunsch und Auftrag durch Bewohner oder deren Angehöriger; Möbelmitnahme möglich: nach Absprache,"Wäscheversorgung (insbesondere Kleidung); Reinigung der Zimmer; Besuch von Kita Gruppen,Besuch des Männerchors, Therapiehunde, Lesungen, Bewegen ist Leben; Angehörigenabende, Feste, Beteiligung am Betrieb der Cafeteria, Ehrenamtliche Unterstüzung durch Angehörige; Für alle gesetzlich versicherten Bewohnerinnen und Bewohner besteht ein Beratungsangebot zur gesundheitlichen Versorgungsplanung nach § 132g SGB V durch einen weitergebildeten Berater.","Spezielle Kostformen nach Absprache möglich (z. B. vegetarisch, ohne Schweinefleisch); Diätkost (z.B. Diabetiker- oder Reduktionskost); Zwischenmahlzeiten (z.B. Joghurt, Obst) zur freien Verfügung; Getränke (kalt/heiß) zur freien Verfügung; Einnahme von Mahlzeiten auf Wunsch im eigenen Zimmer möglich; Zubereitung eigener Mahlzeiten möglich; Gemeinschaftliches Mittagessen möglich; Mahlzeiten werden in der Einrichtung zubereitet (nach Absprache): Apetito; Teeküche ist für die individuelle Nutzung der Bewohner vorhanden",https://navigatoren.aok.de/etl/public/reports/2019/510/51080823371334-68ee6de90b2e8.pdf,0,,False,,Alle Wohn- und Gemeinschaftsflächen sind für die Bewohner und deren Angehörige in der Einrichtung barrierefrei zugänglich.,,,3.9,12,https://www.drk-stuttgart.de/angebote-kurse/senioren/wohnen-betreuung/seniorenzentren/seniorenzentrum-waiblingen-beinstein.html,https://maps.google.com/?cid=13726006647008485999&g_mp=Cidnb29nbGUubWFwcy5wbGFjZXMudjEuUGxhY2VzLlNlYXJjaFRleHQQAhgEIAA,ChIJs8zZ4rvHmUcRb2KXa1KSfL4,56,Die Senioren-Wohnungen und Pflegeplätze werden bevorzugt an Beinsteiner und Waiblinger Bürgerinnen und Bürger vergeben. Wir sind aktuell auf der Suche nach Personal.,,"16 barrierefreie Zwei-Zimmer-Mietwohnungen (mit Balkon oder Terrasse), Größe zwischen 47 und 93 m², ausgestattet mit Einbauküchen. 30 stationäre Pflegeplätze. Im Pflegebereich gibt es ausschließlich 1 Zimmer-Appartements mit großzügigen Aufenthaltsbereichen.","Stationäre Pflege mit 30 Pflegeplätzen, Wohnen mit Service (16 betreute Wohnungen), Pflegewohnbereich, Geschützte Pflege bei Demenz","Geschützte Pflege bei Demenz, Café Inklusive - Das Demenzkaffee","Therapiehunde-Besuche, Café Inklusive - Das Demenzkaffee, Mittagstisch, vielfältige Angebote im Aufenthaltsbereich und Cafeteria","Waiblingen-Beinstein, Im Erdgeschoss befinden sich Aufenthaltsbereiche sowie eine Cafeteria",DRK Stuttgart (Deutsches Rotes Kreuz Kreisverband Stuttgart e.V.),"Neues Seniorenzentrum, eröffnet im April 2022. Bevorzugte Vergabe an Beinsteiner und Waiblinger Bürgerinnen und Bürger. Kombination aus betreutem Wohnen und stationärer Pflege unter einem Dach. Therapiehundegruppe im Einsatz.","Kontaktinformationen sind über die Ansprechpartner-Seite verfügbar (Link vorhanden, aber Details nicht auf dieser Seite sichtbar). Website: www.drk-stuttgart.de"
8439,Haus Agape Stetten,Jahnstr. 80,70771,Leinfelden-Echterdingen,48.665559947298,9.1728379524864,12897,0711 791103,stetten@haus-agape.de,http://www.haus-agape.de/,Langzeitpflege,False,"2.749,60 €",3043.9354000000003,2139.1344000000004,1035.801,0,2749.6049999999996,2016.24,1035.801,0,2749.6049999999996,2016.24,1035.801,0,2749.6049999999996,2016.24,1035.801,0,2749.6049999999996,2016.24,1035.801,0,,,,,Fahr- und Begleitdienste,Teeküche ist für die individuelle Nutzung der Bewohner vorhanden,https://navigatoren.aok.de/etl/public/reports/2019/510/51081070570771-697193f5ef558.pdf,0,,True,Besucher jederzeit willkommen,,Haus Agape Stetten (),,3.3,14,http://www.haus-agape.de/,https://maps.google.com/?cid=5176700372842843006&g_mp=Cidnb29nbGUubWFwcy5wbGFjZXMudjEuUGxhY2VzLlNlYXJjaFRleHQQAhgEIAA,ChIJEyB9Uj3omUcRfgvuz49V10c,2,,,,,,,Agape Stetten: Die Einrichtung liegt in ruhiger Halbhöhenlage in einem Wohngebiet des Ortsteils Stetten / Leinfelden-Echterdingen. Agape Berndshofen: Die Einrichtung Haus Agape Berndshofen liegt inmitten der Natur im Jagsttal im ruhigen Ortsteil Berndshofen von Mulfingen.,"Altenheim Stetten a. F. Haus Agape e.V. - ein traditionsreicher, anerkannt gemeinnütziger Träger der Altenpflege mit Standorten in Leinfelden-Echterdingen (Ortsteil Stetten) im Landkreis Esslingen und in Mulfingen-Berndshofen im Landkreis Hohenlohe.",Individuelle Pflege und Betreuung in familiärer Atmosphäre. Die Einrichtung zeichnet sich vor allem durch die familiäre Atmosphäre aus. Verfügt über eine Dachterrasse.,
32749,Gerok- und Geschwister- Cluss-Heim,Mömpelgardstr. 8,71640,Ludwigsburg,48.897081994265,9.197986917686,12917,07141 93060,info@stiftung-ev-altenheim.de,http://pflegeheim-ludwigsburg.de/kontakt/,"Kurzzeitpflege, Langzeitpflege",True,"3.779,46 €",3848.5444,2688.8238,1290.7206,0,3779.4610999999995,2927.93,1290.7206,0,3779.4610999999995,2927.93,1290.7206,0,3779.4610999999995,2927.93,1290.7206,0,3779.4610999999995,2927.93,1290.7206,0,Pflegegrad 1: k.A.; Pflegegrad 2: k.A.; Pflegegrad 3: k.A.; Pflegegrad 4: k.A.; Pflegegrad 5: k.A.,1962,"Einrichtungseigene Aufenthaltsmöglichkeiten im Freien: Die schönen barrierefreien Gärten zeichnen die Häuser der Stiftung aus. Daneben das Blühende Barock.; Eigene Haustiere erlaubt: Haustiere sind möglich, sofern der Bewohner die Versorgung der Haustiere selbst organisiert.","Telefonanschluss in den Bewohnerzimmern: Ein Telefonanschluss ist in jedem Zimmer vorhanden, in den DZ entsprechend zwei Anschlüsse.; TV- oder Kabelanschluss in den Bewohnerzimmern; Internetzugang in den Bewohnerzimmern; Möbelmitnahme möglich: Ja es wird sehr empfohlen, das Zimmer persönlich einzurichten. Ein Pflegebett ist obligatorisch.","Wäscheversorgung (insbesondere Kleidung); Reinigung der Zimmer; Hausmeisterservice; Soziale Betreuung; Zimmerrreinigung, Haustechnik und soziale Betreuung werden von internen Mitarbeitern erbracht. Lediglich die Wäscheversorgung ist an einen externen Anbieter vergeben. Die persönliche Wäsche kann auch selbst gewaschen werden.; Kaffeemittage, Gedächtnistraining, Gymnastik, Sturzprophylaxe, Singen, Bingo, Spielenachmittage.; Angehörige sind zu Veranstaltungen herzlich eingeladen (Café, Konzerte, Kaffeenachmittage, Männerstammtisch, Singen am Freitag, Küchenevents, Ausflüge/ Spaziergänge, Gottesdienste, Sommerfeste, Weihnachtsfeiern); Für alle gesetzlich versicherten Bewohnerinnen und Bewohner besteht ein Beratungsangebot zur gesundheitlichen Versorgungsplanung nach § 132g SGB V durch einen weitergebildeten Berater.","Mahlzeiten werden in der Einrichtung zubereitet (nach Absprache): Die Einrichtung verfügt über eine eigene Küche, in der die Mahlzeiten frisch gekocht werden.; Zubereitung eigener Mahlzeiten möglich; Teeküche ist für die individuelle Nutzung der Bewohner vorhanden; Spezielle Kostformen nach Absprache möglich (z. B. vegetarisch, ohne Schweinefleisch); Diätkost (z.B. Diabetiker- oder Reduktionskost); Zwischenmahlzeiten (z.B. Joghurt, Obst) zur freien Verfügung; Getränke (kalt/heiß) zur freien Verfügung; Einnahme von Mahlzeiten auf Wunsch im eigenen Zimmer möglich; Gemeinschaftliches Mittagessen möglich",https://navigatoren.aok.de/etl/public/reports/2019/510/51081255871640-69549f0b18aee.pdf,0,,False,,Alle Wohn- und Gemeinschaftsflächen sind für die Bewohner und deren Angehörige in der Einrichtung barrierefrei zugänglich.,,,4.4,7,http://pflegeheim-ludwigsburg.de/kontakt/,https://maps.google.com/?cid=6419503191136779700&g_mp=Cidnb29nbGUubWFwcy5wbGFjZXMudjEuUGxhY2VzLlNlYXJjaFRleHQQAhgEIAA,ChIJYZDznurRmUcRtL0x7iOoFlk,4,,,,"Stationäre Pflege, Kurzzeitpflege, Planbare Kurzzeitpflege, Betreutes Wohnen, Gesundheitliche Versorgungsplanung (GVP)",Palliative-Care,"Benefizveranstaltungen, Jubiläums- und Benefizkonzert, Improvisationstheater, Faschingsfeiern, Mittagstisch",,Stiftung Evangelische Altenheime (kirchlich/evangelisch),"Raum der Stille, Newsletter für Palliative-Care, Erweiterungsbau, Ehrenamt-Möglichkeiten, Ausbildungsangebote, Freiwilligendienst und Praktikumsmöglichkeiten","Stiftung Evangelische Altenheime, Mühlstrasse 22, 71640 Ludwigsburg, Telefon: 07141 9306 - 0, Fax: 07141 9306 - 101, E-Mail: info@stiftung-ev-altenheim.de"
8162,Pflegeheim Oberesslingen,Weiherstr. 41,73730,Esslingen am Neckar,48.728948566646,9.3391389287851,12922,0711 351725113,ludmilla.keilmann@pflegeheime-esslingen.de,https://www.pflegeheime-esslingen.de/homepage/home/pflegeheim-oberesslingen/?haus=poe,"Kurzzeitpflege, Langzeitpflege",True,"3.073,06 €",3442.1332,2415.0438000000004,1158.0894,0,3073.0628999999994,2252.91,1158.0894,0,3073.0628999999994,2252.91,1158.0894,0,3073.0628999999994,2252.91,1158.0894,0,3073.0628999999994,2252.91,1158.0894,0,"Pflegegrad 1: 1 Vollzeitstelle: 4,5 Pflegebedürftige; Pflegegrad 2: 1 Vollzeitstelle: 3,5 Pflegebedürftige; Pflegegrad 3: 1 Vollzeitstelle: 2,5 Pflegebedürftige; Pflegegrad 4: 1 Vollzeitstelle: 1,9 Pflegebedürftige; Pflegegrad 5: 1 Vollzeitstelle: 1,7 Pflegebedürftige",2017,Einrichtungseigene Aufenthaltsmöglichkeiten im Freien; Eigene Haustiere erlaubt,Telefonanschluss in den Bewohnerzimmern; TV- oder Kabelanschluss in den Bewohnerzimmern; Internetzugang in den Bewohnerzimmern; Möbelmitnahme möglich,"Wäscheversorgung (insbesondere Kleidung); Reinigung der Zimmer; Wäscheversorgung (insbesondere Kleidung); Gedächtnistraining, Sturzprophylaxe, Singen, Spiele, Bewegungsrunde, Betreuung Demenzkranker....; Einladung der Angehörigen zu Festen und Feiern, Angehörigentreffen im Haus, Beteiligung am Heimbeirat, Teilnahme an Pflegevisiten, Beratungsgespräche, zentrale Informationsveranstaltungen, Heimjournal, ehrenamtliche Mitarbeit.; Für alle gesetzlich versicherten Bewohnerinnen und Bewohner besteht ein Beratungsangebot zur gesundheitlichen Versorgungsplanung nach § 132g SGB V durch einen weitergebildeten Berater.; Ausflüge, Telefon, Fernsehen, GPS-Ortung, Begleitung zum Arzt, im geringen Umfang Wäschepflege und Hausmeisterdienste, Internetanschluss","Mahlzeiten werden in der Einrichtung zubereitet (nach Absprache): Zubereitung alle Speisen und Mahlzeiten direkt vor Ort in den Wohnküchen der Hausgemeinschaften.; Teeküche ist für die individuelle Nutzung der Bewohner vorhanden; Spezielle Kostformen nach Absprache möglich (z. B. vegetarisch, ohne Schweinefleisch); Diätkost (z.B. Diabetiker- oder Reduktionskost); Zwischenmahlzeiten (z.B. Joghurt, Obst) zur freien Verfügung; Getränke (kalt/heiß) zur freien Verfügung; Einnahme von Mahlzeiten auf Wunsch im eigenen Zimmer möglich; Zubereitung eigener Mahlzeiten möglich; Gemeinschaftliches Mittagessen möglich",https://navigatoren.aok.de/etl/public/reports/2019/510/51080145273730-69882c958eaae.pdf,0,,False,,Alle Wohn- und Gemeinschaftsflächen sind für die Bewohner und deren Angehörige in der Einrichtung barrierefrei zugänglich.,,,5,16,https://www.pflegeheime-esslingen.de/homepage/home/pflegeheim-oberesslingen/?haus=poe,https://maps.google.com/?cid=10310531296262900105&g_mp=Cidnb29nbGUubWFwcy5wbGFjZXMudjEuUGxhY2VzLlNlYXJjaFRleHQQAhgEIAA,ChIJyRsbEsTAmUcRiUlMH5ZdFo8,17,,Ein Heimentgeltrechner ist verfügbar unter dem Link 'Heimentgeltrechner (Kosten / Preise Pflegeheim Oberesslingen)'. Preislisten sind in den herunterladbaren Informationsmappen enthalten.,"56 Einzelzimmer: Standardzimmer, größere und kleinere Pflegeappartements. Alle Zimmer haben einen rollstuhlgerechten Sanitärbereich mit Dusche, Waschbecken und WC. Jedes Zimmer kann vom Bewohner individuell eingerichtet werden. Ein Kabel- und Telefonanschluss befindet sich ebenfalls im Zimmer.","Stationäre Dauerpflege, Kurzzeit- und Verhinderungspflege. Das Heim bietet auch Tagespflege Oberesslingen als separate Einrichtung an.","Hausgemeinschaftsmodell: 56 pflegebedürftige Menschen leben in vier Hausgemeinschaften. Jede Hausgemeinschaft hat einen großen Gemeinschaftsbereich mit offener Wohnküche, wo das Essen selbst zubereitet wird. Gesundheitliche Versorgungsplanung für die letzte Lebensphase (GVP) wird angeboten.",Sozialdienst mit Freizeit- und Kulturangeboten. Betreuungsangebote für Externe sind verfügbar. Öffentliches Café 'am Zimmerbach' mit Mittagstisch lädt zum Verweilen und zum Empfangen von Gästen ein. Persönliche Feste können dort ausgerichtet werden. Vermietung der Café- und Gemeinschaftsräume möglich.,"Das Pflegeheim befindet sich im Stadtteil Oberesslingen in der Weiherstraße 41, 73730 Esslingen. Das Heim wurde 2017 eröffnet.",Städtische Pflegeheime Esslingen a.N. (kommunaler Träger),Zweites Haus mit dem Modell der Hausgemeinschaften. Jede Hausgemeinschaft verfügt über einen Hauswirtschaftsraum zur Wäscheversorgung vor Ort. Therapieküchen vorhanden. Friseur und Fußpflege im Haus. Hausbesuche von Haus- und Fachärzten. Vermittlung therapeutischer Dienste. Virtuelle Zimmerrundgänge verfügbar (Komfortzimmer und Standardzimmer). Zimmergrundrisse können eingesehen werden.,"Heimleitung: Janina Kemmer
Telefon: 0711 / 35172-5113 oder 0711 / 35172-5120
Fax: 0711 / 35172-5114
E-Mail: janina.kemmer@pflegeheime-esslingen.de oder poe@pflegeheime-esslingen.de
Öffnungszeiten: 07:00 Uhr - 22:00 Uhr
Adresse: Pflegeheim Oberesslingen, Weiherstraße 41, 73730 Esslingen

Informationen zum Erstkontakt können als Druckversion angefordert werden. Umfangreiche Informationsmappen zum Download verfügbar (ca. 15 Seiten für Erstkontakt, ca. 90 Seiten für Aufnahme mit Mustervertrag)."
8537,Albert-Knapp-Heim,Mühlstr. 22,71640,Ludwigsburg,48.897618991867,9.2014339330943,13002,07141 93060,info@stiftung-ev-altenheim.de,http://www.stiftung-ev-altenheim.de/,Langzeitpflege,False,"3.589,15 €",3659.9404000000004,2536.4196000000006,1254.5208000000002,0,3589.1478,2746.62,1254.5208000000002,0,3589.1478,2746.62,1254.5208000000002,0,3589.1478,2746.62,1254.5208000000002,0,3589.1478,2746.62,1254.5208000000002,0,Pflegegrad 1: k.A.; Pflegegrad 2: k.A.; Pflegegrad 3: k.A.; Pflegegrad 4: k.A.; Pflegegrad 5: k.A.,1962,"Einrichtungseigene Aufenthaltsmöglichkeiten im Freien: Die schönen barrierefreien Gärten zeichnen die Häuser der Stiftung aus. Daneben das Blühende Barock.; Eigene Haustiere erlaubt: Haustiere sind möglich, sofern der Bewohner die Versorgung der Haustiere selbst organisiert.","Telefonanschluss in den Bewohnerzimmern: Ein Telefonanschluss ist in jedem Zimmer vorhanden, in den DZ entsprechend zwei Anschlüsse.; TV- oder Kabelanschluss in den Bewohnerzimmern; Internetzugang in den Bewohnerzimmern; Möbelmitnahme möglich: Ja es wird sehr empfohlen, das Zimmer persönlich einzurichten. Ein Pflegebett ist obligatorisch.","Wäscheversorgung (insbesondere Kleidung); Reinigung der Zimmer; Hausmeisterservice; Soziale Betreuung; Zimmerrreinigung, Haustechnik und soziale Betreuung werden von internen Mitarbeitern erbracht. Lediglich die Wäscheversorgung ist an einen externen Anbieter vergeben. Die persönliche Wäsche kann auch selbst gewaschen werden.; Kaffeemittage, Gedächtnistraining, Gymnastik, Sturzprophylaxe, Singen, Bingo, Spielenachmittage.; Angehörige sind zu Veranstaltungen herzlich eingeladen (Café, Konzerte, Kaffeenachmittage, Männerstammtisch, Singen am Freitag, Küchenevents, Ausflüge/ Spaziergänge, Gottesdienste, Sommerfeste, Weihnachtsfeiern); Für alle gesetzlich versicherten Bewohnerinnen und Bewohner besteht ein Beratungsangebot zur gesundheitlichen Versorgungsplanung nach § 132g SGB V durch einen weitergebildeten Berater.","Mahlzeiten werden in der Einrichtung zubereitet (nach Absprache): Die Einrichtung verfügt über eine eigene Küche, in der die Mahlzeiten frisch gekocht werden.; Zubereitung eigener Mahlzeiten möglich; Teeküche ist für die individuelle Nutzung der Bewohner vorhanden; Spezielle Kostformen nach Absprache möglich (z. B. vegetarisch, ohne Schweinefleisch); Diätkost (z.B. Diabetiker- oder Reduktionskost); Zwischenmahlzeiten (z.B. Joghurt, Obst) zur freien Verfügung; Getränke (kalt/heiß) zur freien Verfügung; Einnahme von Mahlzeiten auf Wunsch im eigenen Zimmer möglich; Gemeinschaftliches Mittagessen möglich",https://navigatoren.aok.de/etl/public/reports/2019/510/51081255871640-69549f0b18aee.pdf,0,,False,,Alle Wohn- und Gemeinschaftsflächen sind für die Bewohner und deren Angehörige in der Einrichtung barrierefrei zugänglich.,,,3.5,18,http://www.stiftung-ev-altenheim.de/,https://maps.google.com/?cid=1097900378844302755&g_mp=Cidnb29nbGUubWFwcy5wbGFjZXMudjEuUGxhY2VzLlNlYXJjaFRleHQQAhgEIAA,ChIJT1jMGurRmUcRow3I35OGPA8,58,,,"Appartements im betreuten Wohnen (freundliche, helle Appartements)","Stationäre Pflege, Kurzzeitpflege, Planbare Kurzzeitpflege, Verhinderungspflege, Langzeitpflege (in jeder Pflegestufe), Betreutes Wohnen, ambulante Pflege","Palliative-Care (hauseigenes Palliative-Care-Angebot), Gesundheitliche Versorgungsplanung (GVP), seelsorgerliche Begleitung, krankheitslindernde Begleitung von Anfang bis Ende","Vielzahl interessanter Veranstaltungen und Aktivitäten, Faschingsfeiern, Improvisationstheater, Jubiläums- und Benefizkonzert, Benefizveranstaltungen","Zentrale Lage in Ludwigsburg, direkt am Blühenden Barock und am Ludwigsburger Krankenhaus, kurze Wege zum Marktplatz, zum örtlichen Einzelhandel, zu Kulturstätten, Restaurants und Cafés, Parkmöglichkeiten für Gäste und Bushaltestellen in unmittelbarer Nähe","Regionale kirchliche Stiftung - Stiftung Evangelische Altenheime Ludwigsburg, diakonische Einrichtung","Drei Häuser: Albert-Knapp-Heim, Gerokheim und Geschwister-Cluss-Heim. Diakonisches Leitbild mit christlichen Werten und Leitsatz 'Ich sehe Dich'. Raum der Stille vorhanden. Mittagstisch-Angebot. Über hundert Ehrenamtliche. Team aus Hauptamtlichen im Sozialdienst, Hauswirtschaft, Seelsorge, Haustechnik, Verwaltung sowie stationärer und ambulanter Pflege. Unterstützung durch FSJ, Bundesfreiwilligendienst und Praktikanten. Erweiterungsbau vorhanden.","Stiftung Evangelische Altenheime, Mühlstrasse 22, 71640 Ludwigsburg, Telefon: 07141 9306-0, Fax: 07141 9306-101, E-Mail: info@stiftung-ev-altenheim.de. Anmeldung über separate Seite verfügbar."
32712,Kleeblatt Pflegeheim Schwieberdingen Stuttgarter Str.,Stuttgarter Straße 4,71701,Schwieberdingen,48.876468986488,9.0750969376608,13145,07141 968200,,http://www.kleeblatt-ggmbh.de/,Langzeitpflege,False,"3.369,76 €",3697.0528000000004,2686.3902000000003,1141.6626,0,3369.7590999999998,2621.29,1141.6626,0,3369.7590999999998,2621.29,1141.6626,0,3369.7590999999998,2621.29,1141.6626,0,3369.7590999999998,2621.29,1141.6626,0,,,,,,Teeküche ist für die individuelle Nutzung der Bewohner vorhanden,,0,,False,,,,,5,1,http://www.kleeblatt-ggmbh.de/,https://maps.google.com/?cid=9702295366598941705&g_mp=Cidnb29nbGUubWFwcy5wbGFjZXMudjEuUGxhY2VzLlNlYXJjaFRleHQQAhgEIAA,ChIJwf7YuwTXmUcRCVwMIDt6pYY,9,,,,,,,,,,
8357,Samariterstift Neuhausen,Kirchstr. 17,73765,Neuhausen auf den Fildern,48.681130945239,9.2791149388047,13236,07158 987950,,https://www.samariterstiftung.de/standorte/altenpflege/esslingen/samariterstift-neuhausen.html,Langzeitpflege,False,"3.316,48 €",3550.7326000000003,2479.8384000000005,1201.8942,0,3316.4816999999994,2487.75,1201.8942,0,3316.4816999999994,2487.75,1201.8942,0,3316.4816999999994,2487.75,1201.8942,0,3316.4816999999994,2487.75,1201.8942,0,,,,,,Teeküche ist für die individuelle Nutzung der Bewohner vorhanden,https://navigatoren.aok.de/etl/public/reports/2019/510/51080583373765-698d50d1d9fea.pdf,0,,False,,,,,3.2,9,https://www.samariterstiftung.de/standorte/altenpflege/esslingen/samariterstift-neuhausen.html,https://maps.google.com/?cid=11348295384949123327&g_mp=Cidnb29nbGUubWFwcy5wbGFjZXMudjEuUGxhY2VzLlNlYXJjaFRleHQQAhgEIAA,ChIJUcOxf8TBmUcR_-gY2oY-fZ0,80,,Eine Preisliste ist als PDF-Dokument verfügbar unter dem Link 'Preisliste' (012026_Samariterstift_Neuhausen.pdf). Zusätzlich gibt es einen Flyer 'Kosten für gute Pflege'.,75 Pflegeplätze (Einzelzimmer),"Langzeitpflege mit 75 Pflegeplätzen, Kurzzeitpflege",Zwei Hausgemeinschaften sind als beschützender Bereich speziell für demenziell erkrankte Menschen ausgelegt. Ein eigener beschützender Dachgarten bietet Möglichkeiten für Rundgänge und Aufenthalte im Freien.,"Gottesdienste, Gedächtnistraining, gemeinsames Singen, Kraft- und Balancetraining, jahreszeitliche Feste und Ausflüge. Zahlreiche religiöse und kulturelle Angebote. Der Bürgertreff im Erdgeschoss bietet vielfältige Möglichkeiten für Veranstaltungen und Begegnungen.","Das Samariterstift Neuhausen befindet sich zentral im neuen Quartier für Generationen in Neuhausen. Kirchengemeinde, Kindergarten und Schule befinden sich in unmittelbarer Nähe. Das Rathaus und Einkaufsmöglichkeiten sind gut zu erreichen, es besteht eine gute Anbindung an den öffentlichen Nahverkehr.",Samariterstiftung (kirchlich/diakonisch),"Die Bewohnerinnen und Bewohner leben in familiären Hausgemeinschaften mit jeweils 15 Bewohnern zusammen. Das Herzstück der Hausgemeinschaften bildet die Wohnküche mit ihrem großzügigen Aufenthaltsbereich und Balkon. Begegnungsstätte (Multifunktionsraum) im 'Quartier der Generationen' – Eine Kooperation zwischen Samariterstiftung, Gemeinde Neuhausen, Sozialdienst katholischer Frauen e. V. Diözese Rottenburg-Stuttgart (SKF) und Siedlungswerk. Ein multiprofessionelles Team, bestehend aus Pflegefachkräften und Pflegehilfskräften sowie Alltagsbegleitern und Betreuungsassistentinnen begleitet die Bewohner*innen rund um die Uhr. IQD-Qualitätssiegel für hohes Leistungsniveau und vorbildliche Betreuung von pflegebedürftigen Menschen.","Sandra Nibel, Hausleitung, Kirchstraße 17, 73765 Neuhausen, Telefon 07158 / 98795-0. Kontaktaufnahme über Kontaktformular möglich. Platzanfrage über caremates.de möglich. Facebook und Instagram Profile verfügbar."
8812,Haus am Brunnen,Lange Str. 74,70794,Filderstadt,48.667398950686,9.235391957633,13271,07158 9840810,verwaltung@seniorcaregmbh.de,https://carelist.de/einrichtung/haus-am-brunnen,"Kurzzeitpflege, Langzeitpflege",True,"2.485,80 €",2935.3360000000002,2048.1786,1018.1574,0,2485.8014000000003,1726.64,1018.1574,0,2485.8014000000003,1726.64,1018.1574,0,2485.8014000000003,1726.64,1018.1574,0,2485.8014000000003,1726.64,1018.1574,0,Pflegegrad 1: k.A.; Pflegegrad 2: k.A.; Pflegegrad 3: k.A.; Pflegegrad 4: k.A.; Pflegegrad 5: k.A.,,Einrichtungseigene Aufenthaltsmöglichkeiten im Freien; Eigene Haustiere,Telefonanschluss in den Bewohnerzimmern; TV- oder Kabelanschluss in den Bewohnerzimmern; Internetzugang in den Bewohnerzimmern; Möbelmitnahme,,"Mahlzeiten werden in der Einrichtung zubereitet (nach Absprache); Spezielle Kostformen nach Absprache möglich (z. B. vegetarisch, ohne Schweinefleisch); Diätkost (z.B. Diabetiker- oder Reduktionskost); Zwischenmahlzeiten (z.B. Joghurt, Obst) zur freien Verfügung; Getränke (kalt/heiß) zur freien Verfügung; Einnahme von Mahlzeiten auf Wunsch im eigenen Zimmer möglich; Zubereitung eigener Mahlzeiten möglich; Gemeinschaftliches Mittagessen möglich; Teeküche ist für die individuelle Nutzung der Bewohner vorhanden",https://navigatoren.aok.de/etl/public/reports/2019/510/51081851070794-697da7b70c472.pdf,0,,False,,,,,3.1,13,https://carelist.de/einrichtung/haus-am-brunnen,https://maps.google.com/?cid=12251515721105833749&g_mp=Cidnb29nbGUubWFwcy5wbGFjZXMudjEuUGxhY2VzLlNlYXJjaFRleHQQAhgEIAA,ChIJYTmHPuPpmUcRFX-gFKMgBqo,15,"Warteliste - Über carelist führen Pflegeanbieter Wartelisten, was die Wahrscheinlichkeit erhöht, die angefragte Leistung von diesem Anbieter früher oder später zu erhalten.",,,"Langzeitpflege, Kurzzeitpflege (2 eingestreute Kurzzeitpflegeplätze)","Palliativversorgung, Desorientierung, Ansteckende Krankheit (z. B. MRSA, Tuberkulose), Künstliche Ernährung (z. B. Magensonde, PEG), Unterstützungsbedarf bei der Ernährung, Inkontinenz, Rollstuhl, Rollator, Bettlägrigkeit, Nicht Ansprechbarkeit, Nervosität/Unruhe, Besondere Bedürfnisse (z. B. religiöse, kulturelle oder sprachliche Aspekte)",,"Lange Straße 74, 70794 Filderstadt","Senior Care GmbH, Trägerschaft: Privat","Vollstationäres Pflegeheim mit 32 Pflegeplätzen, davon 2 eingestreute Kurzzeitpflegeplätze",
33207,Alexander-Stift Otto Mühlschlegel Haus,Strümpfelbacher Str. 61,71384,Weinstadt,48.808807945713,9.3586559961425,13305,07151 9949190,AS-Aufnahme-Endersbach@alexander-stift.de,https://alexander-stift.diakonie-stetten.de/das-alexander-stift/standorte-einrichtungen/weinstadt-endersbach.html,"Kurzzeitpflege, Langzeitpflege",True,"3.031,61 €",3398.3284000000003,2401.0506000000005,1128.2778,0,3031.6148,2239.22,1128.2778,0,3031.6148,2239.22,1128.2778,0,3031.6148,2239.22,1128.2778,0,3031.6148,2239.22,1128.2778,0,Pflegegrad 1: k.A.; Pflegegrad 2: k.A.; Pflegegrad 3: k.A.; Pflegegrad 4: k.A.; Pflegegrad 5: k.A.,,Einrichtungseigene Aufenthaltsmöglichkeiten im Freien; Eigene Haustiere,Telefonanschluss in den Bewohnerzimmern; TV- oder Kabelanschluss in den Bewohnerzimmern; Internetzugang in den Bewohnerzimmern; Möbelmitnahme,,"Mahlzeiten werden in der Einrichtung zubereitet (nach Absprache); Spezielle Kostformen nach Absprache möglich (z. B. vegetarisch, ohne Schweinefleisch); Diätkost (z.B. Diabetiker- oder Reduktionskost); Zwischenmahlzeiten (z.B. Joghurt, Obst) zur freien Verfügung; Getränke (kalt/heiß) zur freien Verfügung; Einnahme von Mahlzeiten auf Wunsch im eigenen Zimmer möglich; Zubereitung eigener Mahlzeiten möglich; Gemeinschaftliches Mittagessen möglich; Teeküche ist für die individuelle Nutzung der Bewohner vorhanden",https://navigatoren.aok.de/etl/public/reports/2019/512/51281059471384-69719435c8601.pdf,0,,False,,,,,2.6,10,https://alexander-stift.diakonie-stetten.de/das-alexander-stift/standorte-einrichtungen/weinstadt-endersbach.html,https://maps.google.com/?cid=12364238205478440799&g_mp=Cidnb29nbGUubWFwcy5wbGFjZXMudjEuUGxhY2VzLlNlYXJjaFRleHQQAhgEIAA,ChIJ43FGOM_HmUcRXw_bqyOZlqs,35,,Preisliste verfügbar als PDF-Download (Preisliste ab 01.01.2026). Vorvertragliche Informationen verfügbar als PDF-Download (Stand 2025-01). Ein Preisrechner ist auf der Website verfügbar.,"5 Doppelzimmer, 36 Einzelzimmer. Zimmerausstattung: Bad, Pflegebett, Nachttisch, Kleiderschrank, TV-Kommode, Tisch und Stühle, Balkon, Telefon- und Kabel-TV-Anschluss und ein Hausnotruf. Zusätzlich: 73 Betreute Seniorenwohnungen.","Stationäre Dauerpflege, Kurzzeitpflege, Betreutes Wohnen, Demenzpflege",Demenzpflege. Das Haus wird mit vier Hausgemeinschaften geführt.,Freizeit- und Gemeinschaftsangebote verfügbar. Cafeteria vorhanden.,"Das Otto-Mühlschlegel-Haus liegt im Herzen des Remstäler Weinbaugebietes, lieblich eingebettet in den Hängen des Schurwaldes. Weinstadt-Endersbach ist ein Teilort der Großen Kreisstadt Weinstadt im Rems-Murr-Kreis. Der Ortskern ist auf Fußwegen leicht und innerhalb kurzer Zeit zu erreichen. Gartenanlage mit Sitzgelegenheit vorhanden.",Diakonie Stetten e.V. (diakonischer Träger). Alexander-Stift Dienste für Senioren gGmbH.,"Das Betreute Wohnen des Otto-Mühlschlegel-Hauses hat als erstes Haus im Rems-Murr-Kreis das Qualitätssiegel Betreutes Wohnen des Landes Baden-Württemberg erhalten. Die betreute Senioren-Wohnanlage wurde von der Mühlschlegel-Stiftung nach ihrer Konzeption initiiert und finanziell unterstützt. Hauseigene Küche: täglich frisch gekocht, ausgewogene Ernährung, Zwischenmahlzeiten auf Wunsch rund um die Uhr möglich. Insgesamt 46 stationäre Pflegeplätze.","Heimleitung: Kathrin Harzendorf, Telefon: 0152 28471057, E-Mail: kathrin.harzendorf@alexander-stift.de. Einrichtungs- und Pflegedienstleitung: Halim Kryeziu, Telefon: 07151 994919-36, E-Mail: halim.kryeziu@alexander-stift.de. Adresse: Strümpfelbacher Straße 61-63, 71384 Weinstadt-Endersbach. Allgemeine E-Mail: info@alexander-stift.de"
8702,AWO Pflegezentrum Hans-Klenk-Haus,Talstr. 22-24,71634,Ludwigsburg,48.901107947953,9.1881599772985,13318,07141 284981,a.metzger@awo-ludwigsburg.de,https://www.awo-ludwigsburg.de/,Langzeitpflege,False,"3.444,58 €",3547.9948,2510.8668000000002,1168.128,0,3444.5809999999997,2678.18,1168.128,0,3444.5809999999997,2678.18,1168.128,0,3444.5809999999997,2678.18,1168.128,0,3444.5809999999997,2678.18,1168.128,0,"Pflegegrad 1: 1 Vollzeitstelle: 4,5 Pflegebedürftige; Pflegegrad 2: 1 Vollzeitstelle: 3,5 Pflegebedürftige; Pflegegrad 3: 1 Vollzeitstelle: 2,5 Pflegebedürftige; Pflegegrad 4: 1 Vollzeitstelle: 1,9 Pflegebedürftige; Pflegegrad 5: 1 Vollzeitstelle: 1,7 Pflegebedürftige",2002,Einrichtungseigene Aufenthaltsmöglichkeiten im Freien: Große Gartenanlage mit Gartenteich und beschützendem Therapiegarten.; Eigene Haustiere erlaubt: In Rücksprache mit der Einrichtungsleitung.; Bibliothek,"Telefonanschluss in den Bewohnerzimmern; TV- oder Kabelanschluss in den Bewohnerzimmern; Internetzugang in den Bewohnerzimmern; Möbelmitnahme möglich: Eine Grundausstattung ist vorhanden, eigene Kleinstmöbel können mitgebracht werden.","Wäscheversorgung (insbesondere Kleidung); Einzugsgespräch in der Pflegeeinrichtung; Kreative Angebote, Singen, Gymnastik, Spielenachmittag, Gedächtnistraining, Ausflüge,usw.; Einladung zur Teilnahme an Pflegevisiten, Angehörigennachmittagen 1 x Jahr, sonstigen Veranstaltungen und Festen, regelmäßige Gespräche und Kontakte, wöchentlicher E-Mail-Newsletter mit Neuigkeiten aus dem Haus.; Friseur, med. Fußpflege und Podologie kommen regelmäßig in die Einrichtung. Es besteht die Möglichkeit Familienfeiern in unserer Cafeteria auszurichten.","Mahlzeiten werden in der Einrichtung zubereitet (nach Absprache): Sämtliche Mahlzeiten werden in der hauseigenen Küche frisch zubereitet.; Zubereitung eigener Mahlzeiten möglich; Spezielle Kostformen nach Absprache möglich (z. B. vegetarisch, ohne Schweinefleisch); Diätkost (z.B. Diabetiker- oder Reduktionskost); Zwischenmahlzeiten (z.B. Joghurt, Obst) zur freien Verfügung; Getränke (kalt/heiß) zur freien Verfügung; Einnahme von Mahlzeiten auf Wunsch im eigenen Zimmer möglich; Gemeinschaftliches Mittagessen möglich; Teeküche ist für die individuelle Nutzung der Bewohner vorhanden",https://navigatoren.aok.de/etl/public/reports/2019/510/51081673471634-694ce1edc1f55.pdf,2,https://navigatoren.aok.de/etl/public/images/nursing_home/image281502detail-63738b5698e87.jpg; https://navigatoren.aok.de/etl/public/images/nursing_home/image281503detail-63738b569a088.jpg,True,Besucher jederzeit willkommen,Alle Wohn- und Gemeinschaftsflächen sind für die Bewohner und deren Angehörige in der Einrichtung barrierefrei zugänglich.,AWO Pflegezentrum Hans-Klenk-Haus (),22.12.2022,4.6,31,https://www.awo-ludwigsburg.de/,https://maps.google.com/?cid=6447227631002632308&g_mp=Cidnb29nbGUubWFwcy5wbGFjZXMudjEuUGxhY2VzLlNlYXJjaFRleHQQAhgEIAA,ChIJlwN94ZbRmUcRdMD-G18neVk,15,,,,,,"Kulinarische Zeitreise in die 1950er-Jahre - Gutes Essen ist nicht nur Lebensqualität, sondern auch ein Stück Heimat und Identität","Ludwigsburg, Talstraße 22-24, 71634 Ludwigsburg",AWO Ludwigsburg gemeinnützige GmbH - Arbeiterwohlfahrt (gemeinnützige Organisation),"Teil der AWO Ludwigsburg mit umfassendem Angebot: Kindertageseinrichtungen, Schulkindbetreuung, Pflegezentrum, Soziale Dienste, Migration, Fortbildungen. Qualitätsmanagement und Gesundheitsmanagement vorhanden. Leitbild und Grundwerte der AWO.","Telefon: 07141/2849-81, E-Mail: info@awo-ludwigsburg.de, Adresse: Talstraße 22-24, 71634 Ludwigsburg. Ansprechpartner*innen verfügbar über Kontaktformular auf der Webseite."
9882,CASA REHA Altenpflegeheim GmbH Haus Walckerhof,Obere Kasernenstr. 22,71634,Ludwigsburg,48.900973664175,9.1932002446946,13321,07141 99100,,https://www.korian.de/pflege/stationaere-pflege/haus-walckerhof-ludwigsburg-stationaere-pflege/,"Kurzzeitpflege, Langzeitpflege",True,"2.413,17 €",2915.2588000000005,2014.1082000000004,1032.1506,0,2413.1711,1624.73,1032.1506,0,2413.1711,1624.73,1032.1506,0,2413.1711,1624.73,1032.1506,0,2413.1711,1624.73,1032.1506,0,,,,,,Teeküche ist für die individuelle Nutzung der Bewohner vorhanden,https://navigatoren.aok.de/etl/public/reports/2019/512/51281043571634-69719435a283f.pdf,0,,True,Besucher jederzeit willkommen,,,,3.8,15,https://www.korian.de/pflege/stationaere-pflege/haus-walckerhof-ludwigsburg-stationaere-pflege/,https://maps.google.com/?cid=17579848000936848046&g_mp=Cidnb29nbGUubWFwcy5wbGFjZXMudjEuUGxhY2VzLlNlYXJjaFRleHQQAhgEIAA,ChIJD_-LPpTRmUcRrqozZZ0q-PM,17,,"Einzelzimmer: 3.555,00 € monatliche Eigenbeteiligung im ersten Jahr für stationäre Langzeitpflege. Doppelzimmer: 3.433,00 € monatliche Eigenbeteiligung im ersten Jahr für stationäre Langzeitpflege. Hinweis: Beispielpreise, individuelle Preiskalkulation auf Anfrage erhältlich.","108 Einzelzimmer und 12 Doppelzimmer, insgesamt 132 stationäre Pflegeplätze. Alle Zimmer mit eigenem barrierefreiem Bad ausgestattet. Anschlüsse für Telefon und Fernsehen sowie WLAN vorhanden. Eigene Möbel oder Erinnerungsstücke können mitgebracht werden. Komfortzimmer gegen Aufpreis verfügbar.","Vollstationäre Pflege, Verhinderungs-/Urlaubspflege, Kurzzeitpflege",Comorbiditäts-Konzept: Pflege und Betreuung mehrerer Krankheitsbilder nebeneinander. Demenzpflege.,"Gedächtnistraining, Sturzprophylaxe, Gymnastikstunden (Einzel- oder Gruppenangebote). Wohlfühlbad mit Lichteffekten, Musik und Aromaölen. Verschiedene Therapeuten besuchen regelmäßig. Wöchentliches Programm: Kochen, Backen, Singen, Basteln, Zeitungsschau, Kegeln. Hoch- und Kräuterbeete für Gartenbegeisterte. Monatlich Alleinunterhalter, Diavorträge, Konzerte, Filmnachmittage, Stammtisch für Männer und Frauen. Besuch von Streichelzoo in Sommermonaten. Ausflüge zum Residenzschloss, Schloss Favorite, Kürbisausstellung, Spaziergänge am Neckar. Zweimal monatlich Einkaufsfahrten in die Stadt.","Obere Kasernenstr. 22, 71634 Ludwigsburg. Begrünter Innenhof mit verschiedenen Sitzgelegenheiten, Sonnenschirmen und überdachter Terrasse. Einkaufsmöglichkeiten in unmittelbarer Umgebung. Nahe gelegene Ludwigsburger Innenstadt mit Geschäften und Cafés. Bushaltestelle nur wenige Schritte entfernt. Nähe zu Wochenmärkten, Supermärkten und ÖPNV.","CASA REHA Altenpflegeheim GmbH, Obere Kasernenstrasse 22, 71634 Ludwigsburg. Hauptsitz der Gesellschaft: Neumarkter Str. 59–61, 81673 München. Amtsgericht: München HRB 259547. Teil der Korian Deutschland GmbH.","Motto: 'Ein Lächeln ist der kürzeste Weg zwischen zwei Menschen'. Warme und herzliche Atmosphäre. Hell, freundlich und modern ausgestattetes Haus. Zahlreiche gemütliche Sitzgruppen und Nischen. Gemeinschaftsküchen und Esszimmer auf jedem Wohnbereich, großzügiger Speisesaal. Cafeteria vorhanden. Haustiere nach Absprache erlaubt. Hauseigene Küche mit täglich wechselnden, frisch zubereiteten Gerichten, mittags zwei Menüs zur Auswahl. Services: Pflegebad, Friseur im Haus, regelmäßige Fußpflege, Reinigungsservice, Safe im Zimmer, hauseigener Minibus, KorianFit-Spielekonsole, Reparaturdienst, Wäschedienst, Fahrdienst, Einkaufsservice. Zertifizierungen: DEKRA Qualitätsmanagement ISO 9001, DEKRA Energiemanagement ISO 50001. Auszeichnung: WirtschaftsWoche Bestes Pflegeheim 2024. Top Employer Germany und Europe 2026.","Telefon: 07141 9910 0. E-Mail: walckerhof@korian.de. Einrichtungsleitung: Franziska Becker. Servicezeiten: Montag - Donnerstag 08:00 - 16:00 Uhr, Freitag 08:00 - 15:00 Uhr. Haus ist immer offen für Besucher, Hotline für Angehörige 24 Stunden besetzt. Servicehotline: +49 (800) 2272100. Facebook-Seite vorhanden."
9895,Alexander-Stift Seniorenzentrum Hohenacker,Karl-Ziegler-Str. 39,71336,Waiblingen,48.865295969575,9.3162619826021,13559,07151 9866670,AS-Aufnahme-Hohenacker@alexander-stift.de,https://alexander-stift.diakonie-stetten.de/,"Kurzzeitpflege, Langzeitpflege",True,"3.130,26 €",3550.1242,2474.3628000000003,1206.7614,0,3130.2603999999997,2262.94,1206.7614,0,3130.2603999999997,2262.94,1206.7614,0,3130.2603999999997,2262.94,1206.7614,0,3130.2603999999997,2262.94,1206.7614,0,Pflegegrad 1: k.A.; Pflegegrad 2: k.A.; Pflegegrad 3: k.A.; Pflegegrad 4: k.A.; Pflegegrad 5: k.A.,,Einrichtungseigene Aufenthaltsmöglichkeiten im Freien; Eigene Haustiere,Telefonanschluss in den Bewohnerzimmern; TV- oder Kabelanschluss in den Bewohnerzimmern; Internetzugang in den Bewohnerzimmern; Möbelmitnahme,Einzugsgespräch in der Pflegeeinrichtung,"Mahlzeiten werden in der Einrichtung zubereitet (nach Absprache); Spezielle Kostformen nach Absprache möglich (z. B. vegetarisch, ohne Schweinefleisch); Diätkost (z.B. Diabetiker- oder Reduktionskost); Zwischenmahlzeiten (z.B. Joghurt, Obst) zur freien Verfügung; Getränke (kalt/heiß) zur freien Verfügung; Einnahme von Mahlzeiten auf Wunsch im eigenen Zimmer möglich; Zubereitung eigener Mahlzeiten möglich; Gemeinschaftliches Mittagessen möglich; Teeküche ist für die individuelle Nutzung der Bewohner vorhanden",https://navigatoren.aok.de/etl/public/reports/2019/512/51281057271336-697da7d639c7f.pdf,0,,True,Besucher jederzeit willkommen,,Haus- und Pflegedienstleitung (),,2.6,14,https://alexander-stift.diakonie-stetten.de/,https://maps.google.com/?cid=13867152507956441293&g_mp=Cidnb29nbGUubWFwcy5wbGFjZXMudjEuUGxhY2VzLlNlYXJjaFRleHQQAhgEIAA,ChIJw_jnPdXImUcRzTDpErwFcsA,13,,Ein Preisrechner ist auf der Webseite verfügbar (Link: Preisrechner),,"Dauerpflege, Kurzzeitpflege, Demenzpflege, Betreutes Wohnen, Hausgemeinschaften & Wohngruppen, Tagespflege, Hauswirtschaftliche Betreuung. Versorgung und Pflege von Menschen aller Pflegegrade.",Demenzpflege - spezialisierte Betreuung für Menschen mit Demenz. Kleine Pflegeheime und Hausgemeinschaften mit familiärer Atmosphäre.,"Freizeit- und Gemeinschaftsangebote werden angeboten. Erwähnt werden: Basteln, Spazieren gehen, Zuhören (im Kontext des Ehrenamts).","Wohnortnahe Betreuung mit insgesamt 21 Standorten in fünf Landkreisen. Moderne Einrichtungen, darunter die neuesten und modernsten Seniorenzentren in Talheim und Lauffen a. N. im Landkreis Heilbronn.","Diakonie Stetten e.V. - kirchlich/diakonischer Träger. Hauptsitz: Schlossberg 2, 71394 Kernen-Stetten","Moderne Einrichtung der Altenhilfe mit 21 Standorten. Bedarfsgerechte, individuelle Betreuung. Kleine Pflegeheime und Hausgemeinschaften für familiäre Atmosphäre und Geborgenheit. Zeitschrift 'ASpekte' erscheint zweimal jährlich. Engagement für Mitarbeiterförderung und Weiterbildung. Moderne Arbeitszeitmodelle und flexible Konzepte für Mitarbeitende.","Alexander-Stift, Schlossberg 2, 71394 Kernen-Stetten, Telefon: 07151 940-0, E-Mail: info@alexander-stift.de. Diakonie-Stetten e.V., E-Mail: information@diakonie-stetten.de. Formulare verfügbar für Kontakt und Aufnahme & Anmeldung."
9870,Haus Kastanienblüte,Küferstr. 48,71686,Remseck,48.887740986494,9.2804639388669,13853,07146 992580,,https://www.benevit.net/benevit-standorte/baden-wuerttemberg/haus-kastanienbluete/,"Kurzzeitpflege, Langzeitpflege",True,"3.105,05 €",3466.7734000000005,2417.7816000000003,1179.9918,0,3105.0463,2264.77,1179.9918,0,3105.0463,2264.77,1179.9918,0,3105.0463,2264.77,1179.9918,0,3105.0463,2264.77,1179.9918,0,,,,,,Teeküche ist für die individuelle Nutzung der Bewohner vorhanden,https://navigatoren.aok.de/etl/public/reports/2019/512/51281024271686-694dfdd915059.pdf,1,https://navigatoren.aok.de/etl/public/images/nursing_home/image350432detail-63738bab028e2.jpg,False,,,BeneVit Haus Kastanienblüte (),,3.5,13,https://www.benevit.net/benevit-standorte/baden-wuerttemberg/haus-kastanienbluete/,https://maps.google.com/?cid=10287476685972537469&g_mp=Cidnb29nbGUubWFwcy5wbGFjZXMudjEuUGxhY2VzLlNlYXJjaFRleHQQAhgEIAA,ChIJh9VS__LOmUcRfYCBXop1xI4,21,,,,"Stationäre Pflege in Hausgemeinschaften, Tagespflege, Kurzzeitpflege","Demenzbetreuung durch spezielles Konzept für geistige, körperliche und soziale Aktivitäten. Alltag als Therapie - Das Gefühl, gebraucht zu werden und selbstbestimmt leben können. Mehr Lebensqualität, weniger Demenzsymptome, Lebensverlängerung durch Lebensfreude.","Einkaufen auf dem Wochenmarkt, gärtnern, Hasen füttern, malen, Lieder singen, Ausflüge unternehmen, Wäsche pflegen, Gymnastik, tägliche Aktivangebote, gemeinsames Kochen und Backen, Feste im Garten vorbereiten, Kräuter- und Gemüsegarten, Kuchenbacken, Schwebeliege im Haus, begleitete Kirchgänge oder Gottesdienste im Haus, Teilnahme am Gemeindeleben, regionale und saisonale Feste","Zentral gelegenes Gebäudeensemble umgeben von einem großen Garten in Remseck-Hochberg. Naher Neckarstrand und Obstwiesen der Stadt. Viele Vereine, Schulklassen, Musikgruppen und Gäste aus der Gemeinde besuchen das Haus.","BeneVit Gruppe, privater Träger, Unternehmerfamilie Pfister (Gründer Kaspar Pfister)","4 eigenständige Hausgemeinschaften jeweils mit Küche, Wohnzimmer mit Kaminofen, Balkon oder Terrasse und großem Garten. Tägliches gemeinsames Kochen und Backen mit frischen und vorwiegend regionalen Lebensmitteln. Konzept offenes Haus - Treffpunkt Café, Veranstaltungsraum offen für Familienfeste, Chorproben, Yogakurse. Besonderes Ambiente: Kräftige Farben, Teppichboden statt Linoleum, frische Pflanzen und ein Gefühl wie Zuhause. Alltag mit Haustieren, viel Bewegung, Grander-Wasser, Naschgarten, Genusstage im Pflegebad. Pflege ohne Akkord - Fachkräfte betreuen in der Regel 7 Bewohner. Nullschwellen. Freie Essenszeiten ganz nach Appetit. Haustiere sind erlaubt. Drei spezielle Apps: BeneVit App für Angehörige (Abruf von Pflegeberichten, Medikamentenplänen, Verordnungen, therapeutische Anwendungen), Ärzte-App (für behandelnde Hausärzte zur Online-Überprüfung medizinischer Daten), Apotheken-App (für sichere Medikamentenversorgung). Bewohner können im Pflegegrad zurückgestuft werden durch Aktivierung und Wiedererlangung von Fähigkeiten.","Telefon: 07146 992580, Einrichtungsleitung: Martina Rümke, BeneVit Gruppe Hauptsitz: Grasshoppersstraße 21, D-72116 Mössingen, Telefon: 07473 94864-0, Fax: 07473 94864-40, E-Mail: info@benevit.net"
8639,Haus Uhlberg,Hohenheimer Str. 2,70794,Filderstadt,48.656847960535,9.1951819282114,13884,0711 7070830,info@hausuhlberg.de,https://goetting.care/haus-uhlberg,"Kurzzeitpflege, Langzeitpflege",True,"3.007,93 €",3350.2648,2459.1528000000003,1022.1120000000001,0,3007.933,2336.26,1022.1120000000001,0,3007.933,2336.26,1022.1120000000001,0,3007.933,2336.26,1022.1120000000001,0,3007.933,2336.26,1022.1120000000001,0,Pflegegrad 1: k.A.; Pflegegrad 2: k.A.; Pflegegrad 3: k.A.; Pflegegrad 4: k.A.; Pflegegrad 5: k.A.,,Einrichtungseigene Aufenthaltsmöglichkeiten im Freien; Eigene Haustiere,Telefonanschluss in den Bewohnerzimmern; TV- oder Kabelanschluss in den Bewohnerzimmern; Internetzugang in den Bewohnerzimmern; Möbelmitnahme,,"Mahlzeiten werden in der Einrichtung zubereitet (nach Absprache); Spezielle Kostformen nach Absprache möglich (z. B. vegetarisch, ohne Schweinefleisch); Diätkost (z.B. Diabetiker- oder Reduktionskost); Zwischenmahlzeiten (z.B. Joghurt, Obst) zur freien Verfügung; Getränke (kalt/heiß) zur freien Verfügung; Einnahme von Mahlzeiten auf Wunsch im eigenen Zimmer möglich; Zubereitung eigener Mahlzeiten möglich; Gemeinschaftliches Mittagessen möglich; Teeküche ist für die individuelle Nutzung der Bewohner vorhanden",https://navigatoren.aok.de/etl/public/reports/2019/510/51081553970794-697add33a05fd.pdf,0,,False,,,,,4.4,5,https://goetting.care/haus-uhlberg,https://maps.google.com/?cid=13108921495120964755&g_mp=Cidnb29nbGUubWFwcy5wbGFjZXMudjEuUGxhY2VzLlNlYXJjaFRleHQQAhgEIAA,ChIJk-3sLsvpmUcRk-wqUaU-7LU,6,"Keine direkte Information über aktuell verfügbare Plätze. Es gibt einen Button 'Auf die Warteliste setzen', was auf eine Warteliste hindeutet.","Pflegegrad 1-5: Eigenanteil pflegebedingte Aufwendungen (inkl. Ausbildungsumlage): 1.988,52 €; Unterkunft + Verpflegung: 1.022,11 €; Investitionskosten: 579,81 €; Zu zahlender Eigenanteil gesamt: 3.590,44 € pro Monat. Die Tagespreise werden mit durchschnittlich 30,42 Tagen pro Monat berechnet.","25 Pflegeplätze in 1-Bett-Zimmern, ein 2-Bett-Zimmer. Alle Zimmer sind möbliert mit TV, Telefon, Schwesternruf. Zimmer können individuell gestaltet werden. Jedes Zimmer hat einen Balkon oder eine Terrasse. Behindertengerechte Bäder, Duschen und WC.","Vollstationäre Pflege (Dauerpflege), 2 Kurzzeitpflegeplätze. Individuelle Pflege für alle Pflegestufen, auch für schwer Pflegebedürftige. Pflege rund um die Uhr.","Pflege ist auf die besonderen Anforderungen von schwer Pflegebedürftigen ausgerichtet. Keine spezifische Erwähnung von Demenz, Palliativ oder anderen Spezialisierungen.","Aktive Freizeitgestaltung: Gemeinsames Singen, Malen oder Gestalten. Abwechslungsreiches Programm mit vielfältigen Angeboten, abgestimmt auf die jahreszeitlichen Besonderheiten. Soziale Betreuung ist in den Kosten enthalten.",Filderstadt-Plattenhardt. Kostenlose Parkplätze in der Besuchertiefgarage. Ebenerdiger Zugang und Aufzug. Laut Bewertung: 'So ruhig ist der Ort'. Mehrere Aufenthaltsräume vorhanden.,GÖTTING - privater Träger. Als anerkannter Träger können Leistungen direkt mit allen gesetzlichen Pflegekassen abgerechnet werden.,"25+ Jahre Erfahrung. Familiäre Atmosphäre mit nur 25 Plätzen verteilt auf drei Stationen. Medizinischer Dienst Bewertung: 1,0 (Sehr gut). Google Bewertung: 4,5. Verifizierter Partner von carelist.de. Rundum versorgt: Alles aus einer Hand. Ein festes Team. Im Notfall immer erreichbar. Zeit für Gespräche – nicht nur fürs Nötigste.",E-Mail: hausuhlberg@goetting.care; Telefon: 0711 707083 0. Kontaktperson: Frau Götting wird in Bewertungen erwähnt. Buttons für 'Leistung anfragen' und 'Auf die Warteliste setzen' verlinken zu Kontaktformularen.
8697,Martin-Luther-Haus,Goethestr. 50,73770,Denkendorf,48.699027997586,9.3244929760559,13904,0711 7588460,sz-denkendorf@zieglersche.de,https://www.zieglersche.de/sz-denkendorf,Langzeitpflege,False,"3.438,39 €",3553.4704,2530.0314000000003,1154.439,0,3438.389,2687,1154.439,0,3438.389,2687,1154.439,0,3438.389,2687,1154.439,0,3438.389,2687,1154.439,0,Pflegegrad 1: k.A.; Pflegegrad 2: k.A.; Pflegegrad 3: k.A.; Pflegegrad 4: k.A.; Pflegegrad 5: k.A.,,Einrichtungseigene Aufenthaltsmöglichkeiten im Freien; Eigene Haustiere,Telefonanschluss in den Bewohnerzimmern; TV- oder Kabelanschluss in den Bewohnerzimmern; Internetzugang in den Bewohnerzimmern; Möbelmitnahme,,"Mahlzeiten werden in der Einrichtung zubereitet (nach Absprache); Spezielle Kostformen nach Absprache möglich (z. B. vegetarisch, ohne Schweinefleisch); Diätkost (z.B. Diabetiker- oder Reduktionskost); Zwischenmahlzeiten (z.B. Joghurt, Obst) zur freien Verfügung; Getränke (kalt/heiß) zur freien Verfügung; Einnahme von Mahlzeiten auf Wunsch im eigenen Zimmer möglich; Zubereitung eigener Mahlzeiten möglich; Gemeinschaftliches Mittagessen möglich; Teeküche ist für die individuelle Nutzung der Bewohner vorhanden",https://navigatoren.aok.de/etl/public/reports/2019/510/51081663273770-695f23d55650e.pdf,0,,True,Besucher jederzeit willkommen,,,,4.7,15,https://www.zieglersche.de/sz-denkendorf,https://maps.google.com/?cid=8678435469936030452&g_mp=Cidnb29nbGUubWFwcy5wbGFjZXMudjEuUGxhY2VzLlNlYXJjaFRleHQQAhgEIAA,ChIJrU4QA1rAmUcR9PKvXxT_b3g,18,,"Aktuell gelten für das Martin-Luther-Haus folgende Pflegesätze: vollstationäre (Dauer-)Pflege, Kurzzeit- oder Verhinderungspflege, Tagespflege. Den jeweiligen Übersichten können Sie entnehmen, wie sich die Kosten für den Pflegegrad zusammensetzen, welche Leistungen Ihre Pflegekasse übernimmt und wie hoch der für Sie verbleibende Eigenanteil ist. PDF-Dokumente mit detaillierten Entgelten sind verfügbar.","70 Pflegeplätze in modernen Einzelzimmern. Alle Zimmer sind mit Telefon-, TV- und Radioanschluss sowie einem Notrufsystem ausgestattet. Sie verfügen über ein Pflegebett, Nachttisch und Kleiderschrank. Die Zimmer sind möbliert, können jedoch gerne individuell eingerichtet werden: mit eigenen Möbeln, Erinnerungsstücken, Bildern oder Pflanzen.","Dauerpflege (vollstationäre Pflege), Kurzzeitpflege (fünf Plätze, etwa nach einem Krankenhausaufenthalt oder zur Entlastung pflegender Angehöriger), Tagespflege (tagsüber bei uns und abends wieder daheim), Verhinderungspflege","Beschützter Bereich für Menschen mit Demenz, Gerontopsychiatrischer Bereich mit therapeutischem Betreuungskonzept MAKS, Palliative Care mit Spezialkenntnissen und Kooperation mit erfahrenen Medizinern und Seelsorgern, Partner im Projekt 'Demenzfreundliche Kommune Denkendorf'","Gedächtnistraining, Altersgerechtes Bewegungsprogramm, Musikgeragogik (Zusammenarbeit mit der örtlichen Musikschule), Kreatives Gestalten, Umfangreiches Aktivierungsprogramm, Sturzprävention, Generationenbrücke (Projekte mit den örtlichen Schulen), Spaziergänge und Ausflüge, Einzelbetreuung/Gruppenbetreuung, Jahreszeitliche Feste und Feiern, Handarbeit/Backen, Wöchentliche Gottesdienste im Haus, Bibelkreis mit der Altpietistischen Gemeinschaft Denkendorf","Am ruhigen Ortsrand von Denkendorf gelegen, nur wenige Schritte von der Albert-Schweitzer-Schule entfernt. Felder und Wiesen sowie der nahe Wald laden zu entspannten Spaziergängen in der Natur ein.",Die Zieglerschen e.V. – Wilhelmsdorfer Werke evangelischer Diakonie. Die Zieglerschen sind ein diakonisches Unternehmen mit Hauptsitz im oberschwäbischen Wilhelmsdorf. Gegründet vor mehr als 175 Jahren. Mitglied im Diakonischen Werk.,"Aktivierende Pflege nach neuesten Expertenstandards, Kooperation mit Schulen, Förderverein und Kirchengemeinden, Offener Mittagstisch, Freie Besuchszeiten (rund um die Uhr), Freie Arztwahl, Versorgung mit täglich vier Mahlzeiten (auf Wunsch auch vegetarisch oder vegan), Cafeteria für Besucher. Das Martin-Luther-Haus wurde 2016 mit dem Siegel 'Familienbewusstes Unternehmen' ausgezeichnet und hält das Zertifikat für 2024. Barrierefreies Haus.","Seniorenzentrum Martin-Luther-Haus, Goethestraße 50, 73770 Denkendorf. Einrichtungsleitung: Sabrina Münster. Verwaltung: Sandra Schille. Telefon: 0711 758846-0, Fax: 0711 758846-15. E-Mail: Kontaktformular verfügbar. Bewerbungen an: bewerbung@zieglersche.de"
8375,Pflegeheim am Kloster Denkendorf,Klosterhof 7,73770,Denkendorf,48.691678986483,9.3151799618424,13969,0711 96983620,pkd@altenheimat.de,https://denkendorf.altenheimat.de/,Langzeitpflege,False,"3.385,35 €",3751.8088000000002,2644.1064,1238.7024000000001,0,3385.3518999999997,2525.47,1238.7024000000001,0,3385.3518999999997,2525.47,1238.7024000000001,0,3385.3518999999997,2525.47,1238.7024000000001,0,3385.3518999999997,2525.47,1238.7024000000001,0,,,,,,Teeküche ist für die individuelle Nutzung der Bewohner vorhanden,https://navigatoren.aok.de/etl/public/reports/2019/510/51080644673770-698d50d3203ae.pdf,0,,False,,,,,3.7,3,https://denkendorf.altenheimat.de/,https://maps.google.com/?cid=12836056389126306574&g_mp=Cidnb29nbGUubWFwcy5wbGFjZXMudjEuUGxhY2VzLlNlYXJjaFRleHQQAhgEIAA,ChIJZ6-_twbBmUcRDrvBDkfVIrI,78,Fragen zu freien Pflegeplätzen richten Sie bitte an das Haus: pkd@altenheimat.de,,45 Dauerpflegeplätze in ansprechenden Einzelzimmern mit Dusche und WC,"Dauerpflege (Langzeitpflege), Kurzzeitpflege",,Vielseitiges Hausleben einschließlich seelsorgerischer Angebote,"Modernes Haus in exponierter attraktiver Lage oberhalb von Denkendorf. Ins historische Ensemble am Klosterhof eingepasstes dreigeschossiges Gebäude. Begrünte Terrasse im Gartengeschoss. Einladende Umgebung des Klosterhofs mit See für kleine Spaziergänge. Klosterhof 7, 73770 Denkendorf","Stiftung Evangelische Altenheimat. Im Auftrag der Evangelischen Landeskirche Württemberg hat die Kloster Denkendorf Immobilen GmbH hier eine moderne Pflegeeinrichtung erbaut, die von der Evangelischen Altenheimat gemietet und betrieben wird.","Ende 2020 eröffnet. Kleine Wohngruppen mit 15 Personen. Familiäre Wohnküchen, Wohnzimmerecken und ein variabel nutzbarer Veranstaltungsraum. Moderne und wohnliche Ausstattung der Bewohnerzimmer sowie der Gemeinschaftsräume. Jeweils 15 Zimmer bilden eine familiäre Wohngruppe.","Eva-Maria Semmler, Einrichtungsleiterin. Tel.: 0711 969836-20, Fax: 0711 969836-19, E-Mail: semmler@altenheimat.de. Haus-Kontakt: Tel.: 0711 969836-10, Fax: 0711 969836-19, E-Mail: pkd@altenheimat.de. Aufnahmeantrag kann heruntergeladen, am PC ausgefüllt und per Mail geschickt werden."
8559,Altenpflegeheim Burghalde,Burghaldenstr. 88,71065,Sindelfingen,48.714972967754,9.0199109144746,13982,07031 61920,info@diakonie-sindelfingen.de,https://www.diakonie-sindelfingen.de/altenpflegeheim-burghalde,"Kurzzeitpflege, Langzeitpflege",True,"3.496,28 €",3684.8848000000003,2587.5252,1228.3596000000002,0,3496.2785999999996,2668.14,1228.3596000000002,0,3496.2785999999996,2668.14,1228.3596000000002,0,3496.2785999999996,2668.14,1228.3596000000002,0,3496.2785999999996,2668.14,1228.3596000000002,0,"Pflegegrad 1: 1 Vollzeitstelle: 4,5 Pflegebedürftige; Pflegegrad 2: 1 Vollzeitstelle: 3,5 Pflegebedürftige; Pflegegrad 3: 1 Vollzeitstelle: 2,5 Pflegebedürftige; Pflegegrad 4: 1 Vollzeitstelle: 1,9 Pflegebedürftige; Pflegegrad 5: 1 Vollzeitstelle: 1,7 Pflegebedürftige",1967,"Einrichtungseigene Aufenthaltsmöglichkeiten im Freien: Zum Haus gehört ein großer Garten mit vielen Sitzmöglichkeiten und Ziegengehege.; Eigene Haustiere erlaubt: Voraussetzung ist, dass die Versorgung (Fütterung, Reinigung,  Tierarztbesucvhe) geklärt ist. ",Internetzugang in den Bewohnerzimmern: Auf den Wohnbereichen sowie in den öffentlichen Bereichen steht WLAN zur Verfügung. ; Telefonanschluss in den Bewohnerzimmern; TV- oder Kabelanschluss in den Bewohnerzimmern; Möbelmitnahme möglich,"Wäscheversorgung (insbesondere Kleidung); Gedächtnistraining, Kunstwerkstatt, Andachten, Spiel- und Singnachmittage sowie Veranstaltungen; Für alle gesetzlich versicherten Bewohnerinnen und Bewohner besteht ein Beratungsangebot zur gesundheitlichen Versorgungsplanung nach § 132g SGB V durch einen weitergebildeten Berater.","Mahlzeiten werden in der Einrichtung zubereitet (nach Absprache); Zubereitung eigener Mahlzeiten möglich; Spezielle Kostformen nach Absprache möglich (z. B. vegetarisch, ohne Schweinefleisch); Diätkost (z.B. Diabetiker- oder Reduktionskost); Zwischenmahlzeiten (z.B. Joghurt, Obst) zur freien Verfügung; Getränke (kalt/heiß) zur freien Verfügung; Einnahme von Mahlzeiten auf Wunsch im eigenen Zimmer möglich; Gemeinschaftliches Mittagessen möglich; Teeküche ist für die individuelle Nutzung der Bewohner vorhanden",https://navigatoren.aok.de/etl/public/reports/2019/510/51081303671065-694ce1e9d2e0c.pdf,1,https://navigatoren.aok.de/etl/public/images/nursing_home/image282332detail-63738b57d01cf.jpg,True,Besucher jederzeit willkommen,Alle Wohn- und Gemeinschaftsflächen sind für die Bewohner und deren Angehörige in der Einrichtung barrierefrei zugänglich.,"Frau Röhrle (Sozialdienst), Herr Dannenhauer (Heimleiter) ()",,3.9,8,https://www.diakonie-sindelfingen.de/altenpflegeheim-burghalde,https://maps.google.com/?cid=16556257429307962659&g_mp=Cidnb29nbGUubWFwcy5wbGFjZXMudjEuUGxhY2VzLlNlYXJjaFRleHQQAhgEIAA,ChIJM3OdEk_emUcRI7XSw2mkw-U,40,,"Eine Preisliste ist verfügbar zum Download: 'Preisliste Pflegeheim Burghalde' (PDF, 306,67 KB, Stand: 15.08.2025). Detaillierte Preisinformationen sind auch unter dem Menüpunkt 'Preise - Pflegeheim (Dauer- und Kurzzeitpflege)' zu finden.","Die meisten Zimmer sind mit eigener Nasszelle ausgestattet. Viele Zimmer haben einen eigenen Balkon. Es gibt Bewohnerzimmer im Hauptgebäude (Ostseite, Westseite, Südseite) und im Erweiterungsbau (Ostseite). Die Zimmer verfügen über Nasszellen mit WC und Waschbecken.","Langzeitpflege (Leben im Pflegeheim), Kurzzeitpflege, Demenzbetreuung (spezieller Demenzbereich mit eigenem Wohnzimmer vorhanden). Gesundheitliche Versorgungsplanung für die letzte Lebensphase ('Darüber reden' - ACP Programm).","Demenzbetreuung mit speziellem Demenzbereich und Kunstwerkstatt Demenz (montags um 14.15 Uhr). Palliative Versorgungsplanung durch das ACP-Programm (Ansprechpartnerin: Frau Ulrike Röhrle, Tel. 07031-6192-281).","Wöchentliche Aktivitäten: Kunstwerkstatt Demenz (montags 14.15 Uhr), Andachten (dienstags 15.00 Uhr), Spielenachmittag (montags 15.00 Uhr), Singnachmittag (mittwochs 15.00 Uhr), Sturzprävention und Gymnastik (montags und donnerstags, Vor- und Nachmittag), Gedächtnistraining (dienstags und donnerstags vormittags), Katholischer Wortgottesdienst/Eucharistiefeier (1x monatlich samstags 10.00 Uhr), Evangelischer Gottesdienst (1x monatlich sonntags 9.00 Uhr), Kulturelle Veranstaltungen wie Konzerte, Film, Theater (freitags 15.00 Uhr), Offenes Café (donnerstags 14.30-16.30 Uhr). Zusätzlich: Männerstammtisch (1x monatlich), Konzerte im Garten, Serenadenabende, Kochen und Backen, Themenwochen, Clown-Besuche.","Das Haus befindet sich am Stadtrand von Sindelfingen und liegt, umgeben von viel Grünfläche und einem großen Garten, direkt am Waldrand. Das Sindelfinger Krankenhaus sowie das Freibad sind in unmittelbarer Umgebung. Der Garten verfügt über einen Goldfischteich mit Wasserfall, Ziegengehege, Sitzgruppen, Terrassen und eine Schaukel.",Evangelischer Diakonieverein Sindelfingen e.V. (kirchlich-diakonischer Träger),"Insgesamt 67 Pflegeplätze in drei Wohnbereichen (zwischen 21 und 24 Pflegeplätze pro Bereich). Das Pflegeheim wurde 1967 in Betrieb genommen, 1987 erweitert und 2022 wurden die Pflegebereiche grundlegend saniert. Aktuell entsteht auf dem Gelände des ehemaligen Altbaus ein neues Pflegeheim (Bauprojekt Burghalde). Ein Evangelischer Kindergarten befindet sich im Gebäude und bereichert das Hausleben (z.B. gemeinsamer Laternenlauf). Verschiedene Tiere gehören zum Haus (Ziegen, Goldfische). Großzügige Gestaltung mit viel Platz. Tagescafé wird von Ehrenamtlichen betreut (donnerstags, samstags und jeden ersten Sonntag im Monat geöffnet). MDK-Prüfbericht von 2019 verfügbar. Kunstwerke der Bewohner werden im Haus ausgestellt.","Standortleitung: Angela Roller, Telefon: 07031 6192-222, Telefax: 07031 6192-133, E-Mail: roller@diakonie-sindelfingen.de. Pflegedienstleitung: Tobias Göltl, Telefon: 07031 6192-138, Telefax: 07031 6192-133, E-Mail: tobias.goeltl@diakonie-sindelfingen.de oder goeltl@diakonie-sindelfingen.de. Allgemeine Kontaktdaten: Burghaldenstraße 88, 71065 Sindelfingen, Telefon: 07031 6192-0, Telefax: 07031 6192-133. ACP-Programm: Frau Ulrike Röhrle, Tel. 07031-6192-281, E-Mail: roehrle@diakonie-sindelfingen.de"
8594,Haus Edelberg Senioren-Zentrum Ludwigsburg,Schloßgut Harteneck 3,71640,Ludwigsburg,48.905230945711,9.2229289110442,14093,07141 5680,,https://haus-edelberg.de/ludwigsburg/,"Kurzzeitpflege, Langzeitpflege",True,"2.500,21 €",2883.0136,2015.325,998.6886,0,2500.2050999999997,1766.49,998.6886,0,2500.2050999999997,1766.49,998.6886,0,2500.2050999999997,1766.49,998.6886,0,2500.2050999999997,1766.49,998.6886,0,,,Bibliothek,,Fahr- und Begleitdienste,Teeküche ist für die individuelle Nutzung der Bewohner vorhanden,https://navigatoren.aok.de/etl/public/reports/2019/510/51081417371640-69160ab27ab36.pdf,0,,True,Besucher jederzeit willkommen,,Senioren-Zentrum Haus Edelberg Ludwigsburg (),,3.4,25,https://haus-edelberg.de/ludwigsburg/,https://maps.google.com/?cid=13709953083095147612&g_mp=Cidnb29nbGUubWFwcy5wbGFjZXMudjEuUGxhY2VzLlNlYXJjaFRleHQQAhgEIAA,ChIJC4i1S_3RmUcRXGQozbCJQ74,34,,,,"Vollstationäre Pflege, Kurzzeitpflege, Tagespflege, Betreutes Wohnen, Demenzieller Fachbereich, Palliative Betreuung, Verhinderungspflege, Ambulante Pflegedienste","Demenzieller Fachbereich, Palliative Betreuung",,,Emeis Deutschland (basierend auf dem Footer-Logo),"Teil der Haus Edelberg Gruppe mit mehreren Standorten in Baden-Württemberg, Rheinland-Pfalz und Saarland. Es gibt sowohl ein Senioren-Zentrum Ludwigsburg als auch Ambulante Pflegedienste Ludwigsburg als separate Einrichtungen.",Kontaktformular verfügbar auf der Webseite. Spezifische Kontaktdaten für Ludwigsburg sind auf dieser 404-Seite nicht verfügbar.
8806,Alexander-Stift Gemeindepflegehaus Ludwigsburg-Eglosheim,Hirschbergstr. 58,71634,Ludwigsburg,48.908187983142,9.1628739291865,14166,07141 9130780,AS-Aufnahme-Eglosheim@alexander-stift.de,https://alexander-stift.diakonie-stetten.de/das-alexander-stift/standorte-einrichtungen/ludwigsburg-eglosheim.html,"Kurzzeitpflege, Langzeitpflege",True,"3.265,08 €",3593.6248,2561.9724,1162.6524,0,3265.0849,2473.45,1162.6524,0,3265.0849,2473.45,1162.6524,0,3265.0849,2473.45,1162.6524,0,3265.0849,2473.45,1162.6524,0,Pflegegrad 1: k.A.; Pflegegrad 2: k.A.; Pflegegrad 3: k.A.; Pflegegrad 4: k.A.; Pflegegrad 5: k.A.,2008,Eigene Haustiere; Einrichtungseigene Aufenthaltsmöglichkeiten im Freien,Internetzugang in den Bewohnerzimmern; Telefonanschluss in den Bewohnerzimmern: Freischaltung erfolgt über den gewünschten Anbieter. Anmeldung erfolgt nicht durch das Heim.; TV- oder Kabelanschluss in den Bewohnerzimmern; Möbelmitnahme möglich,"Wäscheversorgung (insbesondere Kleidung); Reinigung der Zimmer; Hausmeisterservice; Einzugsgespräch in der Pflegeeinrichtung; Beschäftigungen finden täglich statt. Basteln, Singen Gymnastik und viele Veranstaltungen.; An Veranstaltungen und auch bei den Aktivierungen sind die Angehörigen eingeladen.","Mahlzeiten werden in der Einrichtung zubereitet (nach Absprache): Gemeinschaftskonzept; Zubereitung eigener Mahlzeiten möglich; Teeküche ist für die individuelle Nutzung der Bewohner vorhanden; Spezielle Kostformen nach Absprache möglich (z. B. vegetarisch, ohne Schweinefleisch); Diätkost (z.B. Diabetiker- oder Reduktionskost); Zwischenmahlzeiten (z.B. Joghurt, Obst) zur freien Verfügung; Getränke (kalt/heiß) zur freien Verfügung; Einnahme von Mahlzeiten auf Wunsch im eigenen Zimmer möglich; Gemeinschaftliches Mittagessen möglich",https://navigatoren.aok.de/etl/public/reports/2019/510/51081842871634-6961dd2089ca2.pdf,1,https://navigatoren.aok.de/etl/public/images/nursing_home/image313772detail-63738b8484643.jpg,True,Besucher jederzeit willkommen,Alle Wohn- und Gemeinschaftsflächen sind für die Bewohner und deren Angehörige in der Einrichtung barrierefrei zugänglich.,,26.06.2025,5,4,https://alexander-stift.diakonie-stetten.de/das-alexander-stift/standorte-einrichtungen/ludwigsburg-eglosheim.html,https://maps.google.com/?cid=9906993489175524747&g_mp=Cidnb29nbGUubWFwcy5wbGFjZXMudjEuUGxhY2VzLlNlYXJjaFRleHQQAhgEIAA,ChIJN4IQRHDRmUcRizVqwha2fIk,15,,Preisliste verfügbar als PDF-Download (Preisliste ab 01.01.2026). Vorvertragliche Informationen verfügbar als PDF-Download (Stand 2025-01).,"2 Doppelzimmer, 25 Einzelzimmer. Zimmerausstattung: Bad, Pflegebett, Nachttisch, Kleiderschrank, TV-Kommode, Tisch und Stühle, Telefon- und Kabel-TV-Anschluss und ein Hausnotruf.",Stationäre Dauerpflege und Kurzzeitpflege,"Demenzpflege - Durch die kleinen Einheiten und das familiäre Konzept, ist diese Betreuungsform auch in besonderer Weise für demenzerkrankte Menschen geeignet. Das Haus wird mit zwei Hausgemeinschaften geführt.",Freizeit- und Gemeinschaftsangebote verfügbar. Begegnungsstätte vorhanden.,Eglosheim ist ein Stadtteil der Kreisstadt Ludwigsburg. Er liegt nordwestlich von der Kernstadt zwischen Favoritepark und der Stadt Asperg an der B 27. Mitten im Ortskern. Einkaufsmöglichkeiten und der öffentliche Nahverkehr sind in unmittelbarer Nähe zu erreichen. Gartenanlage mit Sitzgelegenheit vorhanden.,Diakonie Stetten e.V. - Alexander-Stift (diakonischer Träger),"Hausgemeinschaften & Wohngruppen - familiäres Konzept mit kleinen Einheiten. Hauseigene Küche: täglich frisch gekocht, ausgewogene Ernährung, Zwischenmahlzeiten auf Wunsch rund um die Uhr möglich. Wohnküche und Sitzecke vorhanden.","Einrichtungs- und Pflegedienstleitung: Semir Hamidovic, Telefon: 07141 913078-17, E-Mail: semir.hamidovic@alexander-stift.de. Adresse: Hirschbergstraße 58, 71634 Ludwigsburg-Eglosheim. Allgemeine Kontaktdaten: Alexander-Stift, Schlossberg 2, 71394 Kernen-Stetten, Telefon 07151 940-0, info@alexander-stift.de"
32700,Kleeblatt Pflegeheim Hemmingen,Lindenstraße 9,71282,Hemmingen,48.864841948204,9.0351759860976,14190,07141 968200,,http://www.kleeblatt-ggmbh.de/,Langzeitpflege,False,"3.369,76 €",3697.0528000000004,2686.3902000000003,1141.6626,0,3369.7590999999998,2621.29,1141.6626,0,3369.7590999999998,2621.29,1141.6626,0,3369.7590999999998,2621.29,1141.6626,0,3369.7590999999998,2621.29,1141.6626,0,,,,,,Teeküche ist für die individuelle Nutzung der Bewohner vorhanden,,0,,False,,,,,3,2,http://www.kleeblatt-ggmbh.de/,https://maps.google.com/?cid=10675072416766714629&g_mp=Cidnb29nbGUubWFwcy5wbGFjZXMudjEuUGxhY2VzLlNlYXJjaFRleHQQAhgEIAA,ChIJURcucJTXmUcRBWPz2M15JZQ,9,,,,,,,,,,
32703,Kleeblatt Pflegeheim Asperg Markgröninger Str.,Markgröninger Straße 3,71679,Asperg,48.905393973778,9.1340979261957,14223,07141 968200,,http://www.kleeblatt-ggmbh.de/,Langzeitpflege,False,"3.369,76 €",3697.0528000000004,2686.3902000000003,1141.6626,0,3369.7590999999998,2621.29,1141.6626,0,3369.7590999999998,2621.29,1141.6626,0,3369.7590999999998,2621.29,1141.6626,0,3369.7590999999998,2621.29,1141.6626,0,,,,,,Teeküche ist für die individuelle Nutzung der Bewohner vorhanden,,0,,False,,,,,5,1,http://www.kleeblatt-ggmbh.de/,https://maps.google.com/?cid=3133651863888711204&g_mp=Cidnb29nbGUubWFwcy5wbGFjZXMudjEuUGxhY2VzLlNlYXJjaFRleHQQAhgEIAA,ChIJQ2TNJkbRmUcRJM7TdMT3fCs,5,,,,,,,,,,
8503,DRK Pflegezentrum Sindelfingen,Wilhelm-Haspel-Str. 2,71065,Sindelfingen,48.712329990161,9.0182209139306,14244,07031 793830,,,"Kurzzeitpflege, Langzeitpflege",True,"3.028,41 €",3365.779000000001,2291.5386000000003,1205.2404,0,3028.4139,2144.91,1205.2404,0,3028.4139,2144.91,1205.2404,0,3028.4139,2144.91,1205.2404,0,3028.4139,2144.91,1205.2404,0,,,,,,Teeküche ist für die individuelle Nutzung der Bewohner vorhanden,https://navigatoren.aok.de/etl/public/reports/2019/510/51081177371065-697da7b5c1788.pdf,0,,True,Besucher jederzeit willkommen,,Michael Hans (),30.08.2023,4.2,13,,https://maps.google.com/?cid=1228880758219626477&g_mp=Cidnb29nbGUubWFwcy5wbGFjZXMudjEuUGxhY2VzLlNlYXJjaFRleHQQAhgEIAA,ChIJh1AekfffmUcR7Vf-6IncDRE,25,,,,,,,,,,
32709,Kleeblatt Pflegeheim Asperg Schulstraße,Schulstraße 8,71679,Asperg,48.906187967772,9.134667997075,14298,07141 968200,,http://www.kleeblatt-ggmbh.de/,Langzeitpflege,False,"3.369,76 €",3697.0528000000004,2686.3902000000003,1141.6626,0,3369.7590999999998,2621.29,1141.6626,0,3369.7590999999998,2621.29,1141.6626,0,3369.7590999999998,2621.29,1141.6626,0,3369.7590999999998,2621.29,1141.6626,0,,,,,,Teeküche ist für die individuelle Nutzung der Bewohner vorhanden,,0,,False,,,,,1,1,http://www.kleeblatt-ggmbh.de/,https://maps.google.com/?cid=14903297731020083319&g_mp=Cidnb29nbGUubWFwcy5wbGFjZXMudjEuUGxhY2VzLlNlYXJjaFRleHQQAhgEIAA,ChIJ472eHUbRmUcRd1BWR1Mm084,2,,,,,,,,,,
8889,Seniorenzentrum Steinenbronn,Tübinger Str. 9,71144,Steinenbronn,48.659469998074,9.119750932793,14302,07157 527780,rehmet@altenheimat.de,http://steinenbronn.altenheimat.de/,"Kurzzeitpflege, Langzeitpflege",True,"3.238,01 €",3658.7236000000007,2597.2596000000003,1192.4640000000002,0,3238.0145,2406.53,1192.4640000000002,0,3238.0145,2406.53,1192.4640000000002,0,3238.0145,2406.53,1192.4640000000002,0,3238.0145,2406.53,1192.4640000000002,0,"Pflegegrad 1: 1 Vollzeitstelle: 4,7 Pflegebedürftige; Pflegegrad 2: 1 Vollzeitstelle: 3,7 Pflegebedürftige; Pflegegrad 3: 1 Vollzeitstelle: 2,6 Pflegebedürftige; Pflegegrad 4: 1 Vollzeitstelle: 2,1 Pflegebedürftige; Pflegegrad 5: 1 Vollzeitstelle: 1,9 Pflegebedürftige",2010,Einrichtungseigene Aufenthaltsmöglichkeiten im Freien; Eigene Haustiere erlaubt: In Rücksprache mit der Heimleitung ,Telefonanschluss in den Bewohnerzimmern; TV- oder Kabelanschluss in den Bewohnerzimmern; Internetzugang in den Bewohnerzimmern; Möbelmitnahme möglich,"Wäscheversorgung (insbesondere Kleidung); Reinigung der Zimmer; Hausmeisterservice; Soziale Betreuung; Hausmeisterservice; Soziale Betreuung; Gymnastik, Maltherapie, Gottesdienste, Gedächtnistraining, Singen, Sturzprophylaxe, Spaziergänge; Besuchszeiten Rund um die Uhr, Vorträge, Vorsorgeplanung, Integrationsgespräche, Feste; Für alle gesetzlich versicherten Bewohnerinnen und Bewohner besteht ein Beratungsangebot zur gesundheitlichen Versorgungsplanung nach § 132g SGB V durch einen weitergebildeten Berater.; Fußpflege, Friseur","Mahlzeiten werden in der Einrichtung zubereitet (nach Absprache): Cook-and-Chill Verfahren ; Teeküche ist für die individuelle Nutzung der Bewohner vorhanden; Spezielle Kostformen nach Absprache möglich (z. B. vegetarisch, ohne Schweinefleisch); Diätkost (z.B. Diabetiker- oder Reduktionskost); Zwischenmahlzeiten (z.B. Joghurt, Obst) zur freien Verfügung; Getränke (kalt/heiß) zur freien Verfügung; Einnahme von Mahlzeiten auf Wunsch im eigenen Zimmer möglich; Zubereitung eigener Mahlzeiten möglich; Gemeinschaftliches Mittagessen möglich",https://navigatoren.aok.de/etl/public/reports/2019/510/51081977171144-6968565caccee.pdf,0,,False,,Alle Wohn- und Gemeinschaftsflächen sind für die Bewohner und deren Angehörige in der Einrichtung barrierefrei zugänglich.,,,5,2,http://steinenbronn.altenheimat.de/,https://maps.google.com/?cid=6568906273554468333&g_mp=Cidnb29nbGUubWFwcy5wbGFjZXMudjEuUGxhY2VzLlNlYXJjaFRleHQQAhgEIAA,ChIJ-Y7BBMDnmUcR7Y0MxnNxKVs,18,Fragen zu freien Pflegeplätzen richten Sie bitte an das Haus: sst@altenheimat.de,,"44 Einzelzimmer auf zwei Stockwerken, Sieben betreute Senioren-Eigentumswohnungen im Dachgeschoss","Dauer- und Kurzzeitpflege, Pflege bei Demenz, In die Pflege integriertes Tagespflegeangebot, Betreutes Wohnen",Pflege bei Demenz,"Reges Hausleben mit vielen Angeboten für Kontakt und Begegnung, Wellness-Raum für Massagen und Wohlfühlangebote, Schönes großes Foyer, das mit angrenzendem offenem Raum für Veranstaltungen genutzt wird",Liegt zentral und gut erreichbar im Ortskern der Gemeinde Steinenbronn an der Tübinger Straße. Einladender beschützter Garten. Ein lebendiges und gut in die Gemeinde integriertes Haus.,Stiftung Evangelische Altenheimat (kirchlich/evangelisch),"Das Seniorenzentrum wurde 2010 eröffnet. 2024 erhielt das Seniorenzentrum Steinenbronn das IQD-Siegel für eine vorbildliche stationäre Pflege und Betreuung. Die Atmosphäre im Haus ist offen, familiär und herzlich. Die Räume sind in warmen mediterranen Farben gehalten. Wechselnde Kunst an den Wänden sorgt für eine ansprechende und abwechslungsreiche Gestaltung des Hauses. Engagierte Leitung und aktiver Förderverein. Die Erstausstattung wurde gefördert aus Mitteln der Deutschen Fernsehlotterie.","Melanie Rehmet, Verbund- und Einrichtungsleiterin, Tel.: 07157 52778-10, E-Mail: rehmet@altenheimat.de. Seniorenzentrum Steinenbronn, Tübinger Str. 9, 71144 Steinenbronn, Tel.: 07157 52778-0, Fax: 07157 52778-49, E-Mail: sst@altenheimat.de"
9892,Evangelische Heimstiftung Pflegewohnhaus Wittumhof,Wittumhof 2,71642,Ludwigsburg,48.908742987535,9.2223989948581,14467,07141 648370,pflegewohnhaus-wittumhof@ev-heimstiftung.de,https://www.ev-heimstiftung.de/ludwigsburg-neckarweihingen-wittumhof/,"Kurzzeitpflege, Langzeitpflege",True,"3.331,31 €",3590.5828,2555.28,1166.3028000000002,0,3331.3123000000005,2547.07,1166.3028000000002,0,3331.3123000000005,2547.07,1166.3028000000002,0,3331.3123000000005,2547.07,1166.3028000000002,0,3331.3123000000005,2547.07,1166.3028000000002,0,Pflegegrad 1: k.A.; Pflegegrad 2: k.A.; Pflegegrad 3: k.A.; Pflegegrad 4: k.A.; Pflegegrad 5: k.A.,2012,Eigene Haustiere: in Absprache der Einrichtung möglich (Kleintier); Einrichtungseigene Aufenthaltsmöglichkeiten im Freien,Internetzugang in den Bewohnerzimmern; Telefonanschluss in den Bewohnerzimmern; TV- oder Kabelanschluss in den Bewohnerzimmern; Möbelmitnahme möglich,"Wäscheversorgung (insbesondere Kleidung); Reinigung der Zimmer; Hausmeisterservice; Soziale Betreuung; Soziale Betreuung findet auf den Wohnbereichen mit Mitarbeitenden der Alltagsbegleitung statt.; Singkreis, Gottesdienste (alle Konfessionen), Gymnastiktag, Bastelgruppen (Wochenplan vorhanden; Angehörigenabend; Friseur, Fußpflege, Mode bequem","Mahlzeiten werden in der Einrichtung zubereitet (nach Absprache): Mittagessen über die Großküche; Teeküche ist für die individuelle Nutzung der Bewohner vorhanden; Spezielle Kostformen nach Absprache möglich (z. B. vegetarisch, ohne Schweinefleisch); Diätkost (z.B. Diabetiker- oder Reduktionskost); Zwischenmahlzeiten (z.B. Joghurt, Obst) zur freien Verfügung; Getränke (kalt/heiß) zur freien Verfügung; Einnahme von Mahlzeiten auf Wunsch im eigenen Zimmer möglich; Zubereitung eigener Mahlzeiten möglich; Gemeinschaftliches Mittagessen möglich",https://navigatoren.aok.de/etl/public/reports/2019/512/51281054971642-698d50fd4b33f.pdf,0,,False,,Alle Wohn- und Gemeinschaftsflächen sind für die Bewohner und deren Angehörige in der Einrichtung barrierefrei zugänglich.,,,4.6,12,https://www.ev-heimstiftung.de/ludwigsburg-neckarweihingen-wittumhof/,https://maps.google.com/?cid=15426592615741180928&g_mp=Cidnb29nbGUubWFwcy5wbGFjZXMudjEuUGxhY2VzLlNlYXJjaFRleHQQAhgEIAA,ChIJdS8Myv3RmUcRAMzqG0BEFtY,4,,"Ein Link zu 'Entgeltübersicht_PWW.pdf' ist verfügbar, aber die konkreten Preise sind nicht direkt auf der Seite angegeben.",,"Stationäre Pflege, Kurzzeitpflege, Palliative Care werden als allgemeine Leistungen der Evangelischen Heimstiftung erwähnt",Palliative Care,"Kultur & Freizeit Angebote sind vorhanden (eigener Menüpunkt), aber Details sind nicht auf der Hauptseite aufgeführt","Ludwigsburg-Neckarweihingen, Wittumhof 2, 71642 Ludwigsburg-Neckarweihingen","Evangelische Heimstiftung Württemberg GmbH - größtes diakonisches Pflegeunternehmen mit über 170 Einrichtungen in ganz Baden-Württemberg, seit 1952 tätig","Teil der starken Gemeinschaft der Evangelischen Heimstiftung mit über 170 Einrichtungen. Anspruch: 'Gute Pflege'. Motto: 'Selbstbestimmt, professionell umsorgt, voller Leben'. Ehrenamtliches Engagement ist möglich. Innovationen wie 'Sozialer Roboter Navel', digitale Lösungen, Quartiersentwicklung und Nachhaltigkeitsprogramm 'Das Grüne Segel'","Hausdirektorin: Anke Malessa
Adresse: Wittumhof 2, 71642 Ludwigsburg-Neckarweihingen
Tel.: 07141 64837-0
Fax: 07141 64837-29
E-Mail: pflegewohnhaus-wittumhof@ev-heimstiftung.de

Zentrales Gute-Pflege-Center in Stuttgart:
Telefon-Beratung (Mo - Fr 08:00 - 17:00 Uhr): 0711 95 96 97 97
Online-Beratung (jederzeit): www.onlineberatung.ev-heimstiftung.de

Hauptverwaltung:
Evangelische Heimstiftung GmbH
Hackstraße 12, 70190 Stuttgart
Telefon: (07 11) 6 36 76-0"
8424,Seniorenzentrum Haus Augustinus,Warmbronner Str. 20,71063,Sindelfingen,48.720766998345,9.0052509480269,14596,07031 416170,info@haus-augustinus-sindelfingen.de,http://www.haus-augustinus-sindelfingen.de/,Langzeitpflege,False,"3.284,08 €",3564.1174,2507.5206000000003,1187.5968,0,3284.0793000000003,2466.45,1187.5968,0,3284.0793000000003,2466.45,1187.5968,0,3284.0793000000003,2466.45,1187.5968,0,3284.0793000000003,2466.45,1187.5968,0,"Pflegegrad 1: 1 Vollzeitstelle: 4,8 Pflegebedürftige; Pflegegrad 2: 1 Vollzeitstelle: 3,7 Pflegebedürftige; Pflegegrad 3: 1 Vollzeitstelle: 2,5 Pflegebedürftige; Pflegegrad 4: 1 Vollzeitstelle: 1,9 Pflegebedürftige; Pflegegrad 5: 1 Vollzeitstelle: 1,7 Pflegebedürftige",2002,"Einrichtungseigene Aufenthaltsmöglichkeiten im Freien: großer Garten, Terrasse, Balkone, Demenzgarten; Eigene Haustiere erlaubt: Nach Absprache mit der Einrichtungsleitung. ","Telefonanschluss in den Bewohnerzimmern: Privater Anschluss z.B. über die Telekom (oder einen anderen Anbieter); TV- oder Kabelanschluss in den Bewohnerzimmern; Internetzugang in den Bewohnerzimmern: Freies WLAN in der Einrichtung, außerdem im Zimmer zus. mit einem privaten Telefonanschluss. ; Möbelmitnahme möglich","Wäscheversorgung (insbesondere Kleidung); Reinigung der Zimmer; Gedächtnistraining, Hand- und Werkarbeiten, Singen, Spielen, Gymnastik, Kochen/Backen, Gottesdienste; Information/Beratung, gemeinsame Fallbesprechungen, Mitwirkung bei Pflege und Betreuung, Angehörigenabende, gemeinsame Feste, Rückmeldemanagement u.a.; Für alle gesetzlich versicherten Bewohnerinnen und Bewohner besteht ein Beratungsangebot zur gesundheitlichen Versorgungsplanung nach § 132g SGB V durch einen weitergebildeten Berater.","Spezielle Kostformen nach Absprache möglich (z. B. vegetarisch, ohne Schweinefleisch); Diätkost (z.B. Diabetiker- oder Reduktionskost); Zwischenmahlzeiten (z.B. Joghurt, Obst) zur freien Verfügung; Getränke (kalt/heiß) zur freien Verfügung; Einnahme von Mahlzeiten auf Wunsch im eigenen Zimmer möglich; Gemeinschaftliches Mittagessen möglich; Mahlzeiten werden in der Einrichtung zubereitet (nach Absprache); Zubereitung eigener Mahlzeiten möglich; Teeküche ist für die individuelle Nutzung der Bewohner vorhanden",https://navigatoren.aok.de/etl/public/reports/2019/510/51081037371063-697193f5c8125.pdf,0,,True,Besucher jederzeit willkommen,Alle Wohn- und Gemeinschaftsflächen sind für die Bewohner und deren Angehörige in der Einrichtung barrierefrei zugänglich.,,,4.4,40,http://www.haus-augustinus-sindelfingen.de/,https://maps.google.com/?cid=13052338910473035161&g_mp=Cidnb29nbGUubWFwcy5wbGFjZXMudjEuUGxhY2VzLlNlYXJjaFRleHQQAhgEIAA,ChIJbRe36a3fmUcRmR3BthU5I7U,10,,"Die Webseite verweist auf einen Menüpunkt 'Pflegesätze', aber die konkreten Preise sind auf der Startseite nicht aufgeführt.",,"Tagespflege, Kurzzeitpflege, Wohnen und Pflege (Langzeitpflege), Beratung für Senioren und Angehörige",,"Begegnungsstätte, offener Mittagstisch, Seelsorge","Warmbronner Straße 20, 71063 Sindelfingen","Paul Wilhelm von Keppler-Stiftung (Sindelfingen) - katholische Altenhilfeträgerin, größte katholische Altenhilfeträgerin in Baden-Württemberg mit derzeit 31 Einrichtungen, auch in der Krankenpflege tätig","50 Jahre Haus Augustinus, Geprüfte Qualität, Philosophie: 'Nah am Menschen - die Basis unserer Arbeit in der Altenpflege', individuelle Berücksichtigung der persönlichen Geschichte jedes Bewohners, Vielfalt, Gesundheitsprävention in der Pflege, Tagespflege St. Paulus als zusätzliche Einrichtung","Seniorenzentrum Haus Augustinus, Warmbronner Straße 20, 71063 Sindelfingen, Telefon: 07031 416 17-0, E-Mail: haus-augustinus-sindelfingen@keppler-stiftung.de, Kontaktformular verfügbar"
8809,Alexander-Stift  Gemeindepflegehaus Korb,Hettlenweg 3,71404,Korb,48.84445194885,9.3572959468024,14636,07151/16780-0,AS-Aufnahme-Korb@alexander-stift.de,https://alexander-stift.diakonie-stetten.de/standorte/gemeindepflegehaus-korb.html,"Kurzzeitpflege, Langzeitpflege",True,"3.109,38 €",3460.6894,2444.8554000000004,1146.834,0,3109.382,2308.88,1146.834,0,3109.382,2308.88,1146.834,0,3109.382,2308.88,1146.834,0,3109.382,2308.88,1146.834,0,Pflegegrad 1: k.A.; Pflegegrad 2: k.A.; Pflegegrad 3: k.A.; Pflegegrad 4: k.A.; Pflegegrad 5: k.A.,,Einrichtungseigene Aufenthaltsmöglichkeiten im Freien; Eigene Haustiere,Telefonanschluss in den Bewohnerzimmern; TV- oder Kabelanschluss in den Bewohnerzimmern; Internetzugang in den Bewohnerzimmern; Möbelmitnahme,Einzugsgespräch in der Pflegeeinrichtung,"Mahlzeiten werden in der Einrichtung zubereitet (nach Absprache); Spezielle Kostformen nach Absprache möglich (z. B. vegetarisch, ohne Schweinefleisch); Diätkost (z.B. Diabetiker- oder Reduktionskost); Zwischenmahlzeiten (z.B. Joghurt, Obst) zur freien Verfügung; Getränke (kalt/heiß) zur freien Verfügung; Einnahme von Mahlzeiten auf Wunsch im eigenen Zimmer möglich; Zubereitung eigener Mahlzeiten möglich; Gemeinschaftliches Mittagessen möglich; Teeküche ist für die individuelle Nutzung der Bewohner vorhanden",https://navigatoren.aok.de/etl/public/reports/2019/510/51081845171404-697add3457371.pdf,2,https://navigatoren.aok.de/etl/public/images/nursing_home/image314862detail-63738b85ce81c.jpg; https://navigatoren.aok.de/etl/public/images/nursing_home/image314863detail-63738b85cf536.jpg,True,Besucher jederzeit willkommen,,Haus- und Pflegedienstleitung (),17.07.2025,3,9,https://alexander-stift.diakonie-stetten.de/standorte/gemeindepflegehaus-korb.html,https://maps.google.com/?cid=11711284358835937490&g_mp=Cidnb29nbGUubWFwcy5wbGFjZXMudjEuUGxhY2VzLlNlYXJjaFRleHQQAhgEIAA,ChIJF5lxPPXImUcR0iABSBPXhqI,9,,Preisliste verfügbar als PDF-Download (Preisliste ab 01.01.2026). Vorvertragliche Informationen verfügbar als PDF-Download (Stand 2025-01).,"3 Doppelzimmer, 33 Einzelzimmer. Zimmerausstattung: Bad, Pflegebett, Nachttisch, Kleiderschrank, TV-Kommode, Tisch und Stühle, Telefon- und Kabel-TV-Anschluss und ein Hausnotruf.",Stationäre Dauerpflege und Kurzzeitpflege,"Demenzpflege - Das Haus wird mit drei Hausgemeinschaften geführt. Durch die kleinen Einheiten und das familiäre Konzept, ist diese Betreuungsform auch in besonderer Weise für demenzerkrankte Menschen geeignet.",Freizeit- und Gemeinschaftsangebote verfügbar. Begegnungsstätte vorhanden.,Von Weinbergen umgeben liegt die Gemeinde Korb nordöstlich von Waiblingen an der Buocher Höhe am Rande des Remstals. Gemeindepflegehaus in unmittelbarer Nähe zur Ortsmitte. Einkaufsmöglichkeiten und eine Bushaltestelle sind fußläufig zu erreichen. Gesicherte Gartenanlage mit Sitzgelegenheit.,Diakonie Stetten e.V. - kirchlich/diakonischer Träger. Teil des Alexander-Stift (Alexander-Stift Dienste für Senioren gGmbH).,"39 stationäre Pflegeplätze. Hausgemeinschaften & Wohngruppen-Konzept mit drei Hausgemeinschaften. Hauseigene Küche: täglich frisch gekocht, ausgewogene Ernährung, Zwischenmahlzeiten auf Wunsch rund um die Uhr möglich. Sitzecke im Haus.","Einrichtungs- und Pflegedienstleitung: Leonardo Linardi, Telefon 07151 1678037, E-Mail: leonardo.linardi@alexander-stift.de. Adresse: Hettlenweg 3, 71404 Korb. Allgemeine Kontaktdaten: Alexander-Stift, Schlossberg 2, 71394 Kernen-Stetten, Telefon 07151 940-0, info@alexander-stift.de"
8739,Seniorenzentrum Aichwald-Schanbach,Im Lutzen 3,73773,Aichwald,48.756500979936,9.3810039244547,14856,0711 66483720,sz-aichwald@zieglersche.de,https://www.zieglersche.de/sz-aichwald,Langzeitpflege,False,"3.687,27 €",3716.8258000000005,2656.2744000000002,1191.5514,0,3687.2704,2936.14,1191.5514,0,3687.2704,2936.14,1191.5514,0,3687.2704,2936.14,1191.5514,0,3687.2704,2936.14,1191.5514,0,Pflegegrad 1: k.A.; Pflegegrad 2: k.A.; Pflegegrad 3: k.A.; Pflegegrad 4: k.A.; Pflegegrad 5: k.A.,2005,Einrichtungseigene Aufenthaltsmöglichkeiten im Freien: 2 Gartenanlagen. ; Eigene Haustiere erlaubt,Internetzugang in den Bewohnerzimmern: Im Besprechungsraum und im Foyer ja. ; Telefonanschluss in den Bewohnerzimmern; TV- oder Kabelanschluss in den Bewohnerzimmern; Möbelmitnahme möglich,"Wäscheversorgung (insbesondere Kleidung); Reinigung der Zimmer; Hausmeisterservice; Reinigung der Zimmer; Hausmeisterservice; Bunte Runde, Kraft-und Balancetraining, Ballrunde, Gedächtnistraining, Singen, Gottesdienst.; E- mail Verteiler -regelmäßige Corona Updates, Aufnahmegespräche, Kundenbefragung, Selbstreflektionsgespräche in der Integrationsphase, Beratungsgespräche; Für alle gesetzlich versicherten Bewohnerinnen und Bewohner besteht ein Beratungsangebot zur gesundheitlichen Versorgungsplanung nach § 132g SGB V durch einen weitergebildeten Berater.; Fahrtdienst zum Arzt, Begleitung zum Arzt. Entsorgung von Sperrmüll.","Mahlzeiten werden in der Einrichtung zubereitet (nach Absprache): Frühstück und Abendessen. ; Teeküche ist für die individuelle Nutzung der Bewohner vorhanden; Spezielle Kostformen nach Absprache möglich (z. B. vegetarisch, ohne Schweinefleisch); Diätkost (z.B. Diabetiker- oder Reduktionskost); Zwischenmahlzeiten (z.B. Joghurt, Obst) zur freien Verfügung; Getränke (kalt/heiß) zur freien Verfügung; Einnahme von Mahlzeiten auf Wunsch im eigenen Zimmer möglich; Zubereitung eigener Mahlzeiten möglich; Gemeinschaftliches Mittagessen möglich",https://navigatoren.aok.de/etl/public/reports/2019/510/51081733673773-693e4d52b8be2.pdf,0,,True,Besucher jederzeit willkommen,Alle Wohn- und Gemeinschaftsflächen sind für die Bewohner und deren Angehörige in der Einrichtung barrierefrei zugänglich.,,,5,6,https://www.zieglersche.de/sz-aichwald,https://maps.google.com/?cid=6174827391714499770&g_mp=Cidnb29nbGUubWFwcy5wbGFjZXMudjEuUGxhY2VzLlNlYXJjaFRleHQQAhgEIAA,ChIJpeShWF_HmUcRupx-EMxksVU,28,,"Die Kosten setzen sich zusammen aus pflegebedingten Aufwendungen, Unterkunft und Verpflegung sowie Investitionskosten. Nach dem Pflegestärkungsgesetz II zahlen alle Bewohner in den Pflegegraden 2-5 den gleichen monatlichen Betrag für die pflegebedingten Aufwendungen (einrichtungseinheitlicher Eigenanteil). Die Höhe des Investitionskostenanteils ist abhängig davon, ob man in einem Doppelzimmer oder in einem Einzelzimmer wohnt. Detaillierte Pflegesätze sind verfügbar für vollstationäre Dauerpflege, Kurzzeit-/Verhinderungspflege und Tagespflege (als PDF-Downloads verfügbar).",36 Plätze in Einzelzimmern für Dauerpflege und Kurzzeitpflegegäste. Alle Pflegezimmer sind mit einem eigenen Duschbad und WC ausgestattet. Anschlüsse für Fernseher und Telefon sind vorhanden. Es gibt auch Doppelzimmer (unterschiedliche Investitionskosten).,"Dauerpflege (vollstationäre Pflege), Kurzzeitpflege, Verhinderungspflege, Tagespflege, Stunden- und Tagesbetreuung. Aufnahme von demenziell erkrankten Menschen möglich.",Spezielle Angebote für demenziell erkrankte Bewohner. Aktivierende Pflege. Gesundheitliche Versorgungsplanung.,"Umfangreiches Freizeitprogramm mit Singen, Basteln, Konzentrations- und Bewegungsübungen, Spaziergänge, Spielen. Wöchentliche Andachten. Zwei kleine Gartenanlagen. Einbindung in das Leben der Gemeinde Aichwald.","Inmitten der Gemeinde Aichwald im Ortsteil Schanbach gelegen. Das Seniorenzentrum ist in das Gesamtkonzept der Gemeinde Aichwald eingebunden, bestehend aus Begegnungsstätte, Betreutem Wohnen und dem Pflegeheim. Zwei kleine Gartenanlagen vorhanden.",Die Zieglerschen - diakonisches Unternehmen mit Hauptsitz im oberschwäbischen Wilhelmsdorf. Gegründet vor mehr als 175 Jahren. Mitglied im Diakonischen Werk. Betreiber: Die Zieglerschen – Nord – gem. GmbH.,"Seit 2017 mit dem Prädikat 'Familienbewusstes Unternehmen' ausgezeichnet (familyNET). 20-jähriges Bestehen im Jahr 2024 gefeiert. Pflegedokumentation mit voize. Enge Zusammenarbeit mit dem Kranken- und Altenpflegeverein Aichwald. Kunstprojekt mit Bewohnerinnen durchgeführt (Dauerausstellung im Erdgeschoss). Speiseversorgung umfasst täglich vier Mahlzeiten (vegetarische Kost, diabetische Kost oder Schonkost auf Wunsch).","Seniorenzentrum Aichwald, Im Lutzen 3, 73773 Aichwald. Einrichtungsleitung: Adina Spielvogel. Verwaltung: Antje Gödrich. Telefon: 0711 664837-0. Fax: 0711 664837-11. E-Mail: über Kontaktformular verfügbar."
8418,Habila Markgröningen,Asperger Str. 51,71706,Markgröningen,48.907014955168,9.1122209845869,14867,07145 9153501,tanja.weimer@habila.de,https://www.habila.de/wohnen-assistenz/landkreis-ludwigsburg/markgr%C3%B6ningen/,"Kurzzeitpflege, Langzeitpflege",True,"3.745,11 €",3595.1458000000007,2523.0348000000004,1203.1109999999999,0,3745.1124999999997,2990.59,1203.1109999999999,0,3745.1124999999997,2990.59,1203.1109999999999,0,3745.1124999999997,2990.59,1203.1109999999999,0,3745.1124999999997,2990.59,1203.1109999999999,0,,,,,Einzugsgespräch in der Pflegeeinrichtung,Teeküche ist für die individuelle Nutzung der Bewohner vorhanden,https://navigatoren.aok.de/etl/public/reports/2019/510/51081028271706-6925ab7d0c917.pdf,1,https://navigatoren.aok.de/etl/public/images/nursing_home/image293072detail-63738b69c62da.jpg,True,Besucher jederzeit willkommen,,Antje Michaelis (),,3.8,9,https://www.habila.de/wohnen-assistenz/landkreis-ludwigsburg/markgr%C3%B6ningen/,https://maps.google.com/?cid=17274143300403646662&g_mp=Cidnb29nbGUubWFwcy5wbGFjZXMudjEuUGxhY2VzLlNlYXJjaFRleHQQAhgEIAA,ChIJT2RyHbfWmUcRxtDAM88Vuu8,71,,,"Wohn.Haus und Wohn.Gemeinschaften (residential houses and residential communities), Wohnen mit Pflege (living with care), Assistenzleistungen im Wohn- und Sozialraum (assistance services in living and social spaces), eigene Wohnung (own apartment)","Wohnen mit Pflege (living with care), Assistenzleistungen im Wohn- und Sozialraum, Unterstützende Tagesstruktur (supportive day structure), Tagesbetreuung (day care), Neurologische Langzeitpflege (neurological long-term care), Persönliches Budget (personal budget)","Menschen mit Körper- und Mehrfachbehinderung (people with physical and multiple disabilities), Menschen mit einer geistigen Behinderung (people with intellectual disabilities), Neurologische Langzeitpflege, Assistenz für Menschen mit Behinderung","Freizeit (leisure activities), Fachdienste (specialist services), Bürgerschaftliches Engagement (civic engagement), Kulturpark RT-Nord, Café im Kulturpark, Kunst (art), Saisongärten (seasonal gardens)","Zwischen Asperg und Markgröningen gelegen, durch rollstuhlgerechte Wege und regelmäßig verkehrende rollstuhlgerechte Busse sehr gut in den öffentlichen Nahverkehr eingebunden (located between Asperg and Markgröningen, very well connected to public transport with wheelchair-accessible paths and regularly running wheelchair-accessible buses)","Habila GmbH, ein Unternehmen des KVJS - Kommunalverband für Jugend und Soziales Baden-Württemberg, Bismarckstraße 72, 72072 Tübingen","Spezialisiert auf Menschen mit Körper- und Mehrfachbehinderung, rollstuhlgerechte Einrichtung, breites Spektrum an Unterstützungsformen in den Bereichen Pflege, Wohnen, Arbeiten und Assistenz, Werkstätten für Menschen mit Behinderung, Regionalbüro & Treffpunkt, Servicepoint, Assistenzagentur","Birgit Ezel, Telefon: 07145 91-53507, Telefax: 07145 91-53549, Mail an Birgit Ezel"
8455,St. Vinzenz,Auf der Heid 1,70794,Filderstadt,48.647576990077,9.1871589845774,14885,0711 7708332,hans.vogel@keppler-stiftung.de,http://www.st-vinzenz-plattenhardt.de/,Langzeitpflege,False,"3.295,57 €",3500.2354000000005,2410.1766000000002,1221.0588,0,3295.5687999999996,2440.6,1221.0588,0,3295.5687999999996,2440.6,1221.0588,0,3295.5687999999996,2440.6,1221.0588,0,3295.5687999999996,2440.6,1221.0588,0,"Pflegegrad 1: 1 Vollzeitstelle: 4,8 Pflegebedürftige; Pflegegrad 2: 1 Vollzeitstelle: 3,6 Pflegebedürftige; Pflegegrad 3: 1 Vollzeitstelle: 2,6 Pflegebedürftige; Pflegegrad 4: 1 Vollzeitstelle: 1,9 Pflegebedürftige; Pflegegrad 5: 1 Vollzeitstelle: 1,7 Pflegebedürftige",1961,"Einrichtungseigene Aufenthaltsmöglichkeiten im Freien: großer Innenhof mit Seerosen-/ Goldfischteich, (Dach-)Terrassen, geschützter Garten, Umgebung ; Eigene Haustiere erlaubt: Voraussetzung: selbstständige Versorgung, Impfung, schriftliche Zustimmung der Einrichtungsleitung",Telefonanschluss in den Bewohnerzimmern: Voraussetzung: Antrag bei der Telekom mit Angabe der Zimmernummer durch Bewohner:In / Zugehörige; TV- oder Kabelanschluss in den Bewohnerzimmern: Die Anmeldung bei der GEZ erfolgt durch Bewohner:In / Zugehörige; Internetzugang in den Bewohnerzimmern: Voraussetzung: Antrag bei der Telekom mit Angabe der Zimmernummer durch Bewohner:In / Zugehörige; Möbelmitnahme möglich: Die Zimmer sind teilmöbliert. Die Grundausstattung kann durch eigene Möbel ergänzt werden. ,"Wäscheversorgung (insbesondere Kleidung); Für die Reinigung der Kleidung unserer Bewohner:innen arbeiten wir vertrauensvoll mit externen Partnern zusammen. Wir beschäftigen eigene Mitarbeitende in zentralen Hauswirtschaftsdiensten für die Reinigung der Einrichtung und die Mahlzeitenversorgung der Bewohnerinnen und Bewohner auf den Wohnbereichen. Unser Hausmeister-Team sorgt für die Instandhaltung des Hauses, hilft bei technischen Fragestellungen und kleineren notwendigen Reparaturen; div. Sport-, Musik- und Kunstangebote, Ergo- und Arbeitstherapie, Spielestammtisch, Lesekreise, uvm.; Möglichkeit der Teilnahme an Mahlzeiten, Einbindung in Aktivitäten (Feste, Feiern, Ausflüge, Beschäftigungs- und Gruppenangebote) und Alltag ihrer Zugehörigen; Für alle gesetzlich versicherten Bewohnerinnen und Bewohner besteht ein Beratungsangebot zur gesundheitlichen Versorgungsplanung nach § 132g SGB V durch einen weitergebildeten Berater.; Zusätzliche kostenpflichtige Dienstleistungen, die durch die Einrichtung vermittelt werden und von BewohnerInnen in Anspruch genommen werden können sind: Friseur, Fußpflege, Fahr- und Betreuungsdienste außerhalb der Kassenleistung","Mahlzeiten werden in der Einrichtung zubereitet (nach Absprache): vielfältiges Getränke- und Speisenangebot aus unserer hauseigenen Küche; Teeküche ist für die individuelle Nutzung der Bewohner vorhanden; Spezielle Kostformen nach Absprache möglich (z. B. vegetarisch, ohne Schweinefleisch); Diätkost (z.B. Diabetiker- oder Reduktionskost); Zwischenmahlzeiten (z.B. Joghurt, Obst) zur freien Verfügung; Getränke (kalt/heiß) zur freien Verfügung; Einnahme von Mahlzeiten auf Wunsch im eigenen Zimmer möglich; Zubereitung eigener Mahlzeiten möglich; Gemeinschaftliches Mittagessen möglich",https://navigatoren.aok.de/etl/public/reports/2019/510/51081105670794-6925afdfde03d.pdf,0,,False,,Alle Wohn- und Gemeinschaftsflächen sind für die Bewohner und deren Angehörige in der Einrichtung barrierefrei zugänglich.,,,4.2,10,http://www.st-vinzenz-plattenhardt.de/,https://maps.google.com/?cid=13153757765222109020&g_mp=Cidnb29nbGUubWFwcy5wbGFjZXMudjEuUGxhY2VzLlNlYXJjaFRleHQQAhgEIAA,ChIJfzdhAk3omUcRXI-Z8f6Ii7Y,50,,,,"Fachpflege für Menschen mit Demenz, Gerontopsychiatrisch-palliative Fachpflege, Sozialpsychiatrische Fachpflege, Sozialpsychiatrisch betreutes Wohnangebot","Geronto- und sozialpsychiatrische Wohn-, Pflege- und Betreuungsmöglichkeiten für jüngere und ältere Personen. Über 50jährige Tradition in diesem Bereich. Demenzpflege, Palliativpflege, Psychiatrische Pflege.","Sozialdienst, Beschäftigungs- und Therapieangebot, Seelsorge, Hauswirtschaft, treffuhlberg25","Auf der Heid 1, 70794 Filderstadt","Paul Wilhelm von Keppler-Stiftung (Sindelfingen) - kirchlicher Träger, in Baden-Württemberg mit derzeit 31 Einrichtungen einer der großen Dienstleister in der Altenhilfe und Krankenpflege","Über 50jährige Tradition, professionell in christlicher Tradition, am Puls der Zeit. Breite Vielfalt von Angeboten auf persönliche Bedürfnisse, Gewohnheiten und Wünsche abgestimmt.","Telefon: 0711 770 83 - 0, E-Mail: st-vinzenz-filderstadt@keppler-stiftung.de, Adresse: Wohn- und Pflegezentrum St. Vinzenz, Auf der Heid 1, 70794 Filderstadt"
8682,St. Vinzenz Demenz-Bereich,Auf der Heid 1,70794,Filderstadt,48.647576990077,9.1871589845774,14885,0711 7708332,hans.vogel@keppler-stiftung.de,http://www.st-vinzenz-plattenhardt.de/,Langzeitpflege,False,"4.608,79 €",4323.400600000001,3197.4462000000003,1256.9544,0,4608.7934000000005,3943.34,1256.9544,0,4608.7934000000005,3943.34,1256.9544,0,4608.7934000000005,3943.34,1256.9544,0,4608.7934000000005,3943.34,1256.9544,0,Pflegegrad 1: k.A.; Pflegegrad 2: k.A.; Pflegegrad 3: k.A.; Pflegegrad 4: k.A.; Pflegegrad 5: k.A.,,Einrichtungseigene Aufenthaltsmöglichkeiten im Freien; Eigene Haustiere,Telefonanschluss in den Bewohnerzimmern; TV- oder Kabelanschluss in den Bewohnerzimmern; Internetzugang in den Bewohnerzimmern; Möbelmitnahme,,"Mahlzeiten werden in der Einrichtung zubereitet (nach Absprache); Spezielle Kostformen nach Absprache möglich (z. B. vegetarisch, ohne Schweinefleisch); Diätkost (z.B. Diabetiker- oder Reduktionskost); Zwischenmahlzeiten (z.B. Joghurt, Obst) zur freien Verfügung; Getränke (kalt/heiß) zur freien Verfügung; Einnahme von Mahlzeiten auf Wunsch im eigenen Zimmer möglich; Zubereitung eigener Mahlzeiten möglich; Gemeinschaftliches Mittagessen möglich; Teeküche ist für die individuelle Nutzung der Bewohner vorhanden",https://navigatoren.aok.de/etl/public/reports/2019/510/51081635770794-688c1f7d8fc07.pdf,0,,False,,,,,4.2,10,http://www.st-vinzenz-plattenhardt.de/,https://maps.google.com/?cid=13153757765222109020&g_mp=Cidnb29nbGUubWFwcy5wbGFjZXMudjEuUGxhY2VzLlNlYXJjaFRleHQQAhgEIAA,ChIJfzdhAk3omUcRXI-Z8f6Ii7Y,50,,,,,,,,,,
9908,ASB Markgröninger Sonnenhof,Asperger Str. 42,71706,Markgröningen,48.904579950032,9.0948959861859,15102,0711 95484823,rezeption.sonnenhof@asb-stuttgart.de,https://www.asb-stuttgart.de/Pflegeheime/pflegezentrum-markgr%C3%B6ninger-sonnenhof,"Kurzzeitpflege, Langzeitpflege",True,"3.162,83 €",3508.4488,2470.7124,1168.7364000000002,0,3162.8278999999998,2345.99,1168.7364000000002,0,3162.8278999999998,2345.99,1168.7364000000002,0,3162.8278999999998,2345.99,1168.7364000000002,0,3162.8278999999998,2345.99,1168.7364000000002,0,"Pflegegrad 1: 1 Vollzeitstelle: 4,5 Pflegebedürftige; Pflegegrad 2: 1 Vollzeitstelle: 3,5 Pflegebedürftige; Pflegegrad 3: 1 Vollzeitstelle: 2,5 Pflegebedürftige; Pflegegrad 4: 1 Vollzeitstelle: 1,9 Pflegebedürftige; Pflegegrad 5: 1 Vollzeitstelle: 1,8 Pflegebedürftige",2012,Einrichtungseigene Aufenthaltsmöglichkeiten im Freien; Eigene Haustiere erlaubt: nach Absprache,Telefonanschluss in den Bewohnerzimmern; TV- oder Kabelanschluss in den Bewohnerzimmern; Internetzugang in den Bewohnerzimmern: W-Lan; Möbelmitnahme möglich,"Wäscheversorgung (insbesondere Kleidung); Gedächtnistraining, Gymnastik, Bingo, Singen, Sturzprophylaxe etc.; Angehörigenabende, Teilnahme an Feiern; Hausmeisterservice, Begleitservice, Friseur, Fußpflege","Diätkost (z.B. Diabetiker- oder Reduktionskost); Teeküche ist für die individuelle Nutzung der Bewohner vorhanden; Mahlzeiten werden in der Einrichtung zubereitet (nach Absprache): Mittagessen vom Caterer im Cook&Chill-Verfahren; Spezielle Kostformen nach Absprache möglich (z. B. vegetarisch, ohne Schweinefleisch); Zwischenmahlzeiten (z.B. Joghurt, Obst) zur freien Verfügung; Getränke (kalt/heiß) zur freien Verfügung; Einnahme von Mahlzeiten auf Wunsch im eigenen Zimmer möglich; Zubereitung eigener Mahlzeiten möglich; Gemeinschaftliches Mittagessen möglich",https://navigatoren.aok.de/etl/public/reports/2019/512/51281073271706-698ea373888f1.pdf,3,https://navigatoren.aok.de/etl/public/images/nursing_home/image547332detail-63738bc20686f.jpg; https://navigatoren.aok.de/etl/public/images/nursing_home/image547333detail-63738bc2075e7.jpg; https://navigatoren.aok.de/etl/public/images/nursing_home/image547334detail-63738bc208341.jpg,False,,Alle Wohn- und Gemeinschaftsflächen sind für die Bewohner und deren Angehörige in der Einrichtung barrierefrei zugänglich.,,,3.5,8,https://www.asb-stuttgart.de/Pflegeheime/pflegezentrum-markgr%C3%B6ninger-sonnenhof,https://maps.google.com/?cid=3808847478069407122&g_mp=Cidnb29nbGUubWFwcy5wbGFjZXMudjEuUGxhY2VzLlNlYXJjaFRleHQQAhgEIAA,ChIJVzqDArfWmUcRki345Zm-2zQ,18,,,"75 Einzelzimmer mit eigenem Bad. Ausstattung: Pflegebett, Nachttisch, Kleiderschrank, Garderobe, Schwesternruf/Notrufanlage, TV-Kabelanschluss, Telefonanschluss, Tisch und 2 Stühle, WLAN",Pflege- und Betreuungsleistungen werden auf persönliche Bedürfnisse zugeschnitten,,"Spiele, Gedächtnistraining, Erinnerungspflege, Musikaktivierung, Gymnastik, Zeitung lesen, Basteln, gemeinsames Singen, jahreszeitliche Begleitung, Feiern von Weihnachten, Ostern und Geburtstagen","Am Ortsrand in direkter Nähe zum historischen Ortskern von Markgröningen. REWE-Markt in unmittelbarer Umgebung. Grenzt an weitläufige Felder, die zum Spazierengehen einladen, und an ein neu entstehendes Wohngebiet. Anbindung an öffentliche Verkehrsmittel vorhanden.",Arbeiter-Samariter-Bund Baden-Württemberg e.V. Region Stuttgart (ASB Stuttgart),"Eröffnung 2013. 5 Wohnbereiche. Fokus auf höchstmögliche Eigenständigkeit verbunden mit Sicherheit der Rundumversorgung. Individuelle Lebensgeschichte, Vorlieben und Gewohnheiten der Bewohner stehen im Mittelpunkt.","Pflegezentrum Markgröninger Sonnenhof, Asperger Straße 42, 71706 Markgröningen. Telefon: (07145) 804370, Fax: (07145) 80437499, E-Mail: rezeption.sonnenhof@asb-stuttgart.de. Einrichtungsleitung: Janine Kerler"
8548,Pflegeheim Haus Eichholzgärten,Obere Vorstadt 99,71063,Sindelfingen,48.718242149013,8.9975627166678,15226,07031 801089,,http://www.wssrk.de/leben-im-alter/alten-und-pflegeheim-haus-eichholzgarten/,Langzeitpflege,False,"2.954,99 €",3239.8402,2248.3422000000005,1122.498,0,2954.9875,2155.87,1122.498,0,2954.9875,2155.87,1122.498,0,2954.9875,2155.87,1122.498,0,2954.9875,2155.87,1122.498,0,,,,,Fahr- und Begleitdienste; Radio; Einzugsgespräch in der Pflegeeinrichtung; Friseur; Pediküre (Fußpflege); Maniküre (Handpflege); Rollstuhltransporte,Teeküche ist für die individuelle Nutzung der Bewohner vorhanden,https://navigatoren.aok.de/etl/public/reports/2019/510/51081275271063-695ddef079f35.pdf,4,https://navigatoren.aok.de/etl/public/images/nursing_home/image281871detail-63738b572b01b.jpg; https://navigatoren.aok.de/etl/public/images/nursing_home/image281872detail-63738b572c238.jpg; https://navigatoren.aok.de/etl/public/images/nursing_home/image281873detail-63738b572cefa.jpg; https://navigatoren.aok.de/etl/public/images/nursing_home/image281874detail-63738b572dc37.jpg,True,Besucher jederzeit willkommen,,Sabrina Kirchner (),02.02.2024,4.4,7,http://www.wssrk.de/leben-im-alter/alten-und-pflegeheim-haus-eichholzgarten/,https://maps.google.com/?cid=13996715347891305703&g_mp=Cidnb29nbGUubWFwcy5wbGFjZXMudjEuUGxhY2VzLlNlYXJjaFRleHQQAhgEIAA,ChIJqfBAmsfgC0ER57xRfXNSPsI,5,,Die detaillierten Kosten für die Einrichtung stellen wir Ihnen gerne bei Anfrage zur Verfügung.,,"96 stationäre Bewohnerplätze sowie Kurzzeitpflegeplätze auf den drei Wohnbereichen Sommerhofen, Pfarrwiesen und Eschenried",,Sorgsam vorbereitete Kaffeenachmittage durch unser Betreuungsteam und engagierte Ehrenamtliche. Veranstaltungsplan für 2026 verfügbar.,"Idyllisch und ruhig am Rand von Sindelfingen inmitten einer Parkanlage gelegen, bietet das Haus Eichholzgärten, aufgrund der guten Anbindung an den öffentlichen Nahverkehr, ein vielfältiges und aktives Alltagsleben für unsere Bewohner.",Württembergische Schwesternschaft vom Roten Kreuz e.V. (WSSRK) - Traditionshaus der Rotkreuzschwesternschaft,Bereits seit den 1960er Jahren in Sindelfingen ansässig und genießt großes Ansehen und Vertrauen in der Bevölkerung. Die Basis des Handelns bilden die sieben berufsethischen Grundsätze der internationalen Rotkreuz- und Rothalbmondbewegung. Vielfältige liebevolle Details wie saisonal wechselnde Dekoration im Foyer. Bewohner sind Teil einer Gemeinschaft.,"Haus Eichholzgärten, Heimleitung Sabrina Kirchner, Telefon: +49 (0)7031 2833-101, E-Mail: sabrina.kirchner@wssrk.de, Adresse: Obere Vorstadt 99, 71063 Sindelfingen, Zentrale: +49 (0)7031 2833-0, E-Mail: heg@wssrk.de"
8579,Pflegestift Luitgardheim,Luitgardstr. 4,71384,Weinstadt,48.80887698619,9.3861879222963,15277,0711 268790,Pflegestift.Luitgardheim@udfm.de,https://dienste-fuer-menschen.de/pflege/beutelsbach/pflegestift-luitgardheim.html,"Kurzzeitpflege, Langzeitpflege",True,"3.273,11 €",3531.8722000000002,2513.9088,1148.9634,0,3273.1134,2499,1148.9634,0,3273.1134,2499,1148.9634,0,3273.1134,2499,1148.9634,0,3273.1134,2499,1148.9634,0,"Pflegegrad 1: 1 Vollzeitstelle: 4,5 Pflegebedürftige; Pflegegrad 2: 1 Vollzeitstelle: 4,2 Pflegebedürftige; Pflegegrad 3: 1 Vollzeitstelle: 2,8 Pflegebedürftige; Pflegegrad 4: 1 Vollzeitstelle: 2,1 Pflegebedürftige; Pflegegrad 5: 1 Vollzeitstelle: 1,9 Pflegebedürftige",,Einrichtungseigene Aufenthaltsmöglichkeiten im Freien; Eigene Haustiere erlaubt: Gerne - aber bitte mit Rücksprache,"Telefonanschluss in den Bewohnerzimmern; TV- oder Kabelanschluss in den Bewohnerzimmern; Internetzugang in den Bewohnerzimmern: Wir haben ein Gäste WLAN und leiten die Nutzung von Skype an.; Möbelmitnahme möglich: Die Grundausstattung mit Pflegebett, Schrank, Nachttisch für einen sofortigen Einzug ist vorhanden.","Wäscheversorgung (insbesondere Kleidung); Wir haben Fachleute für Hausreinigung, Haustechnik und die Betreuungsteams vor Ort.; Wir arbeiten nach einer Fünf-Sinne-Konzeption, insbesondere für Menschen mit Demenz.; Angehörige und Ehrenamt sind herzlich willkommen und ermöglichen Abendsingen, Stricken oder Skat spielen - ganz nach Erfahrung und Möglichkeit.; Wir vermitteln gerne Friseur und Fußpflege.","Mahlzeiten werden in der Einrichtung zubereitet (nach Absprache): Unsere Speisen werden täglich frisch gekocht.; Zubereitung eigener Mahlzeiten möglich; Teeküche ist für die individuelle Nutzung der Bewohner vorhanden; Spezielle Kostformen nach Absprache möglich (z. B. vegetarisch, ohne Schweinefleisch); Diätkost (z.B. Diabetiker- oder Reduktionskost); Zwischenmahlzeiten (z.B. Joghurt, Obst) zur freien Verfügung; Getränke (kalt/heiß) zur freien Verfügung; Einnahme von Mahlzeiten auf Wunsch im eigenen Zimmer möglich; Gemeinschaftliches Mittagessen möglich",https://navigatoren.aok.de/etl/public/reports/2019/510/51081355971384-6943698e5a5b7.pdf,1,https://navigatoren.aok.de/etl/public/images/nursing_home/image283921detail-63738b5a02133.jpg,True,Besucher jederzeit willkommen,Alle Wohn- und Gemeinschaftsflächen sind für die Bewohner und deren Angehörige in der Einrichtung barrierefrei zugänglich.,,,5,1,https://dienste-fuer-menschen.de/pflege/beutelsbach/pflegestift-luitgardheim.html,https://maps.google.com/?cid=8154362157826324665&g_mp=Cidnb29nbGUubWFwcy5wbGFjZXMudjEuUGxhY2VzLlNlYXJjaFRleHQQAhgEIAA,ChIJ39473-_HmUcRuTggyy0dKnE,13,,,45 Pflegeplätze in großzügigen Einzelzimmern mit Bad,"Kurzzeitpflege, Palliativpflege (Spezialisierte Ambulante Palliativversorgung - SAPV), Sterbebegleitung","Palliativpflege und Sterbebegleitung - Die Sorge um schwer kranke und sterbende Menschen und ihrer Angehörigen leitet unsere Mitarbeiterinnen und Mitarbeiter in der Pflege. Enge Zusammenarbeit mit palliativ ausgebildeten Ärzten, Pfarrerinnen und Pfarrern, Hospizdiensten und der Spezialisierten Ambulanten Palliativversorgung (SAPV).","Veranstaltungen, Gottesdienste, offener Mittagstisch, Hüttengaudi (23. Februar - 1. März 2026)",Das Pflegestift Luitgardheim liegt im historisch gewachsenen Weinstädter Ortsteil Beutelsbach. Zentrumsnahe Lage ermöglicht gute Anbindung für Bewohner und Angehörige.,Dienste für Menschen (diakonischer Träger),Energetisch saniertes Haus mit besonders umweltfreundlichen Baumaterialien. Zimmer können mit persönlichen Lieblingsstücken ergänzt werden. Familiäre Geborgenheit wird mit hoch qualifizierter Versorgung durch Fachpersonal verbunden. Kompetentes Mitarbeiterteam. Fortbildungen zur Pflege bei Demenz (Beziehungen fördern). Nachhaltigkeitsorientierung des Trägers.,"Pflegedienstleitung: Zekija Kijamet, Telefon: 07151 997 00-0, E-Mail: ZKijamet@udfm.de, Adresse: Luitgardstrasse 4, 71384 Beutelsbach"
8879,Walter und Emilie Räuchle-Stift,Kelterplatz 7,71642,Ludwigsburg,48.908983999226,9.2659079973291,15462,07144 887560,raeuchle-stift@ev-heimstiftung.de,https://www.ev-heimstiftung.de/ludwigsburg-poppenweiler-walter-und-emilie-raeuchle-stift/,"Kurzzeitpflege, Langzeitpflege",True,"3.608,45 €",3758.197,2697.3414000000002,1191.8556,0,3608.4481000000005,2843.05,1191.8556,0,3608.4481000000005,2843.05,1191.8556,0,3608.4481000000005,2843.05,1191.8556,0,3608.4481000000005,2843.05,1191.8556,0,"Pflegegrad 1: 1 Vollzeitstelle: 4,4 Pflegebedürftige; Pflegegrad 2: 1 Vollzeitstelle: 3,4 Pflegebedürftige; Pflegegrad 3: 1 Vollzeitstelle: 2,4 Pflegebedürftige; Pflegegrad 4: 1 Vollzeitstelle: 1,8 Pflegebedürftige; Pflegegrad 5: 1 Vollzeitstelle: 1,7 Pflegebedürftige",2010,Einrichtungseigene Aufenthaltsmöglichkeiten im Freien; Eigene Haustiere erlaubt: Einzelfallentscheidung der Hausdirektion,Internetzugang in den Bewohnerzimmern; Telefonanschluss in den Bewohnerzimmern; TV- oder Kabelanschluss in den Bewohnerzimmern; Möbelmitnahme möglich,"Wäscheversorgung (insbesondere Kleidung); Reinigung der Zimmer; Einzugsgespräch in der Pflegeeinrichtung; Angebot laut Wochenplan (Kochen, Backen, Singen, Andacht, Plaudertisch, Gedächtnistraining, usw.); Angehörigenabende, Feste und Feierlichkeiten, keine festen Besuchszeiten (Besuche jederzeit möglich, ebenso Übernachtung in Kriesen-Situationen möglich), Möglichkeit der Teilnahme an Mahlzeiten; Friseur, Fußpflege, Podologie","Mahlzeiten werden in der Einrichtung zubereitet (nach Absprache): Mittagessen wird regeneriert, die anderen Mahlzeiten werden in der Einrichtung zubereitet.; Zubereitung eigener Mahlzeiten möglich; Teeküche ist für die individuelle Nutzung der Bewohner vorhanden; Spezielle Kostformen nach Absprache möglich (z. B. vegetarisch, ohne Schweinefleisch); Diätkost (z.B. Diabetiker- oder Reduktionskost); Zwischenmahlzeiten (z.B. Joghurt, Obst) zur freien Verfügung; Getränke (kalt/heiß) zur freien Verfügung; Einnahme von Mahlzeiten auf Wunsch im eigenen Zimmer möglich; Gemeinschaftliches Mittagessen möglich",https://navigatoren.aok.de/etl/public/reports/2019/510/51081961371642-697da7b75cdc0.pdf,0,,True,Besucher jederzeit willkommen,Alle Wohn- und Gemeinschaftsflächen sind für die Bewohner und deren Angehörige in der Einrichtung barrierefrei zugänglich.,,,3.9,7,https://www.ev-heimstiftung.de/ludwigsburg-poppenweiler-walter-und-emilie-raeuchle-stift/,https://maps.google.com/?cid=6570882847529647798&g_mp=Cidnb29nbGUubWFwcy5wbGFjZXMudjEuUGxhY2VzLlNlYXJjaFRleHQQAhgEIAA,ChIJz-lnzHnOmUcRtj62wyJ3MFs,10,,Entgeltübersicht verfügbar als PDF-Download (Entgeltuebersicht_WERS.pdf). Konkrete Preise sind auf der Hauptseite nicht angegeben.,,"Stationäre Pflege, Kurzzeitpflege, Tagespflege, Ambulante Pflege, Palliative Care werden im Menü der Evangelischen Heimstiftung aufgeführt. Betreutes Wohnen ist ebenfalls verfügbar.",Palliative Care wird als Pflegeangebot erwähnt.,Kultur & Freizeit Angebote vorhanden. Café in der Einrichtung. Ehrenamtliche Angebote und Betreuung werden erwähnt.,"Ludwigsburg-Poppenweiler, Kelterplatz 7, 71642 Ludwigsburg-Poppenweiler","Evangelische Heimstiftung Württemberg GmbH - größtes diakonisches Pflegeunternehmen, seit 1952 tätig, mit über 170 Einrichtungen in ganz Baden-Württemberg","Teil der starken Gemeinschaft der Evangelischen Heimstiftung mit über 170 Einrichtungen. Diakonisches Profil. Motto: 'Selbstbestimmt, professionell umsorgt, voller Leben'. Zentrales Gute-Pflege-Center für Beratung. Café in der Einrichtung. Freiwilliges Engagement möglich. Innovationen in den Bereichen Digital (Sozialer Roboter Navel, Start-ups), Sozial (Quartiersentwicklung) und Nachhaltig (Das Grüne Segel).","Hausdirektorin: Anke Malessa
Adresse: Kelterplatz 7, 71642 Ludwigsburg-Poppenweiler
Telefon: 07144 887 56-0
Fax: 07144 887 56-29
E-Mail: raeuchle-stift@ev-heimstiftung.de

Zentrales Gute-Pflege-Center:
Telefon-Beratung: 0711 95 96 97 97 (Mo-Fr 08:00-17:00 Uhr)
Online-Beratung: www.onlineberatung.ev-heimstiftung.de"
8525,Wilhelmine-Canz-Zentrum,Grunbacher Str. 2-6,71384,Weinstadt,48.81678796935,9.3888229505192,15662,07151 96340,wcz@grossheppacher-schwesternschaft.de,http://www.grossheppacher-schwesternschaft.de/wohn-und-pflegestift.html,"Kurzzeitpflege, Langzeitpflege",True,"3.552,81 €",3602.4466,2536.7238,1196.7228000000002,0,3552.8123000000005,2771.87,1196.7228000000002,0,3552.8123000000005,2771.87,1196.7228000000002,0,3552.8123000000005,2771.87,1196.7228000000002,0,3552.8123000000005,2771.87,1196.7228000000002,0,Pflegegrad 1: k.A.; Pflegegrad 2: k.A.; Pflegegrad 3: k.A.; Pflegegrad 4: k.A.; Pflegegrad 5: k.A.,1994,Eigene Haustiere; Einrichtungseigene Aufenthaltsmöglichkeiten im Freien: Wir haben eine sehr schöne und großzügige Außenanlage mit einem kleinen Teich. ,"Telefonanschluss in den Bewohnerzimmern; TV- oder Kabelanschluss in den Bewohnerzimmern; Internetzugang in den Bewohnerzimmern: in unseren sog. Komfortzimmer gehört dies dazu. ; Möbelmitnahme möglich: Das wird von uns konzeptionell gewünscht. Man soll hier ""Zuhause"" sein. ","Wäscheversorgung (insbesondere Kleidung); Reinigung der Zimmer; Hausmeisterservice; Soziale Betreuung; Soz. Betreuung gehört zur tägl. Arbeit aller MA. Zusätzlich kommen ehrenamtliche Personen , bieten Gruppenangebote an und berichten von der Welt; Wäscheversorgung (insbesondere Kleidung); Reinigung der Zimmer; Hausmeisterservice; Soziale Betreuung; Es stehen nahezu Tägl. unterschiedliche Gruppenangebote zur Verfügung; Gerne könne Angehörige sich nach ihren Interessen und Möglichkeiten einbringen.; Hier besteht eine schriftliche Übersicht die ausgehändigt wird und mündlich erläutert.","Spezielle Kostformen nach Absprache möglich (z. B. vegetarisch, ohne Schweinefleisch); Diätkost (z.B. Diabetiker- oder Reduktionskost); Zwischenmahlzeiten (z.B. Joghurt, Obst) zur freien Verfügung; Getränke (kalt/heiß) zur freien Verfügung; Einnahme von Mahlzeiten auf Wunsch im eigenen Zimmer möglich; Gemeinschaftliches Mittagessen möglich; Mahlzeiten werden in der Einrichtung zubereitet (nach Absprache): Das Essen wird ca. 2 km entfernt im Mutterhaus zubereitet und uns just in Time geliefert.; Zubereitung eigener Mahlzeiten möglich; Teeküche ist für die individuelle Nutzung der Bewohner vorhanden",https://navigatoren.aok.de/etl/public/reports/2019/510/51081222871384-695f23d4a1aa7.pdf,0,,False,,Alle Wohn- und Gemeinschaftsflächen sind für die Bewohner und deren Angehörige in der Einrichtung barrierefrei zugänglich.,,,3.7,18,http://www.grossheppacher-schwesternschaft.de/wohn-und-pflegestift.html,https://maps.google.com/?cid=9420888891716512585&g_mp=Cidnb29nbGUubWFwcy5wbGFjZXMudjEuUGxhY2VzLlNlYXJjaFRleHQQAhgEIAA,ChIJc14oNOPHmUcRSasvc4i4vYI,40,,,,"Stationäre Pflege, Betreutes Wohnen",,Aktivitäten und soziale Betreuung werden angeboten (Details auf Unterseite verfügbar),"Grunbacher Str. 2-6, 71384 Weinstadt-Großheppach","Stiftung Großheppacher Schwesternschaft - Kirchliche Stiftung bürgerlichen Rechts, christlich-diakonische Ausrichtung",Christlich-diakonische Haltung der Stiftung Großheppacher Schwesternschaft ist spürbar. Zugewandter und wertschätzender Umgang prägen die Atmosphäre. Bewohner können ihre Vorlieben und Gewohnheiten beibehalten. Geistliches Leben und Seelsorge werden angeboten.,"Telefon: 07151 9634-0, Telefax: 07151 9634-400, E-Mail: wcz@grossheppacher-schwesternschaft.de, Website: www.wohn-pflegestift-grossheppach.de, Adresse: Grunbacher Str. 2-6, 71384 Weinstadt-Großheppach, Postfach 1124, 71365 Weinstadt"
8178,Haus Albblick,Rechbergstr. 16,70794,Filderstadt,48.648688972184,9.2534459388871,15664,0711 25244590,info@wgfs.de,http://www.wgfs.de/,"Kurzzeitpflege, Langzeitpflege",True,"2.914,33 €",3214.8958000000007,2313.4410000000003,1032.4548,0,2914.3293,2213.97,1032.4548,0,2914.3293,2213.97,1032.4548,0,2914.3293,2213.97,1032.4548,0,2914.3293,2213.97,1032.4548,0,,,,,,Teeküche ist für die individuelle Nutzung der Bewohner vorhanden,https://navigatoren.aok.de/etl/public/reports/2019/510/51080163570794-697193f2b742a.pdf,0,,False,,,,,4.9,22,http://www.wgfs.de/,https://maps.google.com/?cid=7227658766966179907&g_mp=Cidnb29nbGUubWFwcy5wbGFjZXMudjEuUGxhY2VzLlNlYXJjaFRleHQQAhgEIAA,ChIJ_VB5hSLqmUcRQ8jB0lrNTWQ,8,,,,,,,,,,
9954,HAUS ELIM Bittenfeld,Gumpenstr. 2,71336,Waiblingen,48.891473322863,9.3176611984887,15767,07195 919020,info@haus-elim.org,https://www.haus-elim.de/standort/bittenfeld/,Langzeitpflege,False,"3.374,20 €",3590.2786000000006,2589.6546000000003,1131.6240000000003,0,3374.2045,2638.33,1131.6240000000003,0,3374.2045,2638.33,1131.6240000000003,0,3374.2045,2638.33,1131.6240000000003,0,3374.2045,2638.33,1131.6240000000003,0,,,,,,Teeküche ist für die individuelle Nutzung der Bewohner vorhanden,https://navigatoren.aok.de/etl/public/reports/2019/512/51281149271336-694dfdda6820b.pdf,3,https://navigatoren.aok.de/etl/public/images/nursing_home/image588542detail-63738bdfa6b7e.jpg; https://navigatoren.aok.de/etl/public/images/nursing_home/image588543detail-63738bdfa7a5a.jpg; https://navigatoren.aok.de/etl/public/images/nursing_home/image588544detail-63738bdfa8798.jpg,True,Besucher jederzeit willkommen,,,,5,5,https://www.haus-elim.de/standort/bittenfeld/,https://maps.google.com/?cid=17416518852564632637&g_mp=Cidnb29nbGUubWFwcy5wbGFjZXMudjEuUGxhY2VzLlNlYXJjaFRleHQQAhgEIAA,ChIJ0ZulEbTOmUcRPUQCp57ns_E,26,,,"Einzelzimmer (die Bewohner haben die Möglichkeit, sich in das eigene Einzelzimmer zurückzuziehen), 4 Betreute Wohnungen im Penthouse-Stil mit Terrassen","Dauerpflege (14 Dauerpflegeplätze), Demenzpflege (15 Demenzpflegeplätze), Kurzzeitpflege (1 Kurzzeitpflegeplatz), Tagespflege (15 beschützende Tagespflegeplätze - speziell für demente Menschen mit Weglauftendenzen ausgerichtet, steht aber auch allen anderen Interessenten offen), Betreutes Wohnen (4 Betreute Wohnungen im Penthouse-Stil)","Demenzpflege mit beschütztem Umfeld (15 Personen mit dementieller Einschränkung im Gartengeschoss), Beschützende Tagespflege speziell für demente Menschen mit Weglauftendenzen, Hausgemeinschaftskonzept für gewohntes Wohnen","Freizeit- & Gemeinschaftsangebote, Zeit in Gemeinschaft in liebevoll ausstaffierten Räumen verbringen, Nutzung des großzügigen Gartens im Innenhof mit Laufwegen","Das Haus am Löwenbrunnen in Bittenfeld, Waiblingen. Großzügiger Garten im Innenhof mit Laufwegen, Terrassen mit Blick auf den Garten und in die Umgebung (von Penthouse-Wohnungen aus), Garten oder Terrasse von Wohn- und Essbereich erreichbar",Haus Elim Alten- und Pflegeheim e.V.,"Eröffnung 2015, Hausgemeinschaftskonzept mit Gemeinschaftsküche und Dienstzimmer als Zentrum auf beiden Wohneinheiten, großzügiger Wohn- und Essbereich, Penthouse-Wohnungen mit Terrassen, beschütztes Umfeld für Menschen mit Demenz und Weglauftendenzen, großzügiger Garten im Innenhof speziell für Bewohner mit erhöhtem Bewegungsdrang, Gesundheitliche Versorgungsplanung verfügbar","Hausleitung Pflegeheim: Josef Schwarz, Telefon 07146-9925950, E-Mail: josef.schwarz@haus-elim.org

Hausleitung Tagespflege: Isabel Wiener, Telefon 07195-5887-602, E-Mail: isabel.wiener@haus-elim.org

Adresse: HAUS ELIM Bittenfeld, Gumpenstraße 2, 71336 Waiblingen
Telefon Pflegeheim: 07146-9925950
Telefon Tagespflege: 07146-992595600

Pflegeplatz vormerken: Antrag online stellen möglich"
8434,Haus Am Maienplatz,Waldburgstr. 1,71032,Böblingen,48.686828944602,9.0198349170015,15866,07031 7130,haus-am-maienplatz@ev-heimstiftung.de,https://www.ev-heimstiftung.de/boeblingen-haus-am-maienplatz/,"Kurzzeitpflege, Langzeitpflege",True,"3.232,13 €",3282.1240000000007,2270.2446000000004,1142.8794,0,3232.1284,2457.94,1142.8794,0,3232.1284,2457.94,1142.8794,0,3232.1284,2457.94,1142.8794,0,3232.1284,2457.94,1142.8794,0,Pflegegrad 1: k.A.; Pflegegrad 2: k.A.; Pflegegrad 3: k.A.; Pflegegrad 4: k.A.; Pflegegrad 5: k.A.,1969,"Einrichtungseigene Aufenthaltsmöglichkeiten im Freien: Rosengarten, eigener Garten in dem geschützten Bereich und viele Terrassen und Balkone; Eigene Haustiere erlaubt: Einzelfallentscheidung der Hausdirektion",Telefonanschluss in den Bewohnerzimmern: Die Bewohner können jederzeit einen Telefon im Zimmer installieren. ; TV- oder Kabelanschluss in den Bewohnerzimmern; Internetzugang in den Bewohnerzimmern: Zur Zeit nur mit Kabel ohne WLAN möglich.; Möbelmitnahme möglich: Das eigene Zimmer soll persönlich wie möglich eingerichtet. ,"Wäscheversorgung (insbesondere Kleidung); Die Alltagsbegleiter leisten mindestens 10 Stunden Präsenz auf der Wohngruppe.; Yoga, Sturzprophylaxe, Bunte Stunden, Backen, Spazierengehen, Bingo, Gedächtnistraining, Kunst; Teilnahme an Feste, Hausangebote, Angehörigennachmittag, Geburtstagskaffee, Austauschnachmittag mit Fachthemen: Sterbebegleitung, Demenz, Teilnahme an Malzeiten; Für alle gesetzlich versicherten Bewohnerinnen und Bewohner besteht ein Beratungsangebot zur gesundheitlichen Versorgungsplanung nach § 132g SGB V durch einen weitergebildeten Berater.; Frisör, Fußpflege, Begleitung zum Arzt, Einkaufen, Friedhof und andere Art von Begleitungen","Mahlzeiten werden in der Einrichtung zubereitet (nach Absprache): Das Mittagessen wird täglich frisch in der Einrichtung zubereitet.; Teeküche ist für die individuelle Nutzung der Bewohner vorhanden; Spezielle Kostformen nach Absprache möglich (z. B. vegetarisch, ohne Schweinefleisch); Diätkost (z.B. Diabetiker- oder Reduktionskost); Zwischenmahlzeiten (z.B. Joghurt, Obst) zur freien Verfügung; Getränke (kalt/heiß) zur freien Verfügung; Einnahme von Mahlzeiten auf Wunsch im eigenen Zimmer möglich; Zubereitung eigener Mahlzeiten möglich; Gemeinschaftliches Mittagessen möglich",https://navigatoren.aok.de/etl/public/reports/2019/510/51081058971032-697add3275f9e.pdf,0,,False,,Alle Wohn- und Gemeinschaftsflächen sind für die Bewohner und deren Angehörige in der Einrichtung barrierefrei zugänglich.,,,4.1,20,https://www.ev-heimstiftung.de/boeblingen-haus-am-maienplatz/,https://maps.google.com/?cid=7542100334439548503&g_mp=Cidnb29nbGUubWFwcy5wbGFjZXMudjEuUGxhY2VzLlNlYXJjaFRleHQQAhgEIAA,ChIJgQe0Ep7gmUcRV8afXkvsqmg,12,,Entgeltübersicht als PDF verfügbar (Entgeltuebersicht_HAM.pdf). Spezifische Preise sind auf der Übersichtsseite nicht genannt. Es gibt einen Link zu 'Kosten' für weitere Informationen.,,"Stationäre Pflege, Kurzzeitpflege, Tagespflege, Ambulante Pflege, Palliative Care, Betreuung. Zusätzlich: Betreutes Wohnen und Betreute Wohngemeinschaft verfügbar.",Palliative Care wird explizit als Pflegeangebot genannt.,Kultur & Freizeit Angebote vorhanden (eigene Sektion auf der Website). Betreuung und Begleitung werden angeboten. Freiwilliges Engagement (Ehrenamt) ist Teil des Angebots.,"Zentral gelegen am Maienplatz in Böblingen, Waldburgstraße 1, 71032 Böblingen.","Evangelische Heimstiftung GmbH - größtes diakonisches Pflegeunternehmen mit über 170 Einrichtungen in ganz Baden-Württemberg, tätig seit 1952. Hauptsitz: Hackstraße 12, 70190 Stuttgart.","Teil der starken Gemeinschaft der Evangelischen Heimstiftung. Motto: 'Gute Pflege'. Innovationen: Institut für Innovation, Pflege und Alter, Sozialer Roboter Navel, Start-ups im Einsatz, ALADIEN-Projekt. Quartiersentwicklung und Nachhaltigkeitsinitiative 'Das Grüne Segel'. Zertifizierungen und Mitgliedschaften vorhanden.","Hausdirektorin: Cosmina Halmageanu
Adresse: Waldburgstraße 1, 71032 Böblingen
Telefon: 07031 713-0
Fax: 07031 713-299
E-Mail: haus-am-maienplatz@ev-heimstiftung.de

Zentrales Gute-Pflege-Center (Beratung):
Telefon: 0711 95 96 97 97 (Mo-Fr 08:00-17:00 Uhr)
Online-Beratung: www.onlineberatung.ev-heimstiftung.de (jederzeit verfügbar)

Platz anfragen über Online-Formular möglich."
8462,Haus Laurentius,Im Hasenbühl 20,71101,Schönaich,48.660555966348,9.0653519236272,15924,07031 6340,haus-laurentius@ev-heimstiftung.de,https://www.ev-heimstiftung.de/schoenaich-haus-laurentius/,"Kurzzeitpflege, Langzeitpflege",True,"3.163,57 €",3298.855,2300.9688,1128.8862000000001,0,3163.5737,2393.75,1128.8862000000001,0,3163.5737,2393.75,1128.8862000000001,0,3163.5737,2393.75,1128.8862000000001,0,3163.5737,2393.75,1128.8862000000001,0,"Pflegegrad 1: 1 Vollzeitstelle: 4,5 Pflegebedürftige; Pflegegrad 2: 1 Vollzeitstelle: 3,5 Pflegebedürftige; Pflegegrad 3: 1 Vollzeitstelle: 2,5 Pflegebedürftige; Pflegegrad 4: 1 Vollzeitstelle: 1,9 Pflegebedürftige; Pflegegrad 5: 1 Vollzeitstelle: 1,7 Pflegebedürftige",1991,Einrichtungseigene Aufenthaltsmöglichkeiten im Freien; Eigene Haustiere erlaubt: In Abstimmung mit der Hausdirektion,Telefonanschluss in den Bewohnerzimmern; TV- oder Kabelanschluss in den Bewohnerzimmern; Internetzugang in den Bewohnerzimmern; Möbelmitnahme möglich,Wäscheversorgung (insbesondere Kleidung); Reinigung der Zimmer; Angehörige können jeder Zeit in Abstimmung an allen Aktivitäten teilnehmen oder sich hierzu einbringen.,"Spezielle Kostformen nach Absprache möglich (z. B. vegetarisch, ohne Schweinefleisch); Diätkost (z.B. Diabetiker- oder Reduktionskost); Zwischenmahlzeiten (z.B. Joghurt, Obst) zur freien Verfügung; Getränke (kalt/heiß) zur freien Verfügung; Einnahme von Mahlzeiten auf Wunsch im eigenen Zimmer möglich; Zubereitung eigener Mahlzeiten möglich; Gemeinschaftliches Mittagessen möglich; Mahlzeiten werden in der Einrichtung zubereitet (nach Absprache); Teeküche ist für die individuelle Nutzung der Bewohner vorhanden",https://navigatoren.aok.de/etl/public/reports/2019/510/51081115871101-69634e2268514.pdf,0,,False,,Alle Wohn- und Gemeinschaftsflächen sind für die Bewohner und deren Angehörige in der Einrichtung barrierefrei zugänglich.,,,4.3,6,https://www.ev-heimstiftung.de/schoenaich-haus-laurentius/,https://maps.google.com/?cid=18279418284603680128&g_mp=Cidnb29nbGUubWFwcy5wbGFjZXMudjEuUGxhY2VzLlNlYXJjaFRleHQQAhgEIAA,ChIJiSdsXT7nmUcRgCWV0hSKrf0,26,,"Entgeltübersicht (Preisübersicht) als PDF verfügbar, aber keine konkreten Zahlen auf der Hauptseite genannt",,"Stationäre Pflege, Kurzzeitpflege, Tagespflege, Ambulante Pflege, Palliative Care, Betreuung und Begleitung",Palliative Care,"Kultur & Freizeit Angebote vorhanden (Details auf Unterseite), Ehrenamtliches Engagement möglich","Schönaich, Im Hasenbühl 20, 71101 Schönaich","Evangelische Heimstiftung GmbH - größtes diakonisches Pflegeunternehmen, kirchlich/diakonisch, seit 1952, über 170 Einrichtungen in Baden-Württemberg","Teil der Evangelischen Heimstiftung mit über 170 Einrichtungen in ganz Baden-Württemberg. Innovationen: Sozialer Roboter Navel, Institut für Innovation, Pflege und Alter, Start-ups im Einsatz, Nachhaltigkeitsprogramm 'Das Grüne Segel', Quartiersentwicklung. Motto: 'Selbstbestimmt, professionell umsorgt, voller Leben'","Hausdirektor: Sascha Keller
Adresse: Im Hasenbühl 20, 71101 Schönaich
Telefon: 07031 634-0
Fax: 07031 634-444
E-Mail: haus-laurentius@ev-heimstiftung.de

Zentrales Gute-Pflege-Center:
Telefon-Beratung: 0711 95 96 97 97 (Mo-Fr 08:00-17:00 Uhr)
Online-Beratung: www.onlineberatung.ev-heimstiftung.de (jederzeit)"
8552,Altenpflegeheim Sonnenhalde,Gustav-Werner-Str. 14,71032,Böblingen,48.689908946712,9.0125339493614,16052,07031 2155,info@heim-sonnenhalde.de,http://www.heim-sonnenhalde.de/,Langzeitpflege,False,"3.447,32 €",3690.0562000000004,2603.6478,1217.4084000000003,0,3447.3154,2623.42,1217.4084000000003,0,3447.3154,2623.42,1217.4084000000003,0,3447.3154,2623.42,1217.4084000000003,0,3447.3154,2623.42,1217.4084000000003,0,Pflegegrad 1: k.A.; Pflegegrad 2: k.A.; Pflegegrad 3: k.A.; Pflegegrad 4: k.A.; Pflegegrad 5: k.A.,,Einrichtungseigene Aufenthaltsmöglichkeiten im Freien; Eigene Haustiere,Telefonanschluss in den Bewohnerzimmern; TV- oder Kabelanschluss in den Bewohnerzimmern; Internetzugang in den Bewohnerzimmern; Möbelmitnahme,,"Mahlzeiten werden in der Einrichtung zubereitet (nach Absprache); Spezielle Kostformen nach Absprache möglich (z. B. vegetarisch, ohne Schweinefleisch); Diätkost (z.B. Diabetiker- oder Reduktionskost); Zwischenmahlzeiten (z.B. Joghurt, Obst) zur freien Verfügung; Getränke (kalt/heiß) zur freien Verfügung; Einnahme von Mahlzeiten auf Wunsch im eigenen Zimmer möglich; Zubereitung eigener Mahlzeiten möglich; Gemeinschaftliches Mittagessen möglich; Teeküche ist für die individuelle Nutzung der Bewohner vorhanden",https://navigatoren.aok.de/etl/public/reports/2019/510/51081288771032-69705d7cbde8c.pdf,0,,False,,,,,4.4,41,http://www.heim-sonnenhalde.de/,https://maps.google.com/?cid=5351336358011518554&g_mp=Cidnb29nbGUubWFwcy5wbGFjZXMudjEuUGxhY2VzLlNlYXJjaFRleHQQAhgEIAA,ChIJ25RADijemUcRWr7opBDEQ0o,24,Die Webseite verweist auf eine Seite 'Freie Plätze' im Menü und unter 'Wichtige Informationen auf einen Blick'. Es gibt ein Kontaktformular mit dem Text 'Sie sind an einem freien Wohnplatz interessiert?' - die konkreten Verfügbarkeiten sind jedoch nicht direkt auf der Startseite angegeben.,Die Webseite verweist auf eine 'Preisliste' im Menü unter Service und unter 'Wichtige Informationen auf einen Blick'. Konkrete Preise sind auf der Startseite nicht angegeben.,"Keine spezifischen Informationen zu Zimmertypen auf der Startseite gefunden. Es werden 4 Wohnbereiche erwähnt (WB1, WB2, WB3, WB4) mit direkten Durchwahlen (Tel. 215-610, -620, -630, -640).","Die Webseite bietet folgende Leistungsbereiche an (laut Menü): Wohnen, Hauswirtschaft, Pflege, Betreuung, Aktivität. Spezifische Pflegeformen wie Kurzzeitpflege oder Tagespflege werden nicht explizit genannt.",Keine spezifischen Schwerpunkte wie Demenzbetreuung oder Palliativpflege werden auf der Startseite explizit genannt.,"Regelmäßige Veranstaltungen: Kreativgruppe (Montag 09:00-11:00), Sitzgymnastik mit Musik (Dienstag 10:00-11:00), Mittagessen in der Ergotherapie (Mittwoch 11:30-12:30), Gedächtnistraining (Mittwoch 15:00-17:00, 2 Gruppen), Gymnastik (Donnerstag 10:00-11:00), Kaffeekränzchen (Donnerstag 14:15-16:30), Singstunde 14-tägig (Freitag 15:00-16:00), Gottesdienst unregelmäßig (Freitag 10:00-11:00). Besondere Veranstaltungen: Faschingsveranstaltung, Erwachsenenbildung, Lesestunden, Konzerte, Frühlingsfest.","Das Heim befindet sich in Böblingen, Gustav-Werner-Straße 14, 71032 Böblingen. Im Menü gibt es einen Punkt 'Lage' für weitere Informationen.",Evang. Kirchengemeinde Böblingen (Evangelische Kirchengemeinde Böblingen). Es handelt sich um ein kirchliches/diakonisches Heim. Dekan Markus Frasch wird mit Bild erwähnt. Logos zeigen Zugehörigkeit zu Diakonie und 'bb sozial'.,Das Heim verfügt über eine Ergotherapie. Es gibt eine Mitverwaltung (im Menü erwähnt). Das Heim hat ein Leitbild und eine dokumentierte Geschichte. Es werden regelmäßige kulturelle und therapeutische Angebote durchgeführt.,"Telefon: 07031 2155 (allgemein) oder 07031 215-5. E-Mail: info@heim-sonnenhalde.de. Öffnungszeiten des Empfangs: Montag 10:00-12:00, Dienstag 10:00-12:00, Mittwoch 10:00-12:00 und 14:00-16:00, Donnerstag 10:00-12:00 und 14:00-16:00, Freitag 10:00-12:00. Direkte Durchwahlen zu Wohnbereichen: WB1 Tel. 215-610, WB2 Tel. 215-620, WB3 Tel. 215-630, WB4 Tel. 215-640. Es gibt ein Online-Bewerbungsformular und Kontaktformulare auf der Webseite."
32713,Kleeblatt Pflegeheim Tamm Länderrain,Im Länderrain 2,71732,Tamm,48.921071942101,9.1249569393591,16078,07141 207090,,http://www.kleeblatt-ggmbh.de/,Langzeitpflege,False,"3.369,76 €",3697.0528000000004,2686.3902000000003,1141.6626,0,3369.7590999999998,2621.29,1141.6626,0,3369.7590999999998,2621.29,1141.6626,0,3369.7590999999998,2621.29,1141.6626,0,3369.7590999999998,2621.29,1141.6626,0,,,,,,Teeküche ist für die individuelle Nutzung der Bewohner vorhanden,,0,,False,,,,,3.8,4,http://www.kleeblatt-ggmbh.de/,https://maps.google.com/?cid=2155803622468888338&g_mp=Cidnb29nbGUubWFwcy5wbGFjZXMudjEuUGxhY2VzLlNlYXJjaFRleHQQAhgEIAA,ChIJEyCwxKrWmUcREifCAvnz6h0,10,,,,,,,,,,
8641,HAUS ELIM Schwaikheim,Brunnenstr. 2,71409,Schwaikheim,48.876354960376,9.3500409729047,16219,07195-13780,danijela.trivunic@haus-elim.org,https://www.haus-elim.de/,Langzeitpflege,False,"3.374,20 €",3590.2786000000006,2589.6546000000003,1131.6240000000003,0,3374.2045,2638.33,1131.6240000000003,0,3374.2045,2638.33,1131.6240000000003,0,3374.2045,2638.33,1131.6240000000003,0,3374.2045,2638.33,1131.6240000000003,0,Pflegegrad 1: k.A.; Pflegegrad 2: k.A.; Pflegegrad 3: k.A.; Pflegegrad 4: k.A.; Pflegegrad 5: k.A.,,Einrichtungseigene Aufenthaltsmöglichkeiten im Freien; Eigene Haustiere,Telefonanschluss in den Bewohnerzimmern; TV- oder Kabelanschluss in den Bewohnerzimmern; Internetzugang in den Bewohnerzimmern; Möbelmitnahme,Einzugsgespräch in der Pflegeeinrichtung,"Mahlzeiten werden in der Einrichtung zubereitet (nach Absprache); Spezielle Kostformen nach Absprache möglich (z. B. vegetarisch, ohne Schweinefleisch); Diätkost (z.B. Diabetiker- oder Reduktionskost); Zwischenmahlzeiten (z.B. Joghurt, Obst) zur freien Verfügung; Getränke (kalt/heiß) zur freien Verfügung; Einnahme von Mahlzeiten auf Wunsch im eigenen Zimmer möglich; Zubereitung eigener Mahlzeiten möglich; Gemeinschaftliches Mittagessen möglich; Teeküche ist für die individuelle Nutzung der Bewohner vorhanden",https://navigatoren.aok.de/etl/public/reports/2019/510/51081555171409-698ea3687a5f8.pdf,3,https://navigatoren.aok.de/etl/public/images/nursing_home/image285272detail-63738b5e45d19.jpg; https://navigatoren.aok.de/etl/public/images/nursing_home/image285273detail-63738b5e46bc3.jpg; https://navigatoren.aok.de/etl/public/images/nursing_home/image285274detail-63738b5e47aab.jpg,True,Besucher jederzeit willkommen,,"HAUS ELIM, Alten- und Pflegeheim e.V. ()",20.11.2025,3.5,10,http://www.haus-elim.de/,https://maps.google.com/?cid=10556595886901028080&g_mp=Cidnb29nbGUubWFwcy5wbGFjZXMudjEuUGxhY2VzLlNlYXJjaFRleHQQAhgEIAA,ChIJvenELxfJmUcR8OQVJAeQgJI,7,"Auf der Webseite wird ein 'Pflegeplatz vormerken' Antrag angeboten, aber keine konkreten Informationen über aktuell verfügbare Plätze oder Wartelisten genannt.",,,"Dauerpflege, Demenzpflege, Kurzzeitpflege, Tagespflege, Betreutes Wohnen, Senioren-Bungalows","Demenzpflege, Gesundheitliche Versorgungsplanung (GVP) - Gespräche über Lebensende und Patientenverfügung, Palliative-Care","Freizeit- & Gemeinschaftsangebote werden erwähnt, Aromapflege wird angeboten. Die Webseite beschreibt 'Freizeit- & Gemeinschaftsangebote' als eigenen Menüpunkt.","10 Standorte im Rems-Murr-Kreis in Baden-Württemberg:
- Leutenbach: 'Das Haus mit großem Garten'
- Schwaikheim: 'Das Haus im Herzen des Ortes'
- Nellmersbach: 'Das Haus mit familiärem Charme'
- Erbstetten: 'Das Haus mit Wohnvielfalt'
- Auenwald: 'Das Haus zentral im Grünen'
- Bittenfeld: 'Das Haus am Löwenbrunnen'
- Winnenden: Tagespflege im Alten Krankenhaus
- Weiler zum Stein: 'Das Haus in den Schafäckern'
- Burgstall: 'Das Haus im Murrtal'
- Zentrale Tagespflege Schwaikheim",HAUS ELIM Alten- und Pflegeheim e.V. - eingetragener Verein (gemeinnützig),"- Wertschätzender, offener Umgang mit BewohnerInnen, Angehörigen und Mitarbeitenden
- Gesundheitliche Versorgungsplanung (GVP) ab sofort verfügbar - kostenlos für gesetzlich Versicherte
- Traineeprogramm für Pflegefachkräfte seit Oktober
- Aromapflege durch ausgebildete Aromaexpertin
- Motivationskonzept nach 33 Rosen für Mitarbeitende
- Probetag in der Tagespflege möglich
- Mehrere Standorte mit unterschiedlichen Charakteristiken (Garten, zentral, familiär, etc.)","Zentrale Tagespflege Schwaikheim:
Klingwiesen 3, 71409 Schwaikheim
Telefon Zentrale: 07195-977257-3
Telefon Tagespflege: 07195-977257-7

Gesundheitliche Versorgungsplanung:
Ansprechpartnerin: Annika Stadlmeir
E-Mail: gvp@haus-elim.org
Tel: 0157 87034914

Standort-spezifische Kontakte:
- Leutenbach: 07195-91902-0
- Schwaikheim: 07195-13780
- Nellmersbach: 07195-977310-0
- Erbstetten: 07191-903319-0
- Auenwald: 07191-903303-0
- Bittenfeld: 07146-9925950
- Winnenden: 07195-5887600
- Weiler zum Stein: 07195-978923-0
- Burgstall: 07195-5887602

Online-Formulare verfügbar für:
- Pflegeplatz vormerken (Vormerkantrag)
- Kontaktaufnahme
- Initiativbewerbung"
8733,Alexander-Stift  Gemeindepflegehaus Weinstadt- Schnait,Buchhaldenstr. 2,71384,Weinstadt,48.789657997929,9.4048449426007,16364,07151/98605-6,AS-Aufnahme-Schnait@alexander-stift.de,https://alexander-stift.diakonie-stetten.de/das-alexander-stift/standorte-einrichtungen.html,"Kurzzeitpflege, Langzeitpflege",True,"3.205,96 €",3564.1174,2537.0280000000002,1158.0894,0,3205.960400000001,2409.26,1158.0894,0,3205.960400000001,2409.26,1158.0894,0,3205.960400000001,2409.26,1158.0894,0,3205.960400000001,2409.26,1158.0894,0,Pflegegrad 1: k.A.; Pflegegrad 2: k.A.; Pflegegrad 3: k.A.; Pflegegrad 4: k.A.; Pflegegrad 5: k.A.,,Eigene Haustiere; Einrichtungseigene Aufenthaltsmöglichkeiten im Freien,Telefonanschluss in den Bewohnerzimmern; TV- oder Kabelanschluss in den Bewohnerzimmern; Internetzugang in den Bewohnerzimmern; Möbelmitnahme möglich,"Wäscheversorgung (insbesondere Kleidung); Reinigung der Zimmer; Hausmeisterservice; Soziale Betreuung; Einzugsgespräch in der Pflegeeinrichtung; Kraft und Balancetraining, Basteln, Singen, Biografiearbeit, Gottesdient, Vorlesen; u.a. Einladung zu Festen","Mahlzeiten werden in der Einrichtung zubereitet (nach Absprache); Zubereitung eigener Mahlzeiten möglich; Teeküche ist für die individuelle Nutzung der Bewohner vorhanden; Spezielle Kostformen nach Absprache möglich (z. B. vegetarisch, ohne Schweinefleisch); Diätkost (z.B. Diabetiker- oder Reduktionskost); Zwischenmahlzeiten (z.B. Joghurt, Obst) zur freien Verfügung; Getränke (kalt/heiß) zur freien Verfügung; Einnahme von Mahlzeiten auf Wunsch im eigenen Zimmer möglich; Gemeinschaftliches Mittagessen möglich",https://navigatoren.aok.de/etl/public/reports/2019/510/51081719871384-69549f0b5e93a.pdf,0,,True,Besucher jederzeit willkommen,Alle Wohn- und Gemeinschaftsflächen sind für die Bewohner und deren Angehörige in der Einrichtung barrierefrei zugänglich.,Haus- und Pflegedienstleitung (),14.07.2025,3.4,5,https://alexander-stift.diakonie-stetten.de/das-alexander-stift/standorte-einrichtungen.html,https://maps.google.com/?cid=3839193773826980592&g_mp=Cidnb29nbGUubWFwcy5wbGFjZXMudjEuUGxhY2VzLlNlYXJjaFRleHQQAhgEIAA,ChIJi4mqEHC4mUcR8DrZeGWORzU,8,,Ein Preisrechner ist auf der Webseite verfügbar (Link: Preisrechner im Menü),,"Dauerpflege (stationäre Langzeitpflege), Kurzzeitpflege, Demenzpflege, Betreutes Wohnen, Hausgemeinschaften & Wohngruppen",Demenzpflege - spezialisierte Betreuung für Menschen mit Demenz,Freizeit- und Gemeinschaftsangebote werden angeboten (eigener Menüpunkt auf der Webseite),"Moderner Altenhilfeträger mit insgesamt 20 Standorten in den Landkreisen Rems-Murr, Esslingen, Göppingen, Ludwigsburg und Heilbronn. Wohnortnahe Versorgung - Häuser liegen bewusst auch in ländlichen Gebieten, aber dennoch zentral, damit Bewohner*innen in ihrer gewohnten Umgebung leben können.",Diakonie Stetten e.V. - kirchlicher/diakonischer Träger. Alexander-Stift ist Teil der Diakonie Stetten.,"20 Standorte für wohnortnahe Versorgung, Hausgemeinschaften und Wohngruppen als besondere Wohnformen, Hauswirtschaftliche Betreuung (AS-Service), Ehrenamtliches Engagement möglich, Geistliches Leben wird angeboten, Ethik in der Diakonie Stetten verankert","Verwaltung: Schlossberg 2, 71394 Kernen-Stetten, Telefon 07151 940-0, E-Mail: info@alexander-stift.de. Kontaktformular auf der Webseite verfügbar für Aufnahme und Anmeldung mit Auswahl des bevorzugten Standorts. Spezifische Kontaktdaten für jeden der 20 Standorte sind auf der Webseite aufgelistet."
8676,Haus An der Aich,Hintere Seestr. 9,71111,Waldenbuch,48.63683099798,9.1338619387706,16456,07157 669880,haus-an-der-aich@ev-heimstiftung.de,https://www.ev-heimstiftung.de/waldenbuch-haus-an-der-aich/,Langzeitpflege,False,"3.237,96 €",3413.234200000001,2408.9598000000005,1135.2744,0,3237.9619,2473.75,1135.2744,0,3237.9619,2473.75,1135.2744,0,3237.9619,2473.75,1135.2744,0,3237.9619,2473.75,1135.2744,0,"Pflegegrad 1: 1 Vollzeitstelle: 4,5 Pflegebedürftige; Pflegegrad 2: 1 Vollzeitstelle: 3,5 Pflegebedürftige; Pflegegrad 3: 1 Vollzeitstelle: 2,5 Pflegebedürftige; Pflegegrad 4: 1 Vollzeitstelle: 1,9 Pflegebedürftige; Pflegegrad 5: 1 Vollzeitstelle: 1,7 Pflegebedürftige",2003,Eigene Haustiere: in Rücksprache mit der Hausdirektion; Einrichtungseigene Aufenthaltsmöglichkeiten im Freien: Ein großer Garten  mit verschiedenen Sitzmöglichkeiten.,Telefonanschluss in den Bewohnerzimmern: kann über Telefonanbieter beantragt werden. Vorinstallation ist vorhanden.; TV- oder Kabelanschluss in den Bewohnerzimmern; Internetzugang in den Bewohnerzimmern; Möbelmitnahme möglich,"Wäscheversorgung (insbesondere Kleidung); Reinigung der Zimmer; Hausmeisterservice; Soziale Betreuung; 3 mal in der Woche ist eine Kunsttherapeutin im Haus tätig.; gemeinsames Backen und Kochen, Gartentätigkeiten, Bastelangebote, Sportprogramm; Teilnahme an Veranstaltungen; Für alle gesetzlich versicherten Bewohnerinnen und Bewohner besteht ein Beratungsangebot zur gesundheitlichen Versorgungsplanung nach § 132g SGB V durch einen weitergebildeten Berater.; Fußpflege, Friseur","Spezielle Kostformen nach Absprache möglich (z. B. vegetarisch, ohne Schweinefleisch); Diätkost (z.B. Diabetiker- oder Reduktionskost); Zwischenmahlzeiten (z.B. Joghurt, Obst) zur freien Verfügung; Getränke (kalt/heiß) zur freien Verfügung; Einnahme von Mahlzeiten auf Wunsch im eigenen Zimmer möglich; Zubereitung eigener Mahlzeiten möglich; Gemeinschaftliches Mittagessen möglich; Mahlzeiten werden in der Einrichtung zubereitet (nach Absprache): Mittagessen kommt von Extern; Teeküche ist für die individuelle Nutzung der Bewohner vorhanden",https://navigatoren.aok.de/etl/public/reports/2019/510/51081623371111-68a530db4af3e.pdf,0,,False,,Alle Wohn- und Gemeinschaftsflächen sind für die Bewohner und deren Angehörige in der Einrichtung barrierefrei zugänglich.,,,5,3,https://www.ev-heimstiftung.de/waldenbuch-haus-an-der-aich/,https://maps.google.com/?cid=13223042446681519866&g_mp=Cidnb29nbGUubWFwcy5wbGFjZXMudjEuUGxhY2VzLlNlYXJjaFRleHQQAhgEIAA,ChIJeRHB4irmmUcR-jZd7Auvgbc,2,,Entgeltübersicht (Preisliste) als PDF verfügbar zum Download. Konkrete Preise nicht auf der Übersichtsseite genannt.,,"Stationäre Pflege, Kurzzeitpflege, Tagespflege, Ambulante Pflege, Palliative Care, Betreuung und Begleitung werden im Menü aufgeführt.",Palliative Care wird als Pflegeangebot genannt.,Kultur & Freizeit-Angebote vorhanden (eigene Sektion auf der Website). Betreuung und Begleitung werden angeboten.,"Waldenbuch, Hintere Seestraße 9, 71111 Waldenbuch. Das Haus trägt den Namen 'Haus an der Aich' (an einem Fluss/Bach gelegen).","Evangelische Heimstiftung GmbH - größtes diakonisches Pflegeunternehmen, seit 1952 tätig, über 170 Einrichtungen in ganz Baden-Württemberg. Kirchlich-diakonischer Träger.",Teil der starken Gemeinschaft der Evangelischen Heimstiftung mit über 170 Einrichtungen. Anspruch seit 1952: 'Gute Pflege'. Zentrales Gute-Pflege-Center für Beratung. Seelsorge-Angebot. Förderverein vorhanden. Ehrenamtliches Engagement möglich. Online-Beratung jederzeit verfügbar.,"Hausdirektorin: Ramona Neidlein
Adresse: Hintere Seestraße 9, 71111 Waldenbuch
Telefon: 07157 66988-0
Fax: 07157 66988-8
E-Mail: haus-an-der-aich@ev-heimstiftung.de

Zentrales Gute-Pflege-Center:
Telefon-Beratung (Mo-Fr 08:00-17:00 Uhr): 0711 95 96 97 97
Online-Beratung (jederzeit): www.onlineberatung.ev-heimstiftung.de

Hauptverwaltung:
Evangelische Heimstiftung GmbH
Hackstraße 12, 70190 Stuttgart
Telefon: (0711) 636 76-0"
8141,Palmscher Garten,Palmscher Garten 1,73779,Deizisau,48.713743072824,9.3833229253607,16578,07153 618930,palmscher-garten@ev-heimstiftung.de,https://www.ev-heimstiftung.de/deizisau-palmscher-garten/,"Kurzzeitpflege, Langzeitpflege",True,"3.245,66 €",3464.3398,2482.8804000000005,1112.4594,0,3245.6619,2509.65,1112.4594,0,3245.6619,2509.65,1112.4594,0,3245.6619,2509.65,1112.4594,0,3245.6619,2509.65,1112.4594,0,Pflegegrad 1: k.A.; Pflegegrad 2: k.A.; Pflegegrad 3: k.A.; Pflegegrad 4: k.A.; Pflegegrad 5: k.A.,2016,Eigene Haustiere; Einrichtungseigene Aufenthaltsmöglichkeiten im Freien,Telefonanschluss in den Bewohnerzimmern; TV- oder Kabelanschluss in den Bewohnerzimmern; Internetzugang in den Bewohnerzimmern; Möbelmitnahme möglich,"Wäscheversorgung (insbesondere Kleidung); Reinigung der Zimmer; Soziale Betreuung; Soziale Betreuung; Bewegungsangebote, Bastelangebote, Singen, Unterhaltungsnachmittage, Feste und Veranstaltungen; Gesprächsangebote, Integrationsgespräch, Teilnahme an Festen und Veranstaltungen; Für alle gesetzlich versicherten Bewohnerinnen und Bewohner besteht ein Beratungsangebot zur gesundheitlichen Versorgungsplanung nach § 132g SGB V durch einen weitergebildeten Berater.; k.a","Spezielle Kostformen nach Absprache möglich (z. B. vegetarisch, ohne Schweinefleisch); Diätkost (z.B. Diabetiker- oder Reduktionskost); Zwischenmahlzeiten (z.B. Joghurt, Obst) zur freien Verfügung; Getränke (kalt/heiß) zur freien Verfügung; Einnahme von Mahlzeiten auf Wunsch im eigenen Zimmer möglich; Gemeinschaftliches Mittagessen möglich; Mahlzeiten werden in der Einrichtung zubereitet (nach Absprache): Küche der Evangelischen Heimstiftung; Zubereitung eigener Mahlzeiten möglich; Teeküche ist für die individuelle Nutzung der Bewohner vorhanden",https://navigatoren.aok.de/etl/public/reports/2019/510/51080112373779-696084b612d99.pdf,0,,False,,Alle Wohn- und Gemeinschaftsflächen sind für die Bewohner und deren Angehörige in der Einrichtung barrierefrei zugänglich.,,,4.6,13,https://www.ev-heimstiftung.de/deizisau-palmscher-garten/,https://maps.google.com/?cid=18326789502606441071&g_mp=Cidnb29nbGUubWFwcy5wbGFjZXMudjEuUGxhY2VzLlNlYXJjaFRleHQQAhgEIAA,ChIJH00UJm-_mUcRb_o2APTVVf4,9,,Entgeltübersicht verfügbar als PDF-Download. Link zu allgemeinen Kosteninformationen vorhanden.,,"Stationäre Pflege, Kurzzeitpflege, Tagespflege, Ambulante Pflege, Palliative Care","Palliativpflege, Hospizzimmer, Palliativzimmer, Notfallzimmer","Kultur & Freizeit Angebote, Café vorhanden, Betreuung und Begleitung","Deizisau, Palmscher Garten 1, 73779 Deizisau","Evangelische Heimstiftung Württemberg GmbH - größtes diakonisches Pflegeunternehmen, seit 1952, über 170 Einrichtungen in ganz Baden-Württemberg",Teil der starken Gemeinschaft der Evangelischen Heimstiftung mit über 170 Einrichtungen. Anspruch: Gute Pflege. Ehrenamtliches Engagement möglich. Betreutes Wohnen im gleichen Komplex verfügbar. Zentrales Gute-Pflege-Center für Beratung (telefonisch und online).,"Hausdirektor: Hagen Stüber
Telefon: 07153 61893-0
Fax: 07153 618 93-114
E-Mail: palmscher-garten@ev-heimstiftung.de

Zentrales Gute-Pflege-Center:
Telefon: 0711 95 96 97 97 (Mo-Fr 08:00-17:00 Uhr)
Online-Beratung: www.onlineberatung.ev-heimstiftung.de"
8457,DRK-Pflegeheim Haus Am See,Dr. Richard-Bonz-Str. 14,71034,Böblingen,48.685546943537,9.0078639675254,16625,07031 7233,,http://www.drk-kv-boeblingen.de/,"Kurzzeitpflege, Langzeitpflege",True,"2.976,45 €",3309.1978000000004,2271.1572000000006,1169.0406,0,2976.4466,2126.36,1169.0406,0,2976.4466,2126.36,1169.0406,0,2976.4466,2126.36,1169.0406,0,2976.4466,2126.36,1169.0406,0,,,,,Einzugsgespräch in der Pflegeeinrichtung,Teeküche ist für die individuelle Nutzung der Bewohner vorhanden,https://navigatoren.aok.de/etl/public/reports/2019/510/51081110371034-6936db5d848b5.pdf,0,,True,Besucher jederzeit willkommen,,Heimleiter Herr Ljubomir Puljiz (),,3,8,http://www.drk-kv-boeblingen.de/,https://maps.google.com/?cid=1207021086672666731&g_mp=Cidnb29nbGUubWFwcy5wbGFjZXMudjEuUGxhY2VzLlNlYXJjaFRleHQQAhgEIAA,ChIJFwbyu4PgmUcRa8CHg0gzwBA,13,,,,"Altenpflege, Tagespflege (im DRK-Pflegezentrum Sindelfingen und in Holzgerlingen), Soziale Alltagsunterstützung. Es gibt eine Pflege-Platzanfrage-Funktion auf der Website.",,"In der Tagespflege: Hockey und Sitztänze (Holzgerlingen), verschiedene Programme für Gäste (Sindelfingen)","Standorte: Sindelfingen (DRK-Pflegezentrum), Holzgerlingen (Tagespflege), Kreisgeschäftsstelle und Rettungswache in Sindelfingen","DRK-Kreisverband Böblingen e.V. (Deutsches Rotes Kreuz - German Red Cross), gemeinnütziger Verein","Teil des Deutschen Roten Kreuzes. Bietet neben Altenpflege auch Hausnotruf, Rettungsdienst, Krankentransport, Rotkreuzdienste und Engagement-Möglichkeiten. Die Einrichtungen können in 3D virtuell besichtigt werden.","Website bietet Pflege-Platzanfrage unter: https://www.drk-kv-boeblingen.de/start/angebote/altenpflege/pflege-platzanfrage.html. Allgemeine Kontaktseite verfügbar. Social Media: Facebook, YouTube, Instagram vorhanden."
8632,DRK-Altenpflegeheim Seniorenzentrum Magstadt,Brunnenstr. 7,71106,Magstadt,48.742806959194,8.9620079367115,16675,07159 80440,seniorenzentrum@drkbb.org,,"Kurzzeitpflege, Langzeitpflege",True,"3.153,43 €",3525.7882000000004,2421.4320000000002,1235.3562,0,3153.4321999999997,2256.56,1235.3562,0,3153.4321999999997,2256.56,1235.3562,0,3153.4321999999997,2256.56,1235.3562,0,3153.4321999999997,2256.56,1235.3562,0,Pflegegrad 1: k.A.; Pflegegrad 2: k.A.; Pflegegrad 3: k.A.; Pflegegrad 4: k.A.; Pflegegrad 5: k.A.,1999,Eigene Haustiere; Einrichtungseigene Aufenthaltsmöglichkeiten im Freien,Internetzugang in den Bewohnerzimmern; Telefonanschluss in den Bewohnerzimmern; TV- oder Kabelanschluss in den Bewohnerzimmern; Möbelmitnahme möglich,"Wäscheversorgung (insbesondere Kleidung); Reinigung der Zimmer; Singen, Basteln, Gedächtnistraining, Malen, Backen, Gymnastik, ...","Spezielle Kostformen nach Absprache möglich (z. B. vegetarisch, ohne Schweinefleisch); Diätkost (z.B. Diabetiker- oder Reduktionskost); Zwischenmahlzeiten (z.B. Joghurt, Obst) zur freien Verfügung; Getränke (kalt/heiß) zur freien Verfügung; Einnahme von Mahlzeiten auf Wunsch im eigenen Zimmer möglich; Zubereitung eigener Mahlzeiten möglich; Gemeinschaftliches Mittagessen möglich; Mahlzeiten werden in der Einrichtung zubereitet (nach Absprache); Teeküche ist für die individuelle Nutzung der Bewohner vorhanden",https://navigatoren.aok.de/etl/public/reports/2019/510/51081538971106-693ba561746e4.pdf,0,,True,Besucher jederzeit willkommen,Alle Wohn- und Gemeinschaftsflächen sind für die Bewohner und deren Angehörige in der Einrichtung barrierefrei zugänglich.,Frau Winter (),,,0,,https://maps.google.com/?cid=10165209802098300865&g_mp=Cidnb29nbGUubWFwcy5wbGFjZXMudjEuUGxhY2VzLlNlYXJjaFRleHQQAhgEIAA,ChIJp_Jde9dhl0cRwVdjGXUUEo0,47,,,,,,,,,,
32695,Kleeblatt Pflegeheim Freiberg,Charlottenstraße 29,71691,Freiberg am Neckar,48.931434965607,9.1935299264039,16704,07141 968291,,http://www.kleeblatt-ggmbh.de/,Langzeitpflege,False,"3.369,76 €",3697.0528000000004,2686.3902000000003,1141.6626,0,3369.7590999999998,2621.29,1141.6626,0,3369.7590999999998,2621.29,1141.6626,0,3369.7590999999998,2621.29,1141.6626,0,3369.7590999999998,2621.29,1141.6626,0,,,,,,Teeküche ist für die individuelle Nutzung der Bewohner vorhanden,https://navigatoren.aok.de/etl/public/reports/2019/510/51081111471691-6829704271d0f.pdf,0,,False,,,,,5,3,http://www.kleeblatt-ggmbh.de/,https://maps.google.com/?cid=5518300214246618006&g_mp=Cidnb29nbGUubWFwcy5wbGFjZXMudjEuUGxhY2VzLlNlYXJjaFRleHQQAhgEIAA,ChIJjXUeoDDSmUcRlrMhws7wlEw,5,,,,,,,,,,
8378,Seniorenzentrum Altbach,Esslinger Str. 125,73776,Altbach,48.719932013961,9.390091820858,16728,07153 926080,szaltbach@bruderhausdiakonie.de,https://www.bruderhausdiakonie.de/altenhilfe/seniorenzentren-und-pflegeheime/region-stuttgart/seniorenzentrum-altbach,Langzeitpflege,False,"1.965,13 €",2286.7816000000003,2417.7816000000003,0,0,1965.1319999999998,2311.92,0,0,1965.1319999999998,2311.92,0,0,1965.1319999999998,2311.92,0,0,1965.1319999999998,2311.92,0,0,,,,,,Teeküche ist für die individuelle Nutzung der Bewohner vorhanden,https://navigatoren.aok.de/etl/public/reports/2019/510/51080649173776-694dfd48234e5.pdf,0,,False,,,,,4.5,15,https://www.bruderhausdiakonie.de/altenhilfe/seniorenzentren-und-pflegeheime/region-stuttgart/seniorenzentrum-altbach,https://maps.google.com/?cid=15337979813142158824&g_mp=Cidnb29nbGUubWFwcy5wbGFjZXMudjEuUGxhY2VzLlNlYXJjaFRleHQQAhgEIAA,ChIJ7W-oLEK_mUcR6F1zPmBz29Q,49,,Eine Preisliste für 2025 ist verfügbar zum Download: 'Seniorenzentrum Altbach: Preisliste 2025 herunterladen',"Einzelzimmer, gemütlicher Wohn-Essbereich. Das Seniorenzentrum bietet 60 Seniorinnen und Senioren in vier Hausgemeinschaften für jeweils 15 Personen ein neues Zuhause.",Langzeitpflege und Kurzzeitpflege,Angebote für Menschen mit Demenz,,Unser barrierefreies Pflegeheim liegt zentral in Altbach und hat eine gute Anbindung an den öffentlichen Nahverkehr. In der Nähe befinden sich Einkaufsmöglichkeiten und Dienstleistungen. Schön gestalteter geschützter Gartenbereich. Altbach ist eine moderne Industriegemeinde im Landkreis Esslingen mit rund 6300 Einwohnern.,BruderhausDiakonie Stiftung Gustav Werner und Haus am Berg (kirchlich/diakonisch),"Vier Hausgemeinschaften mit je 15 Plätzen, schön gestalteter geschützter Gartenbereich, Beratung und Unterstützung zu Pflegethemen für ältere Menschen und Angehörige","Hausleitung: Stevan Stanisavljevic, Telefon: 07153 92608-120
Pflegedienstleitung: Hanna Stahl, Telefon: 07153 92608-130
Verwaltung: Irina Betzold, Telefon: 07153 92608-0
Adresse: Esslinger Straße 125, 73776 Altbach"
8412,Haus Allmendäcker,Elisabeth-Denis-Weg 2,71069,Sindelfingen,48.721702894523,8.9719587547767,16757,07031 9213300,eberle@diakonie-sindelfingen.de,https://www.diakonie-sindelfingen.de/pflegeheim-haus-allmendaecker,"Kurzzeitpflege, Langzeitpflege",True,"3.476,54 €",3611.5726000000004,2530.3356000000003,1212.237,0,3476.5350000000008,2663.88,1212.237,0,3476.5350000000008,2663.88,1212.237,0,3476.5350000000008,2663.88,1212.237,0,3476.5350000000008,2663.88,1212.237,0,Pflegegrad 1: k.A.; Pflegegrad 2: k.A.; Pflegegrad 3: k.A.; Pflegegrad 4: k.A.; Pflegegrad 5: k.A.,,Einrichtungseigene Aufenthaltsmöglichkeiten im Freien; Eigene Haustiere,Telefonanschluss in den Bewohnerzimmern; TV- oder Kabelanschluss in den Bewohnerzimmern; Internetzugang in den Bewohnerzimmern; Möbelmitnahme,,"Mahlzeiten werden in der Einrichtung zubereitet (nach Absprache); Spezielle Kostformen nach Absprache möglich (z. B. vegetarisch, ohne Schweinefleisch); Diätkost (z.B. Diabetiker- oder Reduktionskost); Zwischenmahlzeiten (z.B. Joghurt, Obst) zur freien Verfügung; Getränke (kalt/heiß) zur freien Verfügung; Einnahme von Mahlzeiten auf Wunsch im eigenen Zimmer möglich; Zubereitung eigener Mahlzeiten möglich; Gemeinschaftliches Mittagessen möglich; Teeküche ist für die individuelle Nutzung der Bewohner vorhanden",https://navigatoren.aok.de/etl/public/reports/2019/510/51080751771069-689ea06d80ef2.pdf,0,,False,,,,,3.4,5,https://www.diakonie-sindelfingen.de/pflegeheim-haus-allmendaecker,https://maps.google.com/?cid=12270054187681363568&g_mp=Cidnb29nbGUubWFwcy5wbGFjZXMudjEuUGxhY2VzLlNlYXJjaFRleHQQAhgEIAA,ChIJeWajAszfmUcRcLaKL0b9R6o,396,,"Eine Preisliste ist verfügbar als PDF-Download (Preisliste Haus Allmendäcker, aktualisiert am 15.08.2025). Konkrete Preise sind auf der Webseite nicht direkt angegeben, aber über den Download-Link abrufbar.",Alle Zimmer sind Einzelzimmer und jeweils mit einem eigenen Bad ausgestattet. Die Bewohnerzimmer sind teilmöbliert und können mit eigenen Möbeln ergänzt werden. Insgesamt 78 Heimbewohner leben in kleinen Wohngemeinschaften mit 12 oder 14 Bewohnern zusammen.,"Langzeitpflege im Pflegeheim (Dauerpflege), Kurzzeitpflege, Tagespflege (angegliederte Tagespflege mit Platz für 15 Tagesgäste, eröffnet Anfang 2022)","Hausgemeinschaftskonzept: Bewohner leben in kleinen Wohngemeinschaften mit 12 oder 14 Personen. Alle Mahlzeiten werden täglich frisch in der offenen Küche zubereitet, Bewohner können bei der Zubereitung des Mittagessens helfen.","Auf allen Wohnbereichen wird ein abwechslungsreiches Betreuungsprogramm angeboten. Bewohner können beim Kochen helfen. Im Dachgeschoss befinden sich 3 Kräuterhochbeete, die zum Gärtnern einladen.","Das Pflegeheim befindet sich in unmittelbarer Nähe des Ortskerns von Maichingen. Eine Bushaltestelle befindet sich ca. 200m und die S-Bahn Haltestelle Maichingen ca. 800m entfernt. Im Erdgeschoss befindet sich ein Garten, welcher teilweise offen und teilweise umzäunt ist. Im Dachgeschoss befindet sich eine große Dachterrasse, deren Sitzmöbel zum Verweilen einladen.",Evangelischer Diakonieverein Sindelfingen e.V. (kirchlich/diakonisch),Das Haus Allmendäcker wurde im Dezember 2021 in Betrieb genommen (relativ neue Einrichtung). Hausgemeinschaftskonzept mit kleinen Wohngruppen. Offene Küche mit täglicher Frischzubereitung der Mahlzeiten. Große Dachterrasse mit Kräuterhochbeeten. Infobroschüre und Zimmerplan als PDF verfügbar.,"Standortleitung: Uta Eberle, Telefon: 07031 9213-300, Telefax: 07031 9213-333, E-Mail: eberle@diakonie-sindelfingen.de

Pflegedienstleitung Hausgemeinschaft 1: Borinka Popovic, Telefon: 07031 9213-301, Telefax: 07031 9213-333, E-Mail: popovic@diakonie-sindelfingen.de

Pflegedienstleitung Hausgemeinschaft 2: Conny Paul, Telefon: 07031 9213-302, Telefax: 07031 9213-333, E-Mail: paul@diakonie-sindelfingen.de

Adresse: Elisabeth-Denis-Weg 2, 71069 Sindelfingen

Hauptverwaltung: Burghaldenstraße 88, 71065 Sindelfingen, Telefon: 07031 6192-0, Telefax: 07031 6192-133"
8091,Wohn- und Pflegezentrum Flugfeld,Konrad-Zuse-Str. 22,71034,Böblingen,48.687604878321,9.0020249181786,16813,07031 3091000,wpf@wohlfahrtswerk.de,https://www.wohlfahrtswerk.de/einrichtungen/wohn_und_pflegezentrum_flugfeld,Langzeitpflege,False,"3.246,91 €",3503.2774,2491.0938,1143.1836,0,3246.9080999999996,2474.97,1143.1836,0,3246.9080999999996,2474.97,1143.1836,0,3246.9080999999996,2474.97,1143.1836,0,3246.9080999999996,2474.97,1143.1836,0,"Pflegegrad 1: 1 Vollzeitstelle: 4,4 Pflegebedürftige; Pflegegrad 2: 1 Vollzeitstelle: 3,4 Pflegebedürftige; Pflegegrad 3: 1 Vollzeitstelle: 2,4 Pflegebedürftige; Pflegegrad 4: 1 Vollzeitstelle: 1,9 Pflegebedürftige; Pflegegrad 5: 1 Vollzeitstelle: 1,7 Pflegebedürftige",2016,Einrichtungseigene Aufenthaltsmöglichkeiten im Freien; Eigene Haustiere erlaubt: nach vorheriger Absprache,Telefonanschluss in den Bewohnerzimmern; TV- oder Kabelanschluss in den Bewohnerzimmern; Internetzugang in den Bewohnerzimmern: WLAN; Möbelmitnahme möglich,"Wäscheversorgung (insbesondere Kleidung); Reinigung der Zimmer; Hausmeisterservice; Soziale Betreuung; Singen (eigener Chor im Haus), Bewegungsangebote, Gedächtnistraining, Bastelarbeiten, Feste uns Feie; Einbindung in die Versorgung der Bewohner:innen, ehrenamtliche Tätigkeiten, ggf. Mitwirkung im Heimbeirat.; Wäschekennzeichnung, weitere Leistungen nach Absprache","Mahlzeiten werden in der Einrichtung zubereitet (nach Absprache): Die Zubereitung der Mahlzeiten erfolgt in den Wohngruppen; Zubereitung eigener Mahlzeiten möglich; Teeküche ist für die individuelle Nutzung der Bewohner vorhanden; Spezielle Kostformen nach Absprache möglich (z. B. vegetarisch, ohne Schweinefleisch); Diätkost (z.B. Diabetiker- oder Reduktionskost); Zwischenmahlzeiten (z.B. Joghurt, Obst) zur freien Verfügung; Getränke (kalt/heiß) zur freien Verfügung; Einnahme von Mahlzeiten auf Wunsch im eigenen Zimmer möglich; Gemeinschaftliches Mittagessen möglich",https://navigatoren.aok.de/etl/public/reports/2019/510/51080032671034-691606d581b92.pdf,2,https://navigatoren.aok.de/etl/public/images/nursing_home/phpufb6p3-6398796ff1180.jpg; https://navigatoren.aok.de/etl/public/images/nursing_home/phpvetdgm-6398795fac950.jpg,True,Besucher jederzeit willkommen,Alle Wohn- und Gemeinschaftsflächen sind für die Bewohner und deren Angehörige in der Einrichtung barrierefrei zugänglich.,Gerd Olinger (),13.12.2022,4.1,14,https://www.wohlfahrtswerk.de/einrichtungen/wohn_und_pflegezentrum_flugfeld,https://maps.google.com/?cid=897655978758572321&g_mp=Cidnb29nbGUubWFwcy5wbGFjZXMudjEuUGxhY2VzLlNlYXJjaFRleHQQAhgEIAA,ChIJL3kNNYDgmUcRIQlpUFsddQw,9,,Eine Preisliste ist verfügbar (Link zur Preisliste vorhanden auf der Webseite),"Stationäre Wohngemeinschaften, Betreutes Wohnen","Stationäre Wohngemeinschaften, Betreutes Wohnen, Tagespflege, Ambulanter Dienst (Pflege und Betreuung zu Hause), Tagesbetreuung",,"Bauernhoftag im Wohn- und Pflegezentrum Flugfeld, Gemeinschaftsaktivitäten in der Tagespflege","Nahe der Böblinger Innenstadt gelegen, modernes Wohn- und Pflegezentrum",Wohlfahrtswerk für Baden-Württemberg,"Modernes Wohn- und Pflegezentrum mit vielfältigem Angebot unter einem Dach. Stationäre Wohngemeinschaften, die mit dem klassischen Pflegeheim nicht mehr viel gemeinsam haben. Beteiligung an innovativen Projekten: NIKA (Roboter-Unterstützung im Alltag), Blick zurück nach vorn (Kunst trotz Abstand), Qwiek.up (Virtuelle Grüße und Erlebnisse), Rikscha (Fahrtwind und schöne Erlebnisse). Zitat von Nikolai Merthan, Leitung Sozialdienst: 'Ein Pflegeheim muss ein Ort des Lachens sein. Humor hilft uns über manche Lebensumstände hinwegzusehen.' Ausbildungsmöglichkeiten vorhanden (Generalistische Pflegeausbildung). MDK-Qualitätsberichte verfügbar.","Telefon: 07031 30 91-000, Gerd Olinger (Hausleitung), Anita Hanold (Leitung Tagespflege), Nikolai Merthan (Leitung Sozialdienst). Wohnanfrage-Formular verfügbar. Hauptsitz: Wohlfahrtswerk für Baden-Württemberg, Schloßstraße 80, 70176 Stuttgart, Telefon: 0711 61926-0, E-Mail: info@wohlfahrtswerk.de"
9956,Seniorenzentrum Ehmann im Schloßgarten,Blumenstr. 7,73257,Köngen,48.686620963393,9.3609309795995,16840,07024 9790,pflegestift-koengen@udfm.de,https://dienste-fuer-menschen.de/pflege/koengen/pflegestift-koengen.html,"Kurzzeitpflege, Langzeitpflege",True,"3.487,55 €",3578.7190000000005,2525.7726000000002,1183.9464,0,3487.5483999999997,2710.12,1183.9464,0,3487.5483999999997,2710.12,1183.9464,0,3487.5483999999997,2710.12,1183.9464,0,3487.5483999999997,2710.12,1183.9464,0,"Pflegegrad 1: 1 Vollzeitstelle: 5,5 Pflegebedürftige; Pflegegrad 2: 1 Vollzeitstelle: 4,2 Pflegebedürftige; Pflegegrad 3: 1 Vollzeitstelle: 2,7 Pflegebedürftige; Pflegegrad 4: 1 Vollzeitstelle: 2,0 Pflegebedürftige; Pflegegrad 5: 1 Vollzeitstelle: 1,8 Pflegebedürftige",,Einrichtungseigene Aufenthaltsmöglichkeiten im Freien; Eigene Haustiere erlaubt: Gerne - aber bitte mit Rücksprache,"Telefonanschluss in den Bewohnerzimmern; TV- oder Kabelanschluss in den Bewohnerzimmern; Internetzugang in den Bewohnerzimmern: Wir haben ein Gäste WLAN und leiten die Nutzung von Skype an.; Möbelmitnahme möglich: Die Grundausstattung mit Pflegebett, Schrank, Nachttisch für einen sofortigen Einzug ist vorhanden.","Wäscheversorgung (insbesondere Kleidung); Wir haben Fachleute für Hausreinigung, Haustechnik und die Betreuungsteams vor Ort.; Einzugsgespräch in der Pflegeeinrichtung; Wir arbeiten nach einer Fünf-Sinne-Konzeption, insbesondere für Menschen mit Demenz.; Angehörige und Ehrenamt sind herzlich willkommen und ermöglichen Abendsingen, Stricken oder Skat spielen - ganz nach Erfahrung und Möglichkeit. Wir unterstützen die Organisation.; Für alle gesetzlich versicherten Bewohnerinnen und Bewohner besteht ein Beratungsangebot zur gesundheitlichen Versorgungsplanung nach § 132g SGB V durch einen weitergebildeten Berater.; Wir vermitteln gerne Friseur und Fußpflege.","Mahlzeiten werden in der Einrichtung zubereitet (nach Absprache): Wir kochen täglich in unserer eigenen Küche frisch!; Zubereitung eigener Mahlzeiten möglich; Teeküche ist für die individuelle Nutzung der Bewohner vorhanden; Spezielle Kostformen nach Absprache möglich (z. B. vegetarisch, ohne Schweinefleisch); Diätkost (z.B. Diabetiker- oder Reduktionskost); Zwischenmahlzeiten (z.B. Joghurt, Obst) zur freien Verfügung; Getränke (kalt/heiß) zur freien Verfügung; Einnahme von Mahlzeiten auf Wunsch im eigenen Zimmer möglich; Gemeinschaftliches Mittagessen möglich",https://navigatoren.aok.de/etl/public/reports/2019/512/51281153973257-694dfdda8b7aa.pdf,1,https://navigatoren.aok.de/etl/public/images/nursing_home/image582491detail-63738bd843324.jpg,True,Besucher jederzeit willkommen,Alle Wohn- und Gemeinschaftsflächen sind für die Bewohner und deren Angehörige in der Einrichtung barrierefrei zugänglich.,,,4.1,7,https://dienste-fuer-menschen.de/pflege/koengen/pflegestift-koengen.html,https://maps.google.com/?cid=9078491218773727116&g_mp=Cidnb29nbGUubWFwcy5wbGFjZXMudjEuUGxhY2VzLlNlYXJjaFRleHQQAhgEIAA,ChIJXyFxiYm_mUcRjNeC36lH_X0,27,,,90 Plätzen in Einzelzimmern,"Pflege in allen Pflegegraden, Kurzzeitpflege mit Unterstützung durch die Pflegekasse, Palliativversorgung (Zusammenarbeit mit palliativ ausgebildeten Ärzten und SAPV - Spezialisierte Ambulante Palliativversorgung)","Schwerpunkt für Menschen mit Demenz mit eigenem Garten, Palliativpflege und Sterbebegleitung (enge Zusammenarbeit mit palliativ ausgebildeten Ärzten, Pfarrerinnen und Pfarrern, Hospizdiensten und der Spezialisierten Ambulanten Palliativversorgung SAPV), Gesundheitliche Versorgungsplanung nach § 132g SGB V","Beschäftigungsangebote, Musizieren/Singen, Vorleserunde, Kaffeenachmittag, Gottesdienst, Hüttengaudi (thematische Veranstaltungen), Offener Mittagstisch","Blick über die Köngener Fachwerkhäuser, das Schloss und das Albpanorama, Gartenanlagen und Schlosspark, große Dachterrasse, gute Einbindung in das Gemeindeleben, Nähe zur Kindertagesstätte","Dienste für Menschen (DfM), diakonischer Träger (erkennbar am Diakonie-Logo und kirchlicher Ausrichtung mit Seelsorge und Gottesdiensten)","Vier Wohnbereiche geprägt durch Zusammenleben, eigene Küche und offener Mittagstisch, persönliche Zimmergestaltung mit eigenen Lieblingsstücken möglich, Beratungsangebot zur gesundheitlichen Versorgungsplanung finanziert durch gesetzliche Krankenkassen (§ 132g SGB V), Qualitätsprüfberichte verfügbar (AOK und Medizinischer Dienst)","Einrichtungsleitung: Fikret Kijamet, Pflegedienstleitung: Gordana Lubura-Maier, Telefon: 07024 979-503, E-Mail: Pflegestift.Koengen@udfm.de, Adresse: Seniorenzentrum Ehmann Pflegestift Köngen, Blumenstraße 7, 73257 Köngen"
8423,Pflegezentrum Maichingen,Sindelfinger Str. 3,71069,Sindelfingen,48.7247239922,8.9649619566918,17103,07031 381096,,http://www.diakonie-sindelfingen.de/,"Kurzzeitpflege, Langzeitpflege",True,"3.517,04 €",3722.3014000000007,2605.4730000000004,1247.8284,0,3517.0394000000006,2669.66,1247.8284,0,3517.0394000000006,2669.66,1247.8284,0,3517.0394000000006,2669.66,1247.8284,0,3517.0394000000006,2669.66,1247.8284,0,,,,,,Teeküche ist für die individuelle Nutzung der Bewohner vorhanden,https://navigatoren.aok.de/etl/public/reports/2019/510/51081036271069-694dfd4a45069.pdf,0,,False,,,,,3,2,http://www.diakonie-sindelfingen.de/,https://maps.google.com/?cid=14155564735790988878&g_mp=Cidnb29nbGUubWFwcy5wbGFjZXMudjEuUGxhY2VzLlNlYXJjaFRleHQQAhgEIAA,ChIJDeLBWobfmUcRTj7etyCrcsQ,1,,"Die Website verweist auf separate Preisseiten unter dem Menüpunkt 'Preise' mit Unterseiten für: Pflegeheim (Dauer- und Kurzzeitpflege), Tagespflege, und Betreutes Wohnen. Konkrete Preisangaben sind auf der Hauptseite nicht aufgeführt.","Pflegeheim Burghalde: 152 Pflegeplätze, 12 betreute Wohnungen, 3 Kurzzeitpflegeplätze (nach Modernisierung 1999/2000 auf heutige Ansprüche ausgerichtet). Pflegezentrum Maichingen: 28 Pflegeplätze, 23 betreute Wohnungen. Haus am Brunnen: 60 Pflegeplätze, 2 Kurzzeitpflegeplätze, 15 Tagespflegeplätze. Haus an der Schwippe: 43 Pflegeplätze, 3 Kurzzeitpflegeplätze, 3 Tagespflegeplätze. Haus Allmendäcker: Pflegeplätze (genaue Anzahl nicht angegeben).","Langzeitpflege (Leben im Pflegeheim), Kurzzeitpflege, Tagespflege (Haus am Brunnen, Haus an der Schwippe, Haus Allmendäcker), Betreutes Wohnen (Sindelfingen und Maichingen), Ambulanter Pflegedienst 'DiVerSi bewegt', Mittagstisch","Keine spezifischen Schwerpunkte wie Demenz, Palliativ oder Junge Pflege explizit genannt auf der Hauptseite.","Gedächtnistraining (erwähnt unter Mittagstisch), Besuchsdienst mit Hund (Besuchshundeausbildung der Malteser), Neujahrsempfang, Besuche von Oberbürgermeister und Ortsvorsteher. Über 80 ehrenamtliche Mitarbeiterinnen und Mitarbeiter engagieren sich.","Fünf Einrichtungen in Sindelfingen und Umgebung: Pflegeheim Burghalde (Burghaldenstr. 88, 71065 Sindelfingen), Pflegezentrum Maichingen (Sindelfinger Straße 3, 71069 Sindelfingen), Haus am Brunnen (Brunnenstraße 23, 71069 Sindelfingen), Haus Allmendäcker (Elisabeth-Denis-Weg 2, 71069 Sindelfingen), Haus an der Schwippe (Dagersheimer Straße 45, 71069 Sindelfingen - interkommunales Pflegeheim für Darmsheim und Dagersheim).",Evangelischer Diakonieverein Sindelfingen e.V. - kirchlich/diakonisch. Gegründet 1961 im Zusammenwirken engagierter Bürgerinnen und Bürger aus kommunaler und kirchlicher Gemeinde. Handeln findet Grundlage im christlichen Menschenbild. Diakonische Aufgabe in und mit der kirchlichen und bürgerlichen Gemeinde.,Pflegezentrum Maichingen war 1989 das erste Kleinstpflegeheim im Kreis Böblingen. Ca. 330 Mitarbeiterinnen und Mitarbeiter betreuen über 340 Menschen. Über 80 ehrenamtliche Mitarbeiterinnen und Mitarbeiter. Motto: 'Leben in Geborgenheit'. Bauprojekt Burghalde erwähnt (separate Seite verfügbar). Jubilarehrung für langjährige Mitarbeitende.,"Hauptkontakt: Evangelischer Diakonieverein Sindelfingen e.V., Burghaldenstraße 88, 71065 Sindelfingen, Telefon: 07031 6192-0, Telefax: 07031 6192-133, E-Mail: über Kontaktformular, Facebook-Seite vorhanden. Ansprechpartner sind auf einer separaten Seite aufgeführt (Link im Menü unter 'Über Uns')."
8805,Pflegeheim Haus am Brunnen,Brunnenstr. 23,71069,Sindelfingen,48.725109950001,8.9622169746781,17274,07031 63304100,,http://www.diakonie-sindelfingen.de/altenpflegeheim-haus-am-brunnen,Langzeitpflege,False,"3.526,14 €",3657.5068,2571.4026000000003,1217.1042,0,3526.1376999999998,2716.51,1217.1042,0,3526.1376999999998,2716.51,1217.1042,0,3526.1376999999998,2716.51,1217.1042,0,3526.1376999999998,2716.51,1217.1042,0,,,,,,Teeküche ist für die individuelle Nutzung der Bewohner vorhanden,https://navigatoren.aok.de/etl/public/reports/2019/510/51081841771069-68ee767cec5ed.pdf,0,,False,,,Heimleiter Herbert Kederer (),,4.8,5,http://www.diakonie-sindelfingen.de/altenpflegeheim-haus-am-brunnen,https://maps.google.com/?cid=6964249722146778538&g_mp=Cidnb29nbGUubWFwcy5wbGFjZXMudjEuUGxhY2VzLlNlYXJjaFRleHQQAhgEIAA,ChIJseRCnIffmUcRqu2rXzn8pWA,21,,"Preisliste verfügbar als PDF-Download (Preisliste Haus am Brunnen, PDF, 285,10 KB, Stand: 15.08.2025). Aktuelle Preise sind auf der Webseite verlinkt unter 'Preise Pflegeheim (Dauer- und Kurzzeitpflege)'.",Insgesamt 62 Pflegeplätze auf 3 Wohnbereichen. Zwei offene Wohnbereiche mit je 23 Einzelzimmern und 1 Doppelzimmer. Beschützter Wohnbereich mit 12 Pflegeplätzen. Alle Zimmer mit eigenem Bad ausgestattet und können mit eigenen Möbeln ergänzt werden.,"Langzeitpflege (Leben im Pflegeheim), Kurzzeitpflege, Tagespflege (angegliederte Tagespflege mit Platz für 15 Tagesgäste), Demenzbetreuung (Beschützter Wohnbereich für Menschen mit Dementieller Erkrankung im Erdgeschoss mit eigenem Garten).","Beschützter Wohnbereich speziell für Menschen mit Dementieller Erkrankung konzipiert, befindet sich im Erdgeschoss mit eigenem Garten.","Abwechslungsreiches Betreuungsprogramm auf allen Wohnbereichen. Wochenpläne verfügbar für: Hausgemeinschaft, Wohnbereich 1 und Wohnbereich 2. Betreuungsassistenz beim Singen und Musizieren, Spielenachmittage auf der Wohngruppe, Gedächtnistraining, Mittagstisch. Friseur im Haus, fahrendes Kiosk, Café am Brunnen.","Das Haus am Brunnen befindet sich in unmittelbarer Nähe des Ortskerns von Maichingen (Stadtteil von Sindelfingen). Adresse: Brunnenstraße 23, 71069 Sindelfingen. Gartenanlage mit vielen Sitzgelegenheiten, buntes Allerlei im Garten.",Evangelischer Diakonieverein Sindelfingen e.V. (kirchlich/diakonisch),"Das Haus wurde im Frühjahr 2008 in Betrieb genommen. MDK-Prüfbericht von 2016 verfügbar. Speisesaal vorhanden, Café am Brunnen, eigene Gartenanlage. Hausprospekt als PDF verfügbar (1,76 MB). Leitbild: 'Leben in Geborgenheit'.","Standortleitung: Christine Emperle-Kederer, Telefon: 07031-633040-160, Telefax: 07031-633040-133, E-Mail: christine.kederer@diakonie-sindelfingen.de. Pflegedienstleitung: Sandra Mareska, Telefon: 07031-63304-171, Fax: 07031-63304-133, E-Mail: mareska@diakonie-sindelfingen.de. Hauptverwaltung: Evangelischer Diakonieverein Sindelfingen e.V., Burghaldenstraße 88, 71065 Sindelfingen, Telefon: 07031 6192-0, Telefax: 07031 6192-133. Aufnahmeunterlagen als PDF-Download verfügbar."
8496,Haus im Schelmenholz,Forststr. 45,71364,Winnenden,48.864980997488,9.3843379318002,17496,07195 91500,,https://www.ev-heimstiftung.de/winnenden-haus-im-schelmenholz/,Langzeitpflege,False,"3.189,72 €",3176.2624,2205.7542000000003,1101.5082,0,3189.7201999999997,2456.72,1101.5082,0,3189.7201999999997,2456.72,1101.5082,0,3189.7201999999997,2456.72,1101.5082,0,3189.7201999999997,2456.72,1101.5082,0,,,,,,Teeküche ist für die individuelle Nutzung der Bewohner vorhanden,https://navigatoren.aok.de/etl/public/reports/2019/510/51081166071364-6925ae5723a3c.pdf,0,,False,,,,,4.7,11,https://www.ev-heimstiftung.de/winnenden-haus-im-schelmenholz/,https://maps.google.com/?cid=6764436261671579892&g_mp=Cidnb29nbGUubWFwcy5wbGFjZXMudjEuUGxhY2VzLlNlYXJjaFRleHQQAhgEIAA,ChIJG6tuk7PJmUcR9LC0wvAa4F0,32,,"Entgeltübersicht (Gebührenübersicht) als PDF verfügbar, aber keine konkreten Preise auf der Hauptseite genannt. Link zu allgemeiner Kostenseite vorhanden.",,"Stationäre Pflege, Kurzzeitpflege, Tagespflege, Ambulante Pflege, Palliative Care, WohnenPLUS in der Residenz, Betreutes Wohnen, Betreute Wohngemeinschaft",Palliative Care,"Kultur & Freizeit Angebote, Café in der Einrichtung, Betreuung und Begleitung","Winnenden, Forststraße 45, 71364 Winnenden","Evangelische Heimstiftung GmbH - größtes diakonisches Pflegeunternehmen, Teil eines Netzwerks mit über 170 Einrichtungen in ganz Baden-Württemberg, seit 1952 tätig","Teil der Evangelischen Heimstiftung mit Anspruch 'Gute Pflege' seit 1952. Innovationen: Institut für Innovation, Pflege und Alter, Sozialer Roboter Navel im Einsatz, Start-ups im Einsatz, ALADIEN-Projekt, Quartiersentwicklung, Nachhaltigkeitsinitiative 'Das Grüne Segel'. Zentrale Beratung durch Gute-Pflege-Center verfügbar (telefonisch und online).","Hausdirektorin: Kristina Schenk
Adresse: Forststraße 45, 71364 Winnenden
Telefon: 07195 9150-0
Fax: 07195 9150-50
E-Mail: haus-im-schelmenholz@ev-heimstiftung.de

Zentrales Gute-Pflege-Center:
Telefon-Beratung: 0711 95 96 97 97 (Mo-Fr 08:00-17:00 Uhr)
Online-Beratung: www.onlineberatung.ev-heimstiftung.de (jederzeit)

Hauptverwaltung:
Evangelische Heimstiftung GmbH
Hackstraße 12, 70190 Stuttgart
Telefon: (0711) 636 76-0"
8776,Evangelische Heimstiftung Seniorenstift Haus im Schlösslesgarten,Pulverdingerstr. 4,71735,Eberdingen,48.886417975004,9.0025489953153,17566,07042 289200,haus-im-schloesslesgarten@ev-heimstiftung.de,https://www.ev-heimstiftung.de/eberdingen-hochdorf-haus-im-schloesslesgarten/,Langzeitpflege,False,"3.396,84 €",3636.5170000000003,2593.6092000000003,1173.9078000000002,0,3396.8363,2615.21,1173.9078000000002,0,3396.8363,2615.21,1173.9078000000002,0,3396.8363,2615.21,1173.9078000000002,0,3396.8363,2615.21,1173.9078000000002,0,"Pflegegrad 1: 1 Vollzeitstelle: 4,4 Pflegebedürftige; Pflegegrad 2: 1 Vollzeitstelle: 3,4 Pflegebedürftige; Pflegegrad 3: 1 Vollzeitstelle: 2,4 Pflegebedürftige; Pflegegrad 4: 1 Vollzeitstelle: 1,9 Pflegebedürftige; Pflegegrad 5: 1 Vollzeitstelle: 1,7 Pflegebedürftige",2007,"Einrichtungseigene Aufenthaltsmöglichkeiten im Freien: Balkon, Terasse, Garten; Eigene Haustiere erlaubt: Einzelfallentscheidung der Hausdirektion; Bibliothek",Telefonanschluss in den Bewohnerzimmern; TV- oder Kabelanschluss in den Bewohnerzimmern; Internetzugang in den Bewohnerzimmern: Öffentliches WLAN der Einrichtung; Möbelmitnahme möglich,"Wäscheversorgung (insbesondere Kleidung); Reinigung der Zimmer; Soziale Betreuung; Reinigung: Fremdvergabe an die eigene Tochterfirma HDG; Einzugsgespräch in der Pflegeeinrichtung; Soziale Betreuung; Angebot lt. Wochenplan und Veranstaltungskalender, Z.B. Sitzgymnastik, Gesellschaftsspiele, etc.; Möglichkeit der Teilnahme bei Aktivitäten wie Feste und Feiern, Gruppenangebote, Pflegevisiten, Angehörigentreffen; Gerne vermitteln wir weitere Dienstleistungsangebote wie Friseur und Fußpflege","Mahlzeiten werden in der Einrichtung zubereitet (nach Absprache): Mittagessen wird im Cook-and-Chill Verfahren zubereitet, sonstige Mahlzeiten vor Ort; Zubereitung eigener Mahlzeiten möglich; Teeküche ist für die individuelle Nutzung der Bewohner vorhanden; Spezielle Kostformen nach Absprache möglich (z. B. vegetarisch, ohne Schweinefleisch); Diätkost (z.B. Diabetiker- oder Reduktionskost); Zwischenmahlzeiten (z.B. Joghurt, Obst) zur freien Verfügung; Getränke (kalt/heiß) zur freien Verfügung; Einnahme von Mahlzeiten auf Wunsch im eigenen Zimmer möglich; Gemeinschaftliches Mittagessen möglich",https://navigatoren.aok.de/etl/public/reports/2019/510/51081797371735-69672a52c5d2f.pdf,2,https://navigatoren.aok.de/etl/public/images/nursing_home/image304762detail-63738b77e00ae.jpg; https://navigatoren.aok.de/etl/public/images/nursing_home/image304763detail-63738b77e1292.jpg,True,Besucher jederzeit willkommen,Alle Wohn- und Gemeinschaftsflächen sind für die Bewohner und deren Angehörige in der Einrichtung barrierefrei zugänglich.,,,4.8,5,https://www.ev-heimstiftung.de/eberdingen-hochdorf-haus-im-schloesslesgarten/,https://maps.google.com/?cid=13633439260214752574&g_mp=Cidnb29nbGUubWFwcy5wbGFjZXMudjEuUGxhY2VzLlNlYXJjaFRleHQQAhgEIAA,ChIJUzZdLnp9l0cRPvX2K8a0M70,37,,Entgeltübersicht (Preisliste) als PDF verfügbar zum Download,,"Stationäre Pflege, Kurzzeitpflege, Tagespflege, Ambulante Pflege, Palliative Care werden im Menü erwähnt",Palliative Care,Kultur & Freizeit Angebote vorhanden (Details auf separater Seite),"Eberdingen-Hochdorf, Pulverdinger Straße 4","Evangelische Heimstiftung Württemberg GmbH - größtes diakonisches Pflegeunternehmen, seit 1952, über 170 Einrichtungen in Baden-Württemberg","Teil der Evangelischen Heimstiftung mit über 170 Einrichtungen. Motto: 'Selbstbestimmt, professionell umsorgt, voller Leben'. Zentrales Gute-Pflege-Center für Beratung. Ehrenamtliche Unterstützung möglich. Innovationen: Institut für Innovation, Pflege und Alter, Sozialer Roboter Navel, Quartiersentwicklung, Nachhaltigkeitsinitiative 'Das Grüne Segel'","Hausdirektor: Michael Dohrmann
Adresse: Pulverdinger Straße 4, 71735 Eberdingen-Hochdorf
Telefon: 07042 289 20-0
Fax: 07042 289 20-29
E-Mail: haus-im-schloesslesgarten@ev-heimstiftung.de

Zentrales Gute-Pflege-Center:
Telefon: 0711 95 96 97 97 (Mo-Fr 08:00-17:00 Uhr)
Online-Beratung: www.onlineberatung.ev-heimstiftung.de"
8861,DRK Haus am Marktplatz,Flachterstr. 3,71277,Rutesheim,48.808558286981,8.9449443480581,17613,07152 9011180,,http://www.drk-altenpflegeheime-bb.de/heime-standorte/rutesheim-ii.html,"Kurzzeitpflege, Langzeitpflege",True,"3.280,81 €",3568.9846000000002,2444.5512000000003,1255.4334000000001,0,3280.8133999999995,2382.8,1255.4334000000001,0,3280.8133999999995,2382.8,1255.4334000000001,0,3280.8133999999995,2382.8,1255.4334000000001,0,3280.8133999999995,2382.8,1255.4334000000001,0,,,,,,Teeküche ist für die individuelle Nutzung der Bewohner vorhanden,https://navigatoren.aok.de/etl/public/reports/2019/510/51081930571277-694dfd52a0f56.pdf,0,,False,,,,,4.3,3,http://www.drk-altenpflegeheime-bb.de/heime-standorte/rutesheim-ii.html,https://maps.google.com/?cid=5612133323898553833&g_mp=Cidnb29nbGUubWFwcy5wbGFjZXMudjEuUGxhY2VzLlNlYXJjaFRleHQQAhgEIAA,ChIJ-SsTA1Fil0cR6QUbE4ZN4k0,22,,,,,,,,DRK Kreisverband Böblingen e. V. (Deutsches Rotes Kreuz),,
8450,Seniorenstift Schillerhöhe,Steigäckerstr. 3-5,71672,Marbach am Neckar,48.932815976985,9.2573049216846,17718,07144 84610,,https://www.seniorenstift-marbach.de/,Langzeitpflege,False,"3.192,43 €",3563.8132000000005,2464.9326,1229.8806,0,3192.4286,2308.88,1229.8806,0,3192.4286,2308.88,1229.8806,0,3192.4286,2308.88,1229.8806,0,3192.4286,2308.88,1229.8806,0,,,,,,Teeküche ist für die individuelle Nutzung der Bewohner vorhanden,https://navigatoren.aok.de/etl/public/reports/2019/510/51081099871672-68ee66840bb41.pdf,0,,False,,,,,5,4,https://www.seniorenstift-marbach.de/,https://maps.google.com/?cid=16041569432207028669&g_mp=Cidnb29nbGUubWFwcy5wbGFjZXMudjEuUGxhY2VzLlNlYXJjaFRleHQQAhgEIAA,ChIJG1a4zOrNmUcRvfF2Hmgan94,14,,"Es gibt einen Menüpunkt 'Preise' auf der Webseite, aber die konkreten Preisinformationen sind auf der Hauptseite nicht sichtbar.",,"Tagespflege, Pflegeheim (qualifizierte aktivierende Pflege), Wohnstift mit Service und Sicherheit, Betreuung im Altenheim",,"Es gibt einen Menüpunkt 'Viel los im Haus' der auf Aktivitäten hindeutet, aber konkrete Details sind auf der Hauptseite nicht aufgeführt.","Das Seniorenstift Schillerhöhe liegt inmitten eines ruhigen Wohngebietes in Marbach am Neckar (Geburtsstadt Friedrich Schillers). In unmittelbarer Nähe: Bäcker, Friseur, Hallenbad mit medizinischer Abteilung, Stadthalle, weitläufige Parkanlage 'Schillerhöhe', Schiller-Nationalmuseum, Deutsches Literaturarchiv. Bushaltestelle direkt vor dem Haus. Gute Verkehrsanbindungen nach Ludwigsburg, Backnang und Stuttgart mit Auto, S-Bahn und Bus. Viele qualifizierte Allgemein- und Fachärzte am Ort, die auch ins Haus kommen. Krankenhaus in Marbach vorhanden.",Trägerverein 'Seniorenstift Schillerhöhe Marbach am Neckar e.V.' ist Mitglied im Diakonischen Werk Württemberg. Die Stadt Marbach ist als Gebäudeeigentümerin im Vorstand des gemeinnützigen Trägervereins vertreten.,Fertiggestellt 1986 mit breiter Beteiligung der Öffentlichkeit. Fast 120 Menschen finden im Seniorenstift Heimat und individuelle Hilfe. Vielfalt und Raum zur persönlichen Entfaltung sind Kennzeichen. Selbständiges Leben im Wohnstift mit Service und Sicherheit möglich. Alles richtet sich nach den Bedürfnissen der Bewohnerinnen und Bewohner. Förderverein vorhanden.,Es gibt einen Menüpunkt 'Kontakt & Formulare' auf der Webseite. Social Media: Instagram (@seniorenstiftmarbach) und Facebook (seniorenstiftmarbach) vorhanden.
8631,DRK Altenpflegeheim Widdumhof,Renninger Str. 12,71277,Rutesheim,48.808056954294,8.9426229217009,17771,07152 999500,,http://www.drk-altenpflegeheime-bb.de/heime-standorte/rutesheim-i.html,"Kurzzeitpflege, Langzeitpflege",True,"3.112,50 €",3543.1276000000003,2447.8974000000003,1226.2302000000002,0,3112.4992,2219.14,1226.2302000000002,0,3112.4992,2219.14,1226.2302000000002,0,3112.4992,2219.14,1226.2302000000002,0,3112.4992,2219.14,1226.2302000000002,0,,,,,,Teeküche ist für die individuelle Nutzung der Bewohner vorhanden,https://navigatoren.aok.de/etl/public/reports/2019/510/51081537871277-694dfd4ed2a60.pdf,0,,True,Besucher jederzeit willkommen,,Herr Ehnis (),,5,6,http://www.drk-altenpflegeheime-bb.de/heime-standorte/rutesheim-i.html,https://maps.google.com/?cid=10614610679856159225&g_mp=Cidnb29nbGUubWFwcy5wbGFjZXMudjEuUGxhY2VzLlNlYXJjaFRleHQQAhgEIAA,ChIJAXvvf1Fil0cR-dnkuSysTpM,3,,,,,,,,DRK Kreisverband Böblingen e. V. (Deutsches Rotes Kreuz),,
8856,Haus der Pflege St. Hildegard,Annette-von-Droste-Hülshof-Weg 6,71034,Böblingen,48.667726080626,9.0044710306972,18139,07031 204310,hildegard.boeblingen@stiftung-liebenau.de,https://www.stiftung-liebenau.de/pflege/angebot/boeblingen/haus-der-pflege-st-hildegard-1937/,Langzeitpflege,False,"3.365,70 €",3617.3524000000007,2540.6784000000002,1207.6740000000002,0,3365.6965,2538.85,1207.6740000000002,0,3365.6965,2538.85,1207.6740000000002,0,3365.6965,2538.85,1207.6740000000002,0,3365.6965,2538.85,1207.6740000000002,0,Pflegegrad 1: k.A.; Pflegegrad 2: k.A.; Pflegegrad 3: k.A.; Pflegegrad 4: k.A.; Pflegegrad 5: k.A.,2009,Eigene Haustiere; Einrichtungseigene Aufenthaltsmöglichkeiten im Freien,Telefonanschluss in den Bewohnerzimmern; TV- oder Kabelanschluss in den Bewohnerzimmern; Internetzugang in den Bewohnerzimmern; Möbelmitnahme möglich,Wäscheversorgung (insbesondere Kleidung); Für alle gesetzlich versicherten Bewohnerinnen und Bewohner besteht ein Beratungsangebot zur gesundheitlichen Versorgungsplanung nach § 132g SGB V durch einen weitergebildeten Berater.,"Spezielle Kostformen nach Absprache möglich (z. B. vegetarisch, ohne Schweinefleisch); Diätkost (z.B. Diabetiker- oder Reduktionskost); Zwischenmahlzeiten (z.B. Joghurt, Obst) zur freien Verfügung; Getränke (kalt/heiß) zur freien Verfügung; Einnahme von Mahlzeiten auf Wunsch im eigenen Zimmer möglich; Gemeinschaftliches Mittagessen möglich; Mahlzeiten werden in der Einrichtung zubereitet (nach Absprache); Zubereitung eigener Mahlzeiten möglich; Teeküche ist für die individuelle Nutzung der Bewohner vorhanden",https://navigatoren.aok.de/etl/public/reports/2019/510/51081924771034-69549f0c34818.pdf,0,,False,,Alle Wohn- und Gemeinschaftsflächen sind für die Bewohner und deren Angehörige in der Einrichtung barrierefrei zugänglich.,,23.08.2022,3.4,5,https://www.stiftung-liebenau.de/pflege/angebot/boeblingen/haus-der-pflege-st-hildegard-1937/,https://maps.google.com/?cid=13223086765927518320&g_mp=Cidnb29nbGUubWFwcy5wbGFjZXMudjEuUGxhY2VzLlNlYXJjaFRleHQQAhgEIAA,ChIJF_arUPzfC0ERcFBHzVrXgbc,21,,"Preisliste verfügbar als PDF-Download (preisliste-haus-st.hildegard-01.01.2026.pdf, 843 KB). Konkrete Preise sind nicht direkt auf der Webseite angegeben, müssen aus der PDF-Datei entnommen werden.","Individuell möblierbare Zimmer mit Bad, Balkone/Terrassen mit Zugang zum Garten. Gebäude aufgeteilt in drei Etagen, Pflegeplätze im EG und 1. OG, Wohnungen im 2. OG.","40 Dauerpflegeplätze, 4 Kurzzeitpflegeplätze, 13 Wohnungen im Heimgebundenen Wohnen. Pflege und Versorgung für demenziell erkrankte Menschen geeignet.","Pflege und Versorgung für demenziell erkrankte Menschen geeignet, Komplementäre Pflegeangebote, Tiertherapie, Beratung für Gesundheitliche Versorgungsplanung (GVP)","Feiern und Feste im Jahreskreis, Ausflüge, Konzerte, Theater und vielerlei Aktivitäten und Freizeitangebote, Tiertherapie","Im Stadtteil Diezenhalde gelegen, zwischen Nordschwarzwald und Schwäbischer Alb, zentral in der Ortsmitte, Einkaufsmöglichkeiten und Nahversorgung vorhanden, ÖPNV-Anbindung an Bus, medizinische Versorgung durch Allgemeinmediziner und Apotheken, großzügiger Gemeinschaftsbereich mit offener Wohnküche, Zugang zum Garten","Liebenau Leben im Alter gemeinnützige GmbH, Teil der Stiftung Liebenau (kirchlicher Träger)","Familiäre, wohnliche Atmosphäre, Andachtsraum, Begegnungsraum, Tiertherapie, Komplementäre Pflegeangebote, Mahlzeiten täglich frisch und überwiegend aus regionalen Produkten, Diät-/Schonkost, Vegetarische/Vegane Kost, Kooperationen mit Stadt, Kirchen, Kindertagesstätten, Schulen und Vereinen, Ausgebildete fachlich qualifizierte Mitarbeitende, Seelsorgerische Begleitung, Qualitätsmanagement, Pflegestandards des Dt. Netzwerks zur Qualitätsentwicklung in der Pflege (DNQP), Regelmäßige Prüfung durch den Medizinischen Dienst (MD), Moderne Bauweise","Einrichtungsleitung: Joana Winterstein, Telefon: +49 7031 20431-0, E-Mail: hildegard.boeblingen@stiftung-liebenau.de, Adresse: Annette-von-Droste-Hülshoff-Weg 6, 71034 Böblingen. Pflegeplatzberatung: Silke Arnold / René Fraas, Telefon: +49 7542 10-4000, E-Mail: pflegeplatz@stiftung-liebenau.de, Sprechzeiten: Mo.-Do. 9:00-11:00 und 14:00-16:00 Uhr"
8461,DRK Altenpflegeheime Haus am Rankbach,Schwanenstr. 22,71272,Renningen,48.766243952159,8.933763916032,18257,07159 92630,,https://www.drk-kv-boeblingen.de/start/angebote/altenpflege/aph-renningen.html,"Kurzzeitpflege, Langzeitpflege",True,"3.058,45 €",3369.1252000000004,2315.2662,1184.8590000000002,0,3058.4545,2204.23,1184.8590000000002,0,3058.4545,2204.23,1184.8590000000002,0,3058.4545,2204.23,1184.8590000000002,0,3058.4545,2204.23,1184.8590000000002,0,,,,,,Teeküche ist für die individuelle Nutzung der Bewohner vorhanden,https://navigatoren.aok.de/etl/public/reports/2019/510/51081114771272-6982d77a435db.pdf,0,,True,Besucher jederzeit willkommen,,Frau Winter (),,2.6,9,https://www.drk-kv-boeblingen.de/start/angebote/altenpflege/aph-renningen.html,https://maps.google.com/?cid=639249688076269785&g_mp=Cidnb29nbGUubWFwcy5wbGFjZXMudjEuUGxhY2VzLlNlYXJjaFRleHQQAhgEIAA,ChIJH78AOoVhl0cR2biQVDQS3wg,11,,Eine Preisliste ist verfügbar als PDF-Dokument: 01.01.26_bis_30.06.26_Preisliste_H._a._Rankbach_Renningen.pdf (gültig vom 01.01.2026 bis 30.06.2026). Konkrete Preisangaben sind auf der Webseite nicht direkt genannt.,"39 Einzelzimmer mit jeweils ca. 19 qm sowie 18 Doppelzimmer mit jeweils ca. 27 qm. Alle Zimmer sind möbliert und haben Zugang zu einem eigenen Sanitärbereich (Toilette, Waschbecken, Dusche). Sie verfügen über Anschlüsse für TV, Radio und Telefon. Eigene Möbel können auf Wunsch mitgebracht werden.","Dauer- und Kurzzeitpflege: 75 Plätze, davon 3 Kurzzeitpflegeplätze. Für mittel- bis schwer demenzkranke Pflegebedürftige steht eine Wohngruppe mit eigenem Außenbereich zur Verfügung (Beschützte Gruppe).",Spezielle Betreuung für demenzkranke Pflegebedürftige in einer Beschützten Gruppe/Wohngruppe mit eigener Terrasse und kleinem Gartenbereich.,"Die Mitarbeiter der Tagesbetreuung sorgen für Aktivitäten und Abwechslung im Alltag. Ehrenamtliche Mitarbeiterinnen und Mitarbeiter aus der Stadt bringen sich auf vielfältige Weise für die Hausbewohner ein. Wöchentlich findet ein Gottesdienst durch die örtlichen Pfarrer statt. Offener Mittagstisch für Senioren aus der Gemeinde. Café lädt auch Gäste von außerhalb ein. Unterstützung durch Vereine, Schulen und Kindergärten.","Zentral in der Stadtmitte gelegen und doch vom Durchgangsverkehr befreit. Das Pflegeheim ist eingebunden in das Seniorenzentrum mit Altenwohnungen, eigener Begegnungsstätte und einem Café. Den Bewohnerinnen und Bewohnern bieten sich behinderten- und rollstuhlgerechte Spazierwege entlang des Rankbachs direkt vor dem Haus an. Adresse: Schwanenstraße 22, 71272 Renningen.",DRK Kreisverband Böblingen e.V. (Deutsches Rotes Kreuz),"Das Haus ist gut in die Stadt integriert. Jede der drei Wohngruppen verfügt über einen Speisesaal sowie eine Fernsehecke. Aufenthaltsmöglichkeiten im Freien und in der großzügigen Eingangshalle. Offener Mittagstisch und Café für externe Gäste. Enge Zusammenarbeit mit lokalen Vereinen, Schulen und Kindergärten.","Heimleiter: Franky Koungang Likeufack, Tel: 07159 9263-12, Fax: 07159 9263-50, E-Mail: leitung_renn(at)drkbb(dot)org. Verwaltung: Tel.: 07159 9263-12. Informationen zur Aufnahme sind über einen Link verfügbar. Aufnahmeantrag und vorvertragliche Informationen als PDF-Dokumente verfügbar."
8180,Haus Edelberg Seniorenzentrum Plochingen,Eisenbahnstr. 54,73207,Plochingen,48.713824987725,9.412068924621,18477,07153 99550,plochingen@haus-edelberg.de,,"Kurzzeitpflege, Langzeitpflege",True,"2.578,38 €",2948.7208000000005,2059.7382000000002,1019.9826,0,2578.3811,1833.41,1019.9826,0,2578.3811,1833.41,1019.9826,0,2578.3811,1833.41,1019.9826,0,2578.3811,1833.41,1019.9826,0,"Pflegegrad 1: 1 Vollzeitstelle: 4,8 Pflegebedürftige; Pflegegrad 2: 1 Vollzeitstelle: 3,8 Pflegebedürftige; Pflegegrad 3: 1 Vollzeitstelle: 2,6 Pflegebedürftige; Pflegegrad 4: 1 Vollzeitstelle: 2,0 Pflegebedürftige; Pflegegrad 5: 1 Vollzeitstelle: 1,8 Pflegebedürftige",2017,"Einrichtungseigene Aufenthaltsmöglichkeiten im Freien: Balkone auf den Wohnbereichen, Terrasse im EG; Eigene Haustiere erlaubt: Kleintiere wie z.B. Vögel im Käfig nach Absprache",Telefonanschluss in den Bewohnerzimmern; TV- oder Kabelanschluss in den Bewohnerzimmern; Internetzugang in den Bewohnerzimmern: Freies W-LAN im Haus; Möbelmitnahme möglich,"Wäscheversorgung (insbesondere Kleidung); Gymnastik, Gedächtnistraining, Musik und Singen, Kreativgruppen, Erinnerungsrunde uvm.; Es gibt ein Angehörigenkonzept in der Einrichtung; Friseur und Fußpflege","Mahlzeiten werden in der Einrichtung zubereitet (nach Absprache): Zentralküche im Haus; Teeküche ist für die individuelle Nutzung der Bewohner vorhanden; Spezielle Kostformen nach Absprache möglich (z. B. vegetarisch, ohne Schweinefleisch); Diätkost (z.B. Diabetiker- oder Reduktionskost); Zwischenmahlzeiten (z.B. Joghurt, Obst) zur freien Verfügung; Getränke (kalt/heiß) zur freien Verfügung; Einnahme von Mahlzeiten auf Wunsch im eigenen Zimmer möglich; Zubereitung eigener Mahlzeiten möglich; Gemeinschaftliches Mittagessen möglich",https://navigatoren.aok.de/etl/public/reports/2019/510/51080167973207-69634e20a8fe5.pdf,0,,False,,Alle Wohn- und Gemeinschaftsflächen sind für die Bewohner und deren Angehörige in der Einrichtung barrierefrei zugänglich.,,,3.6,25,,https://maps.google.com/?cid=2487157227847915022&g_mp=Cidnb29nbGUubWFwcy5wbGFjZXMudjEuUGxhY2VzLlNlYXJjaFRleHQQAhgEIAA,ChIJfW5fMRm_mUcRDpZrOlIohCI,3,,,,,,,,,,
8828,ASB Residenz Neckarblick,Mörikestr. 3,71726,Benningen,48.942972947039,9.2454389852652,18558,07144 897340,info@asb-lb.de,https://asb-lb.de/pflege_seniorenresidenz-neckarblick,"Kurzzeitpflege, Langzeitpflege",True,"3.250,51 €",3513.3160000000007,2466.7578000000003,1177.5582000000002,0,3250.5127,2438.77,1177.5582000000002,0,3250.5127,2438.77,1177.5582000000002,0,3250.5127,2438.77,1177.5582000000002,0,3250.5127,2438.77,1177.5582000000002,0,Pflegegrad 1: k.A.; Pflegegrad 2: k.A.; Pflegegrad 3: k.A.; Pflegegrad 4: k.A.; Pflegegrad 5: k.A.,,Einrichtungseigene Aufenthaltsmöglichkeiten im Freien; Eigene Haustiere,Telefonanschluss in den Bewohnerzimmern; TV- oder Kabelanschluss in den Bewohnerzimmern; Internetzugang in den Bewohnerzimmern; Möbelmitnahme,Fahr- und Begleitdienste; Einzugsgespräch in der Pflegeeinrichtung,"Mahlzeiten werden in der Einrichtung zubereitet (nach Absprache); Teeküche ist für die individuelle Nutzung der Bewohner vorhanden; Spezielle Kostformen nach Absprache möglich (z. B. vegetarisch, ohne Schweinefleisch); Diätkost (z.B. Diabetiker- oder Reduktionskost); Zwischenmahlzeiten (z.B. Joghurt, Obst) zur freien Verfügung; Getränke (kalt/heiß) zur freien Verfügung; Einnahme von Mahlzeiten auf Wunsch im eigenen Zimmer möglich; Zubereitung eigener Mahlzeiten möglich; Gemeinschaftliches Mittagessen möglich",https://navigatoren.aok.de/etl/public/reports/2019/510/51081875871726-694dfd52184bf.pdf,0,,True,Besucher jederzeit willkommen,,Frau Hauptvogel (),,5,11,https://asb-lb.de/pflege_seniorenresidenz-neckarblick,https://maps.google.com/?cid=8340492269283727574&g_mp=Cidnb29nbGUubWFwcy5wbGFjZXMudjEuUGxhY2VzLlNlYXJjaFRleHQQAhgEIAA,ChIJu4WavqPRmUcR1liMcodhv3M,6,,,"38 Einzelzimmer und 5 Doppelzimmer auf vier Ebenen. Jedes Zimmer mit Dusche und WC, TV-Gerät, Telefonanschluss und WLAN. Individuelle Einrichtung und Ausstattung nach Absprache möglich.",Stationäre und Kurzzeitpflege. Pflege und Betreuung durch qualifiziertes Personal. Pflege- und Betreuungsleistungen werden auf die persönlichen Bedürfnisse zugeschnitten.,,Abwechslungsreiche Freizeitgestaltung in der Gruppe und individuell. Regelmäßige Gottesdienste. Regelmäßige Veranstaltungen und Aktivitäten im Aufenthaltsbereich mit Leseecke.,Zentral oberhalb des Bahnhofs von Benningen mit direktem S-Bahn-Anschluss und wunderschönem Blick auf den Neckar. Geschäfte befinden sich in unmittelbarer Nähe.,ASB (Arbeiter-Samariter-Bund) Ludwigsburg,"Komplett neu gestalteter Aufenthaltsbereich mit Leseecke als Mittelpunkt der Seniorenresidenz. Aufenthaltsräume mit gemütlichen Sitzecken. Vermittlung von Ärzten, Logopäden, Ergotherapeuten, Physiotherapeuten, Friseuren, Fußpflegern. Zusammenarbeit mit Apotheken, Sanitätshäusern, Optikern und Hörgeräteakustikern.","Daniel Bayer, Telefon: 07144 89734-0, E-Mail: leitung.benningen@asb-lb.de"
8745,DRK Seniorenzentrum Haus im Park,Weberstr. 1,73240,Wendlingen,48.673098977951,9.3745529427364,18569,07024 409800,info@haus-im-park-ggmbh.de,https://www.drk-seniorenzentren.de/start/unsere-haeuser/unsere-haeuser/haus-im-park.html,"Kurzzeitpflege, Langzeitpflege",True,"2.744,60 €",3188.7346000000007,2237.9994,1081.7352,0,2744.5987,1956.31,1081.7352,0,2744.5987,1956.31,1081.7352,0,2744.5987,1956.31,1081.7352,0,2744.5987,1956.31,1081.7352,0,,,,,,Teeküche ist für die individuelle Nutzung der Bewohner vorhanden,https://navigatoren.aok.de/etl/public/reports/2019/510/51081747273240-694ce1ee5dcaa.pdf,0,,False,,,,,3.7,6,https://www.drk-seniorenzentren.de/start/unsere-haeuser/unsere-haeuser/haus-im-park.html,https://maps.google.com/?cid=12636017591642510484&g_mp=Cidnb29nbGUubWFwcy5wbGFjZXMudjEuUGxhY2VzLlNlYXJjaFRleHQQAhgEIAA,ChIJ665xPOm_mUcRlFRwFQ0nXK8,7,,,31 Einzelzimmer für Kurzzeit- und Dauerpflege,"Kurzzeitpflege, Dauerpflege",,"Offene Angebote, wie z. B. offener Mittagstisch, Café, jahreszeitliche Veranstaltungen, öffentlich stattfindender Cafénachmittag","Nahe dem Wendlinger Stadtkern gelegen, zentrale Lage in der Nähe der Stadtmitte, gut mit öffentlichen Verkehrsmitteln zu erreichen. Das Haus ist auf dem Areal des Bahnhofsparks entstanden. Die Teilnahme am kulturellen Leben der Stadt Wendlingen am Neckar ist durch die Nähe zu Cafés, Eisdielen, Ladengeschäften und der Stadthalle möglich.",Das DRK-Seniorenzentrum Haus im Park wurde von der DRK-Zukunfts-Stiftung Nürtingen-Kirchheim/Teck errichtet. Als Betriebsträger hat der DRK-Kreisverband Nürtingen Kirchheim/Teck e. V. die Tochtergesellschaft DRK-Seniorenzentrum Haus im Park gGmbH gegründet.,"Netzwerk für ein gutes Alter - Eröffnet im Januar 2006. Die 31 Pflegeplätze teilen sich auf vier Wohnebenen mit familiärer Atmosphäre auf. Der große Gemeinschaftsraum im Erdgeschoss bietet vielfältige Nutzungsmöglichkeiten. Beratung zu allen Fragen rund um das Leben im Alter. Motivierte hauptamtliche Mitarbeiterinnen und Mitarbeiter, freiwillig Engagierte, Angehörige sowie junge Menschen arbeiten zusammen.","Frau Giacllin Sultana (Einrichtungsleitung), Frau Pinar Yildirim (Pflegedienstleitung), DRK-Seniorenzentrum Haus im Park, Weberstr. 1, 73240 Wendlingen am Neckar, Tel. 07022 7007-6400, Fax 07022 7007-6440"
8823,Seniorendomizil Haus Caspar,Gartenstr. 8,74321,Bietigheim-Bissingen,48.947168950571,9.1416449423922,18665,07142 4690,,https://www.compassio.de/standort/haus-caspar/,"Kurzzeitpflege, Langzeitpflege",True,"2.619,22 €",3013.5154,2110.8438,1033.6716,0,2619.2191,1865.35,1033.6716,0,2619.2191,1865.35,1033.6716,0,2619.2191,1865.35,1033.6716,0,2619.2191,1865.35,1033.6716,0,,,,,Einzugsgespräch in der Pflegeeinrichtung; Einzugsgespräch zu Hause,Teeküche ist für die individuelle Nutzung der Bewohner vorhanden,https://navigatoren.aok.de/etl/public/reports/2019/510/51081869074321-69705d7d5b721.pdf,3,https://navigatoren.aok.de/etl/public/images/nursing_home/image314042detail-63738b84e08f3.jpg; https://navigatoren.aok.de/etl/public/images/nursing_home/image314043detail-63738b84e145f.jpg; https://navigatoren.aok.de/etl/public/images/nursing_home/image314044detail-63738b84e1dde.jpg,True,Besucher jederzeit willkommen,,Leitung Seniorendomizil (),,2.7,20,https://www.compassio.de/standort/haus-caspar/,https://maps.google.com/?cid=18106109893135651149&g_mp=Cidnb29nbGUubWFwcy5wbGFjZXMudjEuUGxhY2VzLlNlYXJjaFRleHQQAhgEIAA,ChIJVcpjqo7TmUcRTVGJfATTRfs,30,,"Die Kosten für einen Pflegeplatz setzen sich aus mehreren Bestandteilen zusammen: den Pflegekosten, den Kosten für Unterkunft und Verpflegung sowie den Investitionskosten. Die Höhe der Pflegesätze wird jährlich in Zusammenarbeit mit den Pflegekassen neu verhandelt und angepasst. Je nach Pflegegrad übernimmt die private Pflegepflichtversicherung oder die Pflegekasse einen festgelegten Anteil der Pflegekosten. Der verbleibende Eigenanteil wird von den Pflegebedürftigen selbst gezahlt. Kurzzeitpflege: Die Pflegekasse übernimmt jeweils anteilig Leistungen für die stationäre Kurzzeitpflege in Höhe von bis zu 1.612 Euro im Kalenderjahr.","132 Plätze insgesamt. 92 Einzelzimmer und 20 Doppelzimmer. Die Zimmer sind mit modernster Ausstattung und einem schönen Ausblick ins Grüne ausgestattet. Einzelzimmer mit eigenem Bad und funktioneller Einrichtung, die durch persönliche Möbel und Dekoration heimelig gestaltet werden können.","Dauerpflege (vollstationäre Pflegeplätze), Kurzzeitpflege (maximal 28 Tage pro Jahr), Tagespflege (montags bis freitags), Betreutes Wohnen, Verhinderungspflege (maximal 28 Tage pro Jahr)","Demenzpflege ist eine Kernkompetenz. Beschützter Bereich mit eigenem, liebevoll angelegten Garten für Menschen mit Demenz. Gerontopsychiatrisch veränderte Menschen werden in der Tagespflege betreut.","Gemeinsames Singen, Basteln, Spielen, Sport. Alltagsorientierte Aufgaben wie Wäsche zusammenlegen oder Kuchen backen. Kinonachmittage, Handarbeitsgruppe. Musikalische und kulturelle Veranstaltungen. Café 'Buch'. Besuchshunde. Vorlesen aus der Tageszeitung, Gesellschaftsspiele, Handarbeiten, sportliche Übungen. Bewegungsangebote, Gruppenangebote und kommunikative Angebote, kreative Angebote, Ausflugsfahrten in die nähere Umgebung.","Idyllisch an der Enz in Bietigheim-Bissingen gelegen. Eigene Bushaltestelle vor dem Seniorendomizil. Stadtzentrum unmittelbar mit öffentlichen Verkehrsmitteln erreichbar. Diverse Einkaufsmöglichkeiten, Restaurants und Sehenswürdigkeiten in der Nähe. Ausgedehnte Grünflächen, großzügig angelegte Terrassen, Sonnenbalkone und Sitzgelegenheiten. Badepark Ellental, Stadtmuseum, Historisches Museum, Hornmoldhaus in der Umgebung. Jährlicher Pferdemarkt. Schönes Einkaufsviertel in Buch.",compassio Gruppe (privater Träger),"2008 eröffnet. Eines der modernsten Immobilienportfolios der Branche. Familiäre Wohnbereiche nach bekannten Örtlichkeiten der Stadt benannt: Ellental, Helenenburg, Enzufer, Bruchwald und Metterufer. Personenbezogenes Notrufsystem in allen Bereichen. Täglich frisch zubereitete Mahlzeiten durch modernste Garmethoden und innovative Zubereitungsverfahren. Eigene Küchen- und Service-Teams. Sehr gute Bewertung des Medizinischen Dienstes, deutschlandweit auf Platz 2 im Qualitätsreport. Fahrdienst für Tagespflege an ausgewählten Standorten. Café für Bewohner und externe Gäste. Neues Trainingssystem zur Sturzprävention. Intensive Investitionen in Qualitätssicherung und Digitalisierung. Nachhaltigkeit und Umweltschutz: Umstellung auf regenerative Energien, Digitalisierung zur Ressourcenschonung.","Seniorendomizil Haus Caspar, Gartenstr. 8, 74321 Bietigheim-Bissingen. Telefon: +49 7142 469-0. Gabriele Feuerbacher (Einrichtungsleitung): BTG-EL@compassio.de, +49 7142 469-0. Melanie Däubler (Pflegedienstleitung): BTG-PDL@compassio.de, +49 7142 469-0. Medizinproduktsicherheitsbeauftragter: BTG-MPS@compassio.de"
8456,Johanniterstift,Johanniterstr. 16,73207,Plochingen,48.715473985729,9.4166239221006,18709,07153 6090,johanniterstift@ev-heimstiftung.de,https://www.ev-heimstiftung.de/plochingen-johanniterstift/,"Kurzzeitpflege, Langzeitpflege",True,"3.166,80 €",3417.4930000000004,2415.3480000000004,1133.145,0,3166.7955,2392.53,1133.145,0,3166.7955,2392.53,1133.145,0,3166.7955,2392.53,1133.145,0,3166.7955,2392.53,1133.145,0,"Pflegegrad 1: 1 Vollzeitstelle: 4,5 Pflegebedürftige; Pflegegrad 2: 1 Vollzeitstelle: 3,5 Pflegebedürftige; Pflegegrad 3: 1 Vollzeitstelle: 2,5 Pflegebedürftige; Pflegegrad 4: 1 Vollzeitstelle: 1,9 Pflegebedürftige; Pflegegrad 5: 1 Vollzeitstelle: 1,7 Pflegebedürftige",1991,"Einrichtungseigene Aufenthaltsmöglichkeiten im Freien: großzügige Parkanlage, jeder Wohnbereich verfügt zudem über Balkon/Terrasse; Eigene Haustiere erlaubt: nach Absprache mit der Hausdirektion","Telefonanschluss in den Bewohnerzimmern: Jedes Zimmer hat die Möglichkeit einen eigenen Anschluss über Telefonanbieter einzurichten; TV- oder Kabelanschluss in den Bewohnerzimmern: Kabelanschluss; Internetzugang in den Bewohnerzimmern: WLAN in der gesamten Einrichtung; Möbelmitnahme möglich: Zimmer sind mit Pflegebett, Nachttisch, Schrank, Tisch und Stuhl ausgestattet","Wäscheversorgung (insbesondere Kleidung); Reinigung der Zimmer; Hausmeisterservice; Soziale Betreuung; Musiknachmittage. Kunsttherpie, Sturzprophylaxe, Gedächstnistraining, Besuch von Therapiehunden; Für alle gesetzlich versicherten Bewohnerinnen und Bewohner besteht ein Beratungsangebot zur gesundheitlichen Versorgungsplanung nach § 132g SGB V durch einen weitergebildeten Berater.; 14 tägig am Mittwoch Nachmittag offenes Café Angebot","Mahlzeiten werden in der Einrichtung zubereitet (nach Absprache): Mittagessen wird im Cook und Chill Verfahren auf jedem Wohnbereich frisch zubereitet; Zubereitung eigener Mahlzeiten möglich; Teeküche ist für die individuelle Nutzung der Bewohner vorhanden; Spezielle Kostformen nach Absprache möglich (z. B. vegetarisch, ohne Schweinefleisch); Diätkost (z.B. Diabetiker- oder Reduktionskost); Zwischenmahlzeiten (z.B. Joghurt, Obst) zur freien Verfügung; Getränke (kalt/heiß) zur freien Verfügung; Einnahme von Mahlzeiten auf Wunsch im eigenen Zimmer möglich; Gemeinschaftliches Mittagessen möglich",https://navigatoren.aok.de/etl/public/reports/2019/510/51081109073207-694ce1e6756ad.pdf,0,,True,Besucher jederzeit willkommen,Alle Wohn- und Gemeinschaftsflächen sind für die Bewohner und deren Angehörige in der Einrichtung barrierefrei zugänglich.,,,3.3,16,https://www.ev-heimstiftung.de/plochingen-johanniterstift/,https://maps.google.com/?cid=14445331695809674154&g_mp=Cidnb29nbGUubWFwcy5wbGFjZXMudjEuUGxhY2VzLlNlYXJjaFRleHQQAhgEIAA,ChIJ4XXOoR-_mUcRqjtth6QgeMg,67,,Entgeltübersicht verfügbar als PDF-Download. Link zu Kosten-Informationen vorhanden.,,"Stationäre Pflege, Kurzzeitpflege, Tagespflege, Ambulante Pflege, Palliative Care. Weitere Leistungsangebote verfügbar.",Palliative Care,Kultur & Freizeit Angebote vorhanden. Betreuung und Begleitung.,"Plochingen, Johanniterstraße 16, 73207 Plochingen","Evangelische Heimstiftung GmbH - größtes diakonisches Pflegeunternehmen mit über 170 Einrichtungen in Baden-Württemberg, seit 1952 tätig","Teil der starken Gemeinschaft der Evangelischen Heimstiftung. Selbstbestimmt, professionell umsorgt, voller Leben. Gute Pflege seit 1952. Ehrenamtliches Engagement möglich. Freundeskreis und Förderverein vorhanden. WohnenPLUS in der Residenz verfügbar. Betreutes Wohnen am Standort verfügbar.","Hausdirektor: Tobias Lechner
Adresse: Johanniterstraße 16, 73207 Plochingen
Telefon: 07153 609-0
Fax: 07153 609-555
E-Mail: johanniterstift@ev-heimstiftung.de

Zentrales Gute-Pflege-Center:
Telefon-Beratung (Mo-Fr 08:00-17:00 Uhr): 0711 95 96 97 97
Online-Beratung: www.onlineberatung.ev-heimstiftung.de"
8109,Seniorenzentrum Taläcker,Nürtinger Str. 40,73240,Wendlingen,48.667161878042,9.3702389632475,18770,07024 46952400,sz-wendlingen@zieglersche.de,https://www.zieglersche.de/sz-wendlingen,Langzeitpflege,False,"3.204,31 €",3444.5668,2425.0824000000002,1150.4844,0,3204.3054000000006,2416.26,1150.4844,0,3204.3054000000006,2416.26,1150.4844,0,3204.3054000000006,2416.26,1150.4844,0,3204.3054000000006,2416.26,1150.4844,0,,,,,,Teeküche ist für die individuelle Nutzung der Bewohner vorhanden,https://navigatoren.aok.de/etl/public/reports/2019/510/51080063473240-693aa4cdd3587.pdf,0,,False,,,,,4.3,75,https://www.zieglersche.de/sz-wendlingen,https://maps.google.com/?cid=14409243121158258723&g_mp=Cidnb29nbGUubWFwcy5wbGFjZXMudjEuUGxhY2VzLlNlYXJjaFRleHQQAhgEIAA,ChIJ4bpkOuS_mUcRIwDhdkbq98c,51,,"Für vollstationäre (Dauer-) Pflege, Kurzzeit- oder Verhinderungspflege und Tagespflege sind PDF-Dokumente mit Pflegesätzen verfügbar. Die genauen Kosten setzen sich zusammen aus Leistungen der Pflegekasse und dem verbleibenden Eigenanteil. Bei Schwierigkeiten, den Eigenanteil aufzubringen, kann Unterstützung bei der Pflegekasse oder Gemeindeverwaltung beantragt werden.","90 helle, moderne Einzelzimmer mit Bad. Alle Zimmer sind mit Telefon-, TV- und Radioanschluss sowie einem Notrufsystem ausgestattet. Sie verfügen über ein Pflegebett, Nachttisch und Kleiderschrank. Die Zimmer sind möbliert, können jedoch gerne individuell mit eigenen Möbeln, Erinnerungsstücken, Bildern oder Pflanzen eingerichtet werden. Zimmer mit Hotelstandard.","Dauerpflege (vollstationäre Pflege), Kurzzeitpflege (z.B. nach einem Krankenhausaufenthalt oder zur Entlastung pflegender Angehöriger), Tagespflege (tagsüber im Zentrum, abends wieder daheim), Verhinderungspflege. Zusätzlich: 35 Betreute Wohnungen direkt neben dem Pflegeheim.","Demenzbetreuung: Menschen mit Demenz werden von Pflegekräften mit Spezialkenntnissen begleitet. Palliative Care: Begleitung in der palliativen Phase durch Pflegekräfte mit Spezialkenntnissen in Kooperation mit erfahrenen Medizinern, Seelsorgern und weiteren Mitarbeitenden. Zusammenarbeit mit dem Hospizdienst. Pflegedokumentation mit voize.","Gedächtnistraining, altersgerechtes Bewegungsprogramm, kreatives Gestalten, umfangreiches Aktivierungsprogramm, Generationenbrücke (Projekte mit örtlichen Schulen und Kindergärten), Spaziergänge und Ausflüge, Einzelbetreuung und Gruppenbetreuung, jahreszeitliche Feste und Feiern, Handarbeit, Backen. Jeden zweiten Mittwoch: öffentliches Café von 14:30 Uhr bis 16:00 Uhr. Regelmäßige Gottesdienste im Haus. Wellness-Bereich mit Pflegebad.","In unmittelbarer Nähe befinden sich verschiedenste Einkaufsmöglichkeiten. Das Seniorenzentrum verfügt über eine schöne Gartenanlage mit vielen Sitzgelegenheiten und Rundwegen sowie große Balkone in jedem Wohnbereich. Adresse: Nürtinger Straße 40, 73240 Wendlingen.",Die Zieglerschen e.V. – Wilhelmsdorfer Werke evangelischer Diakonie. Diakonisches Unternehmen mit Hauptsitz im oberschwäbischen Wilhelmsdorf. Gegründet vor mehr als 175 Jahren. Betreiber: Die Zieglerschen – Süd – gem. GmbH.,"Modernes Haus, neu eröffnet 2016. Helle, freundliche Zimmer mit Hotelstandard. Ausgezeichnet mit dem Siegel 'Familienbewusstes Unternehmen' (familyNET). Pflege nach aktuellsten Qualitätsstandards (Expertenstandards). Umsetzung von Expertenstandards zu: Dekubitusprophylaxe, chronische Wunden, Sturzprophylaxe, Harnkontinenz, Schmerzmanagement, Ernährungsmanagement, Mobilität erhalten, Demenz. Kooperation mit Schulen, Kindergärten, örtlichen Kirchengemeinden und Hospizdienst. Ehrenamtliches Engagement wird gefördert. Freie Besuchszeiten (rund um die Uhr), freie Arztwahl, individuelle Internetnutzung.","Seniorenzentrum Wendlingen, Nürtinger Straße 40, 73240 Wendlingen. Einrichtungsleitung: Suzana Tica. Verwaltung: Lejla Huskic, Fadimana Yigin. Telefon: 07024 46952-0, Fax: 07024 46952-499. E-Mail: bewerbung@zieglersche.de (für Bewerbungen). Altenhilfe Kontakt: Tannenbergstraße 44, 73230 Kirchheim/Teck, Telefon: 07021 72 70-0, Fax: 07021 72 70-30."
32693,Kleeblatt Pflegeheim Affalterbach,Seestraße 17,71563,Affalterbach,48.92407597002,9.3214809249083,18869,07141 968200,,http://www.kleeblatt-ggmbh.de/,Langzeitpflege,False,"3.369,76 €",3697.0528000000004,2686.3902000000003,1141.6626,0,3369.7590999999998,2621.29,1141.6626,0,3369.7590999999998,2621.29,1141.6626,0,3369.7590999999998,2621.29,1141.6626,0,3369.7590999999998,2621.29,1141.6626,0,,,,,,Teeküche ist für die individuelle Nutzung der Bewohner vorhanden,,0,,False,,,,,5,3,http://www.kleeblatt-ggmbh.de/,https://maps.google.com/?cid=12296309006427379052&g_mp=Cidnb29nbGUubWFwcy5wbGFjZXMudjEuUGxhY2VzLlNlYXJjaFRleHQQAhgEIAA,ChIJTY8ijA3MmUcRbFWKiORDpao,5,,,,,,,,,,
8750,AWO Pflegeheim an den Weinbergen,Vom-Stein-Str. 10,73630,Remshalden,48.810456963662,9.4364729169555,18929,0711 22903165,mpr@awo-wuerttemberg.de,http://www.pflegeheim-remshalden.de/,Langzeitpflege,False,"2.934,86 €",3249.2704000000003,2267.8110000000006,1112.4594,0,2934.8594,2144,1112.4594,0,2934.8594,2144,1112.4594,0,2934.8594,2144,1112.4594,0,2934.8594,2144,1112.4594,0,,,,,,Teeküche ist für die individuelle Nutzung der Bewohner vorhanden,https://navigatoren.aok.de/etl/public/reports/2019/510/51081756473630-694dfd50eea21.pdf,0,,False,,,,04.02.2026,4.1,18,http://www.pflegeheim-remshalden.de/,https://maps.google.com/?cid=12002477084566272694&g_mp=Cidnb29nbGUubWFwcy5wbGFjZXMudjEuUGxhY2VzLlNlYXJjaFRleHQQAhgEIAA,ChIJIaXYwCW4mUcRtrpWClFdkaY,6,,,,"Vollstationäre Pflege, Kurzzeitpflege, Tagespflege, Ambulante Pflege, Demenzbetreuung (gesonderte Wohngruppe für Menschen mit demenzieller Erkrankung), Betreutes Wohnen","Demenzbetreuung - Im Anbau befindet sich eine gesonderte Wohngruppe, die auf die besonderen Belange von Menschen mit demenzieller Erkrankung ausgerichtet ist","Vielfältige Veranstaltungen: Feste und Feiern, Aufführungen und Konzerte, regelmäßige Gottesdienste, Café Weinbergblick für Bewohner und Besucher","Zentral in Remshalden gelegen, direkt neben dem Rathaus, mitten im idyllischen Remstal. Modernes und lichtdurchflutetes Haus mit hellem Innenhof. Benachbartes Gebäude mit Café Weinbergblick",AWO Bezirksverband Württemberg e.V. (Arbeiterwohlfahrt),"Modernes und lichtdurchflutetes Haus mit hellem Innenhof, der wie ein Marktplatz funktioniert. Bewohner leben in familiären Wohngruppen. Café Weinbergblick im benachbarten Gebäude für Bewohner und Besucher. Qualitätsmanagement nach AWO-Standards","Einrichtungsleitung: Sabrina Lauria
Adresse: Vom-Stein-Straße 10, 73630 Remshalden
Telefon: 07151 - 20546 0
Fax: 07151 - 20546 19
E-Mail: phremshalden@awo-wuerttemberg.de"
8832,DAHEIM GmbH,Austr. 41,72669,Unterensingen,48.655527989423,9.3572689973438,19014,07022 909930,pflegeheim-unterensingen@ntz.de,https://www.daheim-pflegeheim.de/,"Kurzzeitpflege, Langzeitpflege",True,"3.055,63 €",3420.2308000000003,2442.1176,1109.1132,0,3055.6302,2290.02,1109.1132,0,3055.6302,2290.02,1109.1132,0,3055.6302,2290.02,1109.1132,0,3055.6302,2290.02,1109.1132,0,"Pflegegrad 1: 1 Vollzeitstelle: 4,6 Pflegebedürftige; Pflegegrad 2: 1 Vollzeitstelle: 3,6 Pflegebedürftige; Pflegegrad 3: 1 Vollzeitstelle: 2,6 Pflegebedürftige; Pflegegrad 4: 1 Vollzeitstelle: 2,1 Pflegebedürftige; Pflegegrad 5: 1 Vollzeitstelle: 1,9 Pflegebedürftige",2008,Eigene Haustiere; Einrichtungseigene Aufenthaltsmöglichkeiten im Freien,Telefonanschluss in den Bewohnerzimmern; TV- oder Kabelanschluss in den Bewohnerzimmern; Internetzugang in den Bewohnerzimmern; Möbelmitnahme möglich,"Wäscheversorgung (insbesondere Kleidung); Einzugsgespräch in der Pflegeeinrichtung; Bastelangebote, Sturzprophylaxe, Ausdauer, Sitzgymnastik, Gedächtnistrainings, Vorleseangebote; Angehörigenabende, Cafe in der Au, regelmäßige gemeinsame Feste wie Weihnachtsfeier, Konzerte usw.","Spezielle Kostformen nach Absprache möglich (z. B. vegetarisch, ohne Schweinefleisch); Diätkost (z.B. Diabetiker- oder Reduktionskost); Zwischenmahlzeiten (z.B. Joghurt, Obst) zur freien Verfügung; Getränke (kalt/heiß) zur freien Verfügung; Einnahme von Mahlzeiten auf Wunsch im eigenen Zimmer möglich; Gemeinschaftliches Mittagessen möglich; Teeküche ist für die individuelle Nutzung der Bewohner vorhanden; Mahlzeiten werden in der Einrichtung zubereitet (nach Absprache): Die Speisenversorgung erfolgt durch das Cafe in der Au, das sich im EG des Gebäudes befindet.; Zubereitung eigener Mahlzeiten möglich",https://navigatoren.aok.de/etl/public/reports/2019/510/51081880572669-697add347b2c6.pdf,3,https://navigatoren.aok.de/etl/public/images/nursing_home/image314332detail-63738b853cfba.jpg; https://navigatoren.aok.de/etl/public/images/nursing_home/image314333detail-63738b853df6b.jpg; https://navigatoren.aok.de/etl/public/images/nursing_home/image314334detail-63738b853eca0.jpg,True,Besucher jederzeit willkommen,Alle Wohn- und Gemeinschaftsflächen sind für die Bewohner und deren Angehörige in der Einrichtung barrierefrei zugänglich.,,,3.9,8,https://www.daheim-pflegeheim.de/,https://maps.google.com/?cid=8886482577333495716&g_mp=Cidnb29nbGUubWFwcy5wbGFjZXMudjEuUGxhY2VzLlNlYXJjaFRleHQQAhgEIAA,ChIJbxIaKVGVmUcRpCepTNIgU3s,1,,,,,,"Die Webseite verweist auf 'Aktivitäten im Haus', 'Terminkalender 2026' und 'Bilderrückblick 2025', was auf ein aktives Programm hindeutet. Spezifische Details sind auf der Hauptseite nicht aufgeführt.","Austraße 41, 72669 Unterensingen. Die Einrichtung befindet sich 'in der Au' (wie durch 'Cafe Restaurant i.d.Au' angedeutet).",DAHEIM GmbH - privater Träger,"Das Pflegeheim betont eine 'freundliche, familiäre Atmosphäre, Zuwendung und eine hohe Dienstleistungsqualität in einem schönen Ambiente'. Motto: 'Ich möchte mich zu Hause fühlen!'. Die Einrichtung ist ein Ausbildungsbetrieb, hat einen Förderverein e.V., engagiert sich sozial ('Wir helfen Kindern', Patenkind in Kenia, Handys für Familien in Not, Kinder- und Jugendhilfe Neuhausen, Briefmarken für Bethel), bietet Ehrenamt-Möglichkeiten und verfügt über ein Cafe Restaurant.","DAHEIM GmbH, Austraße 41, 72669 Unterensingen, Telefon: 07022/90 99 30. Weitere Ansprechpartner sind unter dem Menüpunkt 'Unsere Ansprechpartner' zu finden."
8827,Arbeiter-Samariter-Bund Seniorenzentrum Winnenden,Gerberstr. 6,71364,Winnenden,48.877808980607,9.3976589593169,19091,07195 977300,info@asb-wn.de,,"Kurzzeitpflege, Langzeitpflege",True,"3.157,96 €",3371.8630000000003,2307.9654,1194.8976,0,3157.9640999999997,2309.49,1194.8976,0,3157.9640999999997,2309.49,1194.8976,0,3157.9640999999997,2309.49,1194.8976,0,3157.9640999999997,2309.49,1194.8976,0,"Pflegegrad 1: 1 Vollzeitstelle: 4,5 Pflegebedürftige; Pflegegrad 2: 1 Vollzeitstelle: 3,5 Pflegebedürftige; Pflegegrad 3: 1 Vollzeitstelle: 2,5 Pflegebedürftige; Pflegegrad 4: 1 Vollzeitstelle: 1,9 Pflegebedürftige; Pflegegrad 5: 1 Vollzeitstelle: 1,7 Pflegebedürftige",2009,Eigene Haustiere; Einrichtungseigene Aufenthaltsmöglichkeiten im Freien,Telefonanschluss in den Bewohnerzimmern; TV- oder Kabelanschluss in den Bewohnerzimmern; Internetzugang in den Bewohnerzimmern: W-Lan; Möbelmitnahme möglich,"Wäscheversorgung (insbesondere Kleidung); Fahr- und Begleitdienste; Einzugsgespräch in der Pflegeeinrichtung; siehe Betreuungsangebote - Aushang in der Einrichtung; Beteiligung/Mitglied im Beirat der Bewohnenden; Friseur, Fußpflege, Wäschekennzeichnung","Mahlzeiten werden in der Einrichtung zubereitet (nach Absprache): Mittagessen vom Caterer im Cook&Chill-Verfahren; Teeküche ist für die individuelle Nutzung der Bewohner vorhanden; Spezielle Kostformen nach Absprache möglich (z. B. vegetarisch, ohne Schweinefleisch); Diätkost (z.B. Diabetiker- oder Reduktionskost); Zwischenmahlzeiten (z.B. Joghurt, Obst) zur freien Verfügung; Getränke (kalt/heiß) zur freien Verfügung; Einnahme von Mahlzeiten auf Wunsch im eigenen Zimmer möglich; Zubereitung eigener Mahlzeiten möglich; Gemeinschaftliches Mittagessen möglich",https://navigatoren.aok.de/etl/public/reports/2019/510/51081874771364-6925aac6e6b55.pdf,3,https://navigatoren.aok.de/etl/public/images/nursing_home/image321482detail-63738b8c4a6e8.jpg; https://navigatoren.aok.de/etl/public/images/nursing_home/image321483detail-63738b8c4b484.jpg; https://navigatoren.aok.de/etl/public/images/nursing_home/image321484detail-63738b8c4bfe4.jpg,True,Besucher jederzeit willkommen,Alle Wohn- und Gemeinschaftsflächen sind für die Bewohner und deren Angehörige in der Einrichtung barrierefrei zugänglich.,,,3.3,10,,https://maps.google.com/?cid=14309101803430615869&g_mp=Cidnb29nbGUubWFwcy5wbGFjZXMudjEuUGxhY2VzLlNlYXJjaFRleHQQAhgEIAA,ChIJo_yOi8DJmUcRPRtiAEcklMY,5,,,,,,,,,,
9944,Haus am Enzpark,Bahnhofstr. 47,74321,Bietigheim-Bissingen,48.946045983823,9.1075579197786,19096,07142 914340,haus-am-enzpark@ev-heimstiftung.de,https://www.ev-heimstiftung.de/bietigheim-bissingen-haus-am-enzpark/,"Kurzzeitpflege, Langzeitpflege",True,"3.139,80 €",3268.4350000000004,2253.2094,1146.2256,0,3139.7986,2345.38,1146.2256,0,3139.7986,2345.38,1146.2256,0,3139.7986,2345.38,1146.2256,0,3139.7986,2345.38,1146.2256,0,"Pflegegrad 1: 1 Vollzeitstelle: 4,5 Pflegebedürftige; Pflegegrad 2: 1 Vollzeitstelle: 3,5 Pflegebedürftige; Pflegegrad 3: 1 Vollzeitstelle: 2,5 Pflegebedürftige; Pflegegrad 4: 1 Vollzeitstelle: 1,9 Pflegebedürftige; Pflegegrad 5: 1 Vollzeitstelle: 1,7 Pflegebedürftige",2014,Einrichtungseigene Aufenthaltsmöglichkeiten im Freien; Eigene Haustiere erlaubt,Telefonanschluss in den Bewohnerzimmern; TV- oder Kabelanschluss in den Bewohnerzimmern; Internetzugang in den Bewohnerzimmern; Möbelmitnahme möglich,"Wäscheversorgung (insbesondere Kleidung); Gymnastik, Kreative Angebote, Gedächtnistraining, Nachtcafe, Spielnachmittage, Spaziergänge, Kochen; Möglichkeiten und Aktivitäten zur Einbeziehung der Angehörigen, z. B. Angehörigengruppen, Möglichkeit der Teilnahme an Mahlzeiten, Möglichkeiten der Einbindung in Aktivitäten (Feste, Feiern), Angehörigenabend etc.; Angabe von zusätzlichen kostenpflichtigen Dienstleistungsangeboten, die durch die Einrichtung vermittelt werden und von Bewohnerinnen bzw. Bewohnern in Anspruch genommen werden können, z. B. Friseur, Fußpflege","Mahlzeiten werden in der Einrichtung zubereitet (nach Absprache): außer das Mittagessen wird von der benachbarten Einrichtung geliefert; Teeküche ist für die individuelle Nutzung der Bewohner vorhanden; Spezielle Kostformen nach Absprache möglich (z. B. vegetarisch, ohne Schweinefleisch); Diätkost (z.B. Diabetiker- oder Reduktionskost); Zwischenmahlzeiten (z.B. Joghurt, Obst) zur freien Verfügung; Getränke (kalt/heiß) zur freien Verfügung; Einnahme von Mahlzeiten auf Wunsch im eigenen Zimmer möglich; Zubereitung eigener Mahlzeiten möglich; Gemeinschaftliches Mittagessen möglich",https://navigatoren.aok.de/etl/public/reports/2019/512/51281134574321-697add5ec5438.pdf,0,,False,,Alle Wohn- und Gemeinschaftsflächen sind für die Bewohner und deren Angehörige in der Einrichtung barrierefrei zugänglich.,,,3.8,21,https://www.ev-heimstiftung.de/bietigheim-bissingen-haus-am-enzpark/,https://maps.google.com/?cid=11322461425135437381&g_mp=Cidnb29nbGUubWFwcy5wbGFjZXMudjEuUGxhY2VzLlNlYXJjaFRleHQQAhgEIAA,ChIJS3n2FEDUmUcRRcZCXK12IZ0,9,,"Ein Link zu einer Entgeltübersicht (PDF) ist vorhanden, aber konkrete Preise werden auf dieser Seite nicht genannt.",,"Stationäre Pflege, Kurzzeitpflege, Tagespflege, Ambulante Pflege, Palliative Care. Zusätzlich wird Betreutes Wohnen angeboten.",Palliative Care,"Die Seite verweist auf einen Bereich 'Kultur & Freizeit', aber konkrete Aktivitäten werden auf dieser Übersichtsseite nicht aufgeführt.",Das Haus liegt in Bietigheim-Bissingen an der Bahnhofstraße 47. Der Name 'Haus am Enzpark' deutet auf die Nähe zum Enzpark hin.,"Evangelische Heimstiftung Württemberg GmbH - größtes diakonisches Pflegeunternehmen mit über 170 Einrichtungen in ganz Baden-Württemberg, gegründet 1952.","Teil der starken Gemeinschaft der Evangelischen Heimstiftung mit über 170 Einrichtungen. Anspruch seit 1952: 'Gute Pflege'. Zentrales Gute-Pflege-Center in Stuttgart bietet telefonische und Online-Beratung. Beschreibung: 'Selbstbestimmt, professionell umsorgt, voller Leben'.","Hausdirektorin: Lili Maier
Adresse: Bahnhofstraße 47, 74321 Bietigheim-Bissingen
Telefon: 07142 91434-0
E-Mail: haus-am-enzpark@ev-heimstiftung.de

Zentrales Gute-Pflege-Center:
Telefon-Beratung: 0711 95 96 97 97 (Mo-Fr 08:00-17:00 Uhr)
Online-Beratung: www.onlineberatung.ev-heimstiftung.de (jederzeit)"
8428,Dr. Vöhringer Heim,Schloßweg 11,72622,Nürtingen,48.637297947755,9.327164925037,19247,07022 505100,Thomas.Kaiser@samariterstiftung.de,https://www.samariterstiftung.de/standorte/altenpflege/esslingen/dr-voehringer-heim-nuertingen.html,Langzeitpflege,False,"3.161,76 €",3320.4532000000004,2307.0528000000004,1144.4004,0,3161.764899999999,2373.37,1144.4004,0,3161.764899999999,2373.37,1144.4004,0,3161.764899999999,2373.37,1144.4004,0,3161.764899999999,2373.37,1144.4004,0,"Pflegegrad 1: 1 Vollzeitstelle: 4,8 Pflegebedürftige; Pflegegrad 2: 1 Vollzeitstelle: 3,8 Pflegebedürftige; Pflegegrad 3: 1 Vollzeitstelle: 2,6 Pflegebedürftige; Pflegegrad 4: 1 Vollzeitstelle: 1,9 Pflegebedürftige; Pflegegrad 5: 1 Vollzeitstelle: 1,7 Pflegebedürftige",1955,Einrichtungseigene Aufenthaltsmöglichkeiten im Freien; Eigene Haustiere erlaubt: nach Absprache,Internetzugang in den Bewohnerzimmern; Telefonanschluss in den Bewohnerzimmern; TV- oder Kabelanschluss in den Bewohnerzimmern; Möbelmitnahme möglich,"Wäscheversorgung (insbesondere Kleidung); Reinigung der Zimmer; Einzugsgespräch in der Pflegeeinrichtung; Gottesdienst, Diavortrag, Singen, Backen am Backhaus, Bingo, Gymnastik, Gartenarbeit-/pflege; Angehörige sind immer willkommen sich in der Hausgemeinschaft mit einzubringen, sie werden beim Essen eingeben einbezogen; Für alle gesetzlich versicherten Bewohnerinnen und Bewohner besteht ein Beratungsangebot zur gesundheitlichen Versorgungsplanung nach § 132g SGB V durch einen weitergebildeten Berater.; Frisör, Fusßpflege","Mahlzeiten werden in der Einrichtung zubereitet (nach Absprache); Teeküche ist für die individuelle Nutzung der Bewohner vorhanden; Spezielle Kostformen nach Absprache möglich (z. B. vegetarisch, ohne Schweinefleisch); Diätkost (z.B. Diabetiker- oder Reduktionskost); Zwischenmahlzeiten (z.B. Joghurt, Obst) zur freien Verfügung; Getränke (kalt/heiß) zur freien Verfügung; Einnahme von Mahlzeiten auf Wunsch im eigenen Zimmer möglich; Zubereitung eigener Mahlzeiten möglich; Gemeinschaftliches Mittagessen möglich",https://navigatoren.aok.de/etl/public/reports/2019/510/51081045372622-697add324e98f.pdf,1,https://navigatoren.aok.de/etl/public/images/nursing_home/image291652detail-63738b67d06a8.jpg,True,Besucher jederzeit willkommen,Alle Wohn- und Gemeinschaftsflächen sind für die Bewohner und deren Angehörige in der Einrichtung barrierefrei zugänglich.,,,4.2,9,https://www.samariterstiftung.de/standorte/altenpflege/esslingen/dr-voehringer-heim-nuertingen.html,https://maps.google.com/?cid=13806711682461853655&g_mp=Cidnb29nbGUubWFwcy5wbGFjZXMudjEuUGxhY2VzLlNlYXJjaFRleHQQAhgEIAA,ChIJ7dtK7MXqmUcR1-dfxR9Lm78,77,,Eine Preisliste ist verfügbar als PDF-Download. Zusätzlich gibt es einen 'Flyer Kosten für gute Pflege'.,148 Dauerpflegeplätze in Einzel- und Doppelzimmern,"Dauerpflege (148 Plätze), Tages- und Kurzzeitpflege",Spezialisierte Wohnpflegegruppe für gerontopsychiatrisch beziehungsweise demenziell erkrankte Menschen (beschützender Bereich) mit eigenem beschützenden Garten (Ruth-Leuthe-Garten). Das Heim nimmt am Kinästhetik Projekt teil.,"Vielfältige Angebote zur Tagesgestaltung, breites Spektrum von Festen, Feiern und anderen Veranstaltungen. Religiöses Leben und regelmäßig stattfindende Gottesdienste, Raum der Stille. Zahlreiche Projekte für Jung und Alt.","Großzügig angelegtes Gebäude mit attraktivem, parkähnlichem Garten. Nähe zur Ortsmitte mit evangelischer Kirche und dem Schlößle. Einkaufsmöglichkeiten in unmittelbarer Nähe. Bushaltestelle mit Verbindungen zur Nürtinger Innenstadt (Bahnhof) sowie auf die Fildern und nach Stuttgart. Standort: Schlossweg 11, 72622 Nürtingen-Oberensingen.",Samariterstiftung (kirchlich/diakonisch),"Wohnpflegegruppen mit 14 bis 21 Bewohner/innen (ähnlich wie in einer Familie). Beschützender Garten (Ruth-Leuthe-Garten) mit Rundweg. Cafeteria mit einladender Sommerterrasse. Friseursalon und Fußpflege vor Ort. Sehr aktiver Förderverein und großes ehrenamtliches Engagement. Gemütliche Sitzecken, weitläufige Flure, Balkone und Terrassen. Jede Wohnpflegegruppe hat behagliche Aufenthaltsräume und große Balkone. Ausbildungsmöglichkeiten vorhanden. Verbindung zum Bürgerhaus Krone in Oberensingen (Treffpunkt für Jung und Alt).","Hausleitung: Manuela Bender, Telefon: 07022 / 505100, Adresse: Schlossweg 11, 72622 Nürtingen. Kontaktformular verfügbar. Platzanfrage-Formular verfügbar. Anmeldeformulare für Pflegehausaufnahme und Tagespflege als PDF-Download verfügbar."
32689,Samariterstift Am Laiblinspark,Schlossweg 1,72622,Nürtingen,48.636045971228,9.3264509440492,19334,0711 505200,,,"Kurzzeitpflege, Langzeitpflege",True,"3.327,75 €",3561.3796,2523.9474,1168.4322,0,3327.7467,2540.37,1168.4322,0,3327.7467,2540.37,1168.4322,0,3327.7467,2540.37,1168.4322,0,3327.7467,2540.37,1168.4322,0,,,,,,Teeküche ist für die individuelle Nutzung der Bewohner vorhanden,https://navigatoren.aok.de/etl/public/reports/2017/510/51081074972793-637390e62ba99.pdf,0,,False,,,,,,,,,,,,,,,,,,,,
8240,Haus ELIM Weiler zum Stein,Erich-Kästner-Weg 1,71397,Leutenbach,48.89805807008,9.3779738171699,19346,071959789230,michael.frank@haus-elim.org,https://www.haus-elim.de/,Langzeitpflege,False,"3.374,20 €",3590.2786000000006,2589.6546000000003,1131.6240000000003,0,3374.2045,2638.33,1131.6240000000003,0,3374.2045,2638.33,1131.6240000000003,0,3374.2045,2638.33,1131.6240000000003,0,3374.2045,2638.33,1131.6240000000003,0,Pflegegrad 1: k.A.; Pflegegrad 2: k.A.; Pflegegrad 3: k.A.; Pflegegrad 4: k.A.; Pflegegrad 5: k.A.,,Einrichtungseigene Aufenthaltsmöglichkeiten im Freien; Eigene Haustiere,Telefonanschluss in den Bewohnerzimmern; TV- oder Kabelanschluss in den Bewohnerzimmern; Internetzugang in den Bewohnerzimmern; Möbelmitnahme,,"Mahlzeiten werden in der Einrichtung zubereitet (nach Absprache); Spezielle Kostformen nach Absprache möglich (z. B. vegetarisch, ohne Schweinefleisch); Diätkost (z.B. Diabetiker- oder Reduktionskost); Zwischenmahlzeiten (z.B. Joghurt, Obst) zur freien Verfügung; Getränke (kalt/heiß) zur freien Verfügung; Einnahme von Mahlzeiten auf Wunsch im eigenen Zimmer möglich; Zubereitung eigener Mahlzeiten möglich; Gemeinschaftliches Mittagessen möglich; Teeküche ist für die individuelle Nutzung der Bewohner vorhanden",https://navigatoren.aok.de/etl/public/reports/2019/510/51080280771397-6982d779ea24d.pdf,0,,False,,,,20.11.2025,4.8,15,https://www.haus-elim.de/unsere-haeuser/weiler-zum-stein,https://maps.google.com/?cid=11952671868165215456&g_mp=Cidnb29nbGUubWFwcy5wbGFjZXMudjEuUGxhY2VzLlNlYXJjaFRleHQQAhgEIAA,ChIJixt5CI7JmUcR4NTKcrxr4KU,32,,,,,,,,,,
8795,Pflegeheim Geiselhart,Bismarckstr. 54,73240,Wendlingen,48.671403980849,9.3869629887235,19390,07024 409550,info@pflege-geiselhart.de,http://www.pflege-geiselhart.de/,Langzeitpflege,False,"3.231,01 €",3557.7292,2663.5752,1025.1540000000002,0,3231.0145,2595.13,1025.1540000000002,0,3231.0145,2595.13,1025.1540000000002,0,3231.0145,2595.13,1025.1540000000002,0,3231.0145,2595.13,1025.1540000000002,0,Pflegegrad 1: k.A.; Pflegegrad 2: k.A.; Pflegegrad 3: k.A.; Pflegegrad 4: k.A.; Pflegegrad 5: k.A.,,Einrichtungseigene Aufenthaltsmöglichkeiten im Freien; Eigene Haustiere,Telefonanschluss in den Bewohnerzimmern; TV- oder Kabelanschluss in den Bewohnerzimmern; Internetzugang in den Bewohnerzimmern; Möbelmitnahme,,"Mahlzeiten werden in der Einrichtung zubereitet (nach Absprache); Spezielle Kostformen nach Absprache möglich (z. B. vegetarisch, ohne Schweinefleisch); Diätkost (z.B. Diabetiker- oder Reduktionskost); Zwischenmahlzeiten (z.B. Joghurt, Obst) zur freien Verfügung; Getränke (kalt/heiß) zur freien Verfügung; Einnahme von Mahlzeiten auf Wunsch im eigenen Zimmer möglich; Zubereitung eigener Mahlzeiten möglich; Gemeinschaftliches Mittagessen möglich; Teeküche ist für die individuelle Nutzung der Bewohner vorhanden",https://navigatoren.aok.de/etl/public/reports/2019/510/51081824673240-697193f9ad320.pdf,0,,False,,,,,4,8,http://www.pflege-geiselhart.de/,https://maps.google.com/?cid=10609573224168817791&g_mp=Cidnb29nbGUubWFwcy5wbGFjZXMudjEuUGxhY2VzLlNlYXJjaFRleHQQAhgEIAA,ChIJuV9PYMS_mUcRfwQUraLGPJM,8,,"Es gibt einen Link zu 'Preise' auf der Webseite, aber die konkreten Preisinformationen sind auf der Hauptseite nicht sichtbar.",,"Häusliche Pflege, Tagespflege, Kurzzeitpflege, Verhinderungspflege, Dauerpflege, Pflegegeld, Pflegesachleistungen",,,"73240 Wendlingen, Bismarckstraße 54",,"Die Einrichtung bietet die Möglichkeit, einen Pflegeplatz direkt über carelist.de anzufragen. Es gibt ein Leitbild und Kooperationen. Prüfergebnisse und Downloads sind verfügbar.","Adresse: Bismarckstraße 54, 73240 Wendlingen
Telefon: 0 70 24 / 40 955 - 0
Fax: 0 70 24 / 40 955 - 20
E-Mail: info@pflege-geiselhart.de
Webseite: www.pflege-geiselhart.de
Pflegeplatz-Anfrage über: https://carelist.de/einrichtung/pflege-geiselhart/anfrage"
8502,Haus ELIM Leutenbach,Am Hungerberg 29,71397,Leutenbach,48.884333974852,9.3958139993864,19398,07195919020,,https://www.haus-elim.de/,Langzeitpflege,False,"3.374,20 €",3590.2786000000006,2589.6546000000003,1131.6240000000003,0,3374.2045,2638.33,1131.6240000000003,0,3374.2045,2638.33,1131.6240000000003,0,3374.2045,2638.33,1131.6240000000003,0,3374.2045,2638.33,1131.6240000000003,0,,,,,,Teeküche ist für die individuelle Nutzung der Bewohner vorhanden,https://navigatoren.aok.de/etl/public/reports/2019/510/51081176271397-697add33598b7.pdf,3,https://navigatoren.aok.de/etl/public/images/nursing_home/image286242detail-63738b5fa83d6.jpg; https://navigatoren.aok.de/etl/public/images/nursing_home/image286243detail-63738b5fa95f8.jpg; https://navigatoren.aok.de/etl/public/images/nursing_home/image286244detail-63738b5faa684.jpg,True,Besucher jederzeit willkommen,,,20.11.2025,4,10,https://www.haus-elim.de/,https://maps.google.com/?cid=10020997133557839512&g_mp=Cidnb29nbGUubWFwcy5wbGFjZXMudjEuUGxhY2VzLlNlYXJjaFRleHQQAhgEIAA,ChIJa7X085TJmUcRmDbsqMy7EYs,10,,,,,,,,,,
8816,Pro Seniore Residenz Ellental,Schwarzwaldstr. 28-30,74321,Bietigheim-Bissingen,48.953510990436,9.122069933699,19630,07142 957899,bietigheim@pro-seniore.com,https://bietigheim.pro-seniore.de/,"Kurzzeitpflege, Langzeitpflege",True,"2.570,59 €",2854.7230000000004,1964.2194000000004,1021.5036,0,2570.5946,1822.46,1021.5036,0,2570.5946,1822.46,1021.5036,0,2570.5946,1822.46,1021.5036,0,2570.5946,1822.46,1021.5036,0,"Pflegegrad 1: 1 Vollzeitstelle: 4,0 Pflegebedürftige; Pflegegrad 2: 1 Vollzeitstelle: 3,6 Pflegebedürftige; Pflegegrad 3: 1 Vollzeitstelle: 2,6 Pflegebedürftige; Pflegegrad 4: 1 Vollzeitstelle: 2,1 Pflegebedürftige; Pflegegrad 5: 1 Vollzeitstelle: 1,8 Pflegebedürftige",2000,"Einrichtungseigene Aufenthaltsmöglichkeiten im Freien: Innenhof mit ""Sinnesgarten"", Sitzgelegenheiten vor den Eingangsbereichen.; Eigene Haustiere erlaubt: Nach Absprache.; Bibliothek",Internetzugang in den Bewohnerzimmern: Anschlussmöglichkeit vorhanden.; Telefonanschluss in den Bewohnerzimmern; TV- oder Kabelanschluss in den Bewohnerzimmern; Möbelmitnahme möglich: Nach Absprache.,"Wäscheversorgung (insbesondere Kleidung); Reinigung der Zimmer; Hausmeisterservice; Soziale Betreuung; Vielfältige Angebote der sozialen Betreuung durch eigene geschulte Mitarbeiter. Weitere Angebote durch Ehrenamtliche.; Fahr- und Begleitdienste; Einzugsgespräch in der Pflegeeinrichtung; Einzugsgespräch zu Hause; Hausmeisterservice; Soziale Betreuung; Tanztherapie, Bewegungs-,Gesprächs-,Erinnerungsrunde, Sturzprophylaxe, Stammtisch, Gedächtnisspiele.; Teilnahme an Festen und Feiern, Angehörigenabende, Mahlzeiten mit Bewohnern.; Friseur, med. Fußpflege,  Textilverkauf im Haus.","Mahlzeiten werden in der Einrichtung zubereitet (nach Absprache); Spezielle Kostformen nach Absprache möglich (z. B. vegetarisch, ohne Schweinefleisch); Diätkost (z.B. Diabetiker- oder Reduktionskost); Zwischenmahlzeiten (z.B. Joghurt, Obst) zur freien Verfügung; Getränke (kalt/heiß) zur freien Verfügung; Einnahme von Mahlzeiten auf Wunsch im eigenen Zimmer möglich; Zubereitung eigener Mahlzeiten möglich; Gemeinschaftliches Mittagessen möglich; Teeküche ist für die individuelle Nutzung der Bewohner vorhanden",https://navigatoren.aok.de/etl/public/reports/2019/510/51081856574321-693aa4d2e8429.pdf,3,https://navigatoren.aok.de/etl/public/images/nursing_home/image315212detail-63738b85eb1dd.jpg; https://navigatoren.aok.de/etl/public/images/nursing_home/image315213detail-63738b85ebec4.jpg; https://navigatoren.aok.de/etl/public/images/nursing_home/image315214detail-63738b85ec7d6.jpg,True,Besucher jederzeit willkommen,Alle Wohn- und Gemeinschaftsflächen sind für die Bewohner und deren Angehörige in der Einrichtung barrierefrei zugänglich.,Pro Seniore Residenz Ellental (),,3.4,19,https://bietigheim.pro-seniore.de/,https://maps.google.com/?cid=16437476227647482297&g_mp=Cidnb29nbGUubWFwcy5wbGFjZXMudjEuUGxhY2VzLlNlYXJjaFRleHQQAhgEIAA,ChIJYyITaGXUmUcRuSnbIIqlHeQ,13,,Es gibt einen Link zu 'Preise & Infos' mit dem Text 'Preis und Leistung – in bestem Verhältnis. Überzeugen Sie sich selbst!' - konkrete Preise sind auf der Hauptseite nicht angegeben.,Gemütliche Apartments (für selbstständiges Wohnen) und helle Pflegezimmer werden erwähnt. Konkrete Zimmergrößen oder Details zu Einzel-/Doppelzimmern sind nicht angegeben.,"Pflege wird angeboten (eigener Menüpunkt 'Pflege'), Betreutes Wohnen ist verfügbar. Spezifische Pflegearten wie Kurzzeitpflege oder Tagespflege werden nicht explizit genannt.",Ein spezieller Dementenbereich ist vorhanden. Verschiedene Therapieräume sind verfügbar.,"Umfangreiche Service- und ansprechende Freizeitangebote werden erwähnt (eigener Menüpunkt 'Freizeit'). Wellnessbereich mit Sonnenterrasse, Fitness- und Gymnastikraum, Bibliothek, Club- und Leseraum, Werkstatt/Hobbyraum, Atrium als 'Platz der Kultur' sind vorhanden.","Nahe dem Ellentalpark und dem 'Bad am Viadukt', nur wenige Gehminuten von der Altstadt entfernt und mit öffentlichen Verkehrsmitteln bequem zu erreichen. Gepflegte Außenanlage mit Verweilmöglichkeiten, ein Garten auf der südlichen Hausseite parkähnlich gestaltet.",Pro Seniore - Ein Mitglied der Victor's Group (privater Träger),"2. Platz der Top-Arbeitgeber 2025 - Pro Seniore belegt deutschlandweit den 2. Platz der begehrtesten Arbeitgeber der Branche. Moderner zweiteiliger Gebäudekomplex, Café mit Sommer-Terrasse, Friseursalon, großzügiges Foyer mit Rezeption, mehrere Speiseräume und Restaurant mit Sommer-Terrasse, Räumlichkeiten für private Feiern, Tiefgarage/Besucherparkplatz.","Pro Seniore Residenz Ellental, Schwarzwaldstraße 28-30, 74321 Bietigheim-Bissingen, Deutschland. Tel.: +49 7142 957-0, E-Mail: bietigheim(at)pro-seniore.com. Pflegeplatz-Hotline: 01801 848586 (3,9 ct/min a.d.dt. Festnetz, Mobilfunk max. 42 ct/min). Angebot: Gemeinsames Mittagessen mit persönlicher Führung möglich."
8751,Haus der Pflege Martinus,Seestr. 56,71093,Weil im Schönbuch,48.624325988206,9.0591709754833,19649,07157 669290,martinus.weil@stiftung-liebnau.de,https://www.stiftung-liebenau.de/pflege/angebot/weil-im-schoenbuch/haus-der-pflege-martinus-1940/,Langzeitpflege,False,"3.115,42 €",3433.6156000000005,2380.9734000000003,1183.6422,0,3115.4201999999996,2272.68,1183.6422,0,3115.4201999999996,2272.68,1183.6422,0,3115.4201999999996,2272.68,1183.6422,0,3115.4201999999996,2272.68,1183.6422,0,Pflegegrad 1: k.A.; Pflegegrad 2: k.A.; Pflegegrad 3: k.A.; Pflegegrad 4: k.A.; Pflegegrad 5: k.A.,2006,Eigene Haustiere; Einrichtungseigene Aufenthaltsmöglichkeiten im Freien,Internetzugang in den Bewohnerzimmern; Telefonanschluss in den Bewohnerzimmern; TV- oder Kabelanschluss in den Bewohnerzimmern; Möbelmitnahme möglich,"Wäscheversorgung (insbesondere Kleidung); Gemeinsame Feste, Angehörigenabend; Für alle gesetzlich versicherten Bewohnerinnen und Bewohner besteht ein Beratungsangebot zur gesundheitlichen Versorgungsplanung nach § 132g SGB V durch einen weitergebildeten Berater.","Spezielle Kostformen nach Absprache möglich (z. B. vegetarisch, ohne Schweinefleisch); Diätkost (z.B. Diabetiker- oder Reduktionskost); Zwischenmahlzeiten (z.B. Joghurt, Obst) zur freien Verfügung; Getränke (kalt/heiß) zur freien Verfügung; Einnahme von Mahlzeiten auf Wunsch im eigenen Zimmer möglich; Zubereitung eigener Mahlzeiten möglich; Gemeinschaftliches Mittagessen möglich; Mahlzeiten werden in der Einrichtung zubereitet (nach Absprache); Teeküche ist für die individuelle Nutzung der Bewohner vorhanden",https://navigatoren.aok.de/etl/public/reports/2019/510/51081758671093-6968565b37236.pdf,0,,False,,Alle Wohn- und Gemeinschaftsflächen sind für die Bewohner und deren Angehörige in der Einrichtung barrierefrei zugänglich.,,,4.2,5,https://www.stiftung-liebenau.de/pflege/angebot/weil-im-schoenbuch/haus-der-pflege-martinus-1940/,https://maps.google.com/?cid=10537151045476935951&g_mp=Cidnb29nbGUubWFwcy5wbGFjZXMudjEuUGxhY2VzLlNlYXJjaFRleHQQAhgEIAA,ChIJFRFrK5XmmUcRD-lJMgx7O5I,22,Keine spezifische Information über aktuell verfügbare Plätze auf der Webseite. Es gibt eine Pflegeplatzberatung mit Kontaktdaten.,"Eine Preisliste ist als PDF-Download verfügbar (preisliste-haus-martinus-01.01.2026.pdf, 845 KB). Spezifische Preise sind auf der Webseite selbst nicht genannt.","Individuell möblierbare Zimmer mit Bad, Balkone/Terrassen mit Zugang zum Garten. Zusätzlich 9 Wohnungen im Heimgebundenen Wohnen im 2. OG.","58 Dauerpflegeplätze, 2 Kurzzeitpflegeplätze, 9 Wohnungen im Heimgebundenen Wohnen","Pflege und Versorgung für demenziell erkrankte Menschen geeignet, Komplementäre Pflegeangebote, Tiertherapie","Feiern und Feste im Jahreskreis, Ausflüge, Konzerte, Theater und vielerlei Aktivitäten und Freizeitangebote, Tiertherapie","Weil im Schönbuch liegt im Landkreis Böblingen, zwischen Böblingen und Tübingen, am Rand des Naturparks Schönbuch, 30 km von der Landeshauptstadt Stuttgart entfernt. Zentral in Ortsmitte gelegen, nahe des Stadtsees. Einkaufsmöglichkeiten und Nahversorgung vorhanden. ÖPNV-Anbindung an Bus, Schönbuch-Bahn. Medizinische Versorgung durch Allgemeinmediziner und Apotheken. Großzügiger Gemeinschaftsbereich mit offener Wohnküche, Balkone/Terrassen mit Zugang zum Garten.","Liebenau Leben im Alter gemeinnützige GmbH, Teil der Stiftung Liebenau (kirchlicher Träger)","Familiäre, wohnliche Atmosphäre, Andachtsraum, Begegnungsraum, Tiertherapie, Komplementäre Pflegeangebote, Mahlzeiten täglich frisch und überwiegend aus regionalen Produkten, Diät-/Schonkost, Vegetarische/Vegane Kost, Kooperationen mit Gemeinde, Kirchen, Kindertagesstätten, Schulen und Vereinen, Unterstützung durch den Freundeskreis für das Pflegeheim Weil im Schönbuch e.V., Seelsorgerische Begleitung, Beratung für Gesundheitliche Versorgungsplanung (GVP), Qualitätsmanagement, Pflegestandards des Dt. Netzwerks zur Qualitätsentwicklung in der Pflege (DNQP), Regelmäßige Prüfung durch den Medizinischen Dienst (MD), Moderne Bauweise, Gebäude aufgeteilt in zwei Etagen","Einrichtungsleitung: Özlem Ulu, Telefon +49 7157 66929-0, E-Mail: martinus.weil@stiftung-liebenau.de, Adresse: Seestraße 56, 71093 Weil im Schönbuch. Pflegeplatzberatung: Silke Arnold / René Fraas, Telefon +49 7542 10-4000, E-Mail: pflegeplatz@stiftung-liebenau.de, Sprechzeiten: Mo.-Do. 9:00-11:00 und 14:00-16:00 Uhr"
8590,Johanniter-Haus,Beihinger Str. 41,74385,Pleidelsheim,48.958187952485,9.2051779315354,19731,07144 80010,info-pleidelsheim@jose.johanniter.de,https://www.johanniter.de/johanniter-seniorenhaeuser/standorte/johanniter-haus-pleidelsheim/,"Kurzzeitpflege, Langzeitpflege",True,"3.048,33 €",3335.359000000001,2338.6896000000006,1127.6694,0,3048.3294,2259.6,1127.6694,0,3048.3294,2259.6,1127.6694,0,3048.3294,2259.6,1127.6694,0,3048.3294,2259.6,1127.6694,0,"Pflegegrad 1: 1 Vollzeitstelle: 4,8 Pflegebedürftige; Pflegegrad 2: 1 Vollzeitstelle: 3,7 Pflegebedürftige; Pflegegrad 3: 1 Vollzeitstelle: 2,7 Pflegebedürftige; Pflegegrad 4: 1 Vollzeitstelle: 2,1 Pflegebedürftige; Pflegegrad 5: 1 Vollzeitstelle: 1,9 Pflegebedürftige",1970,Einrichtungseigene Aufenthaltsmöglichkeiten im Freien: Garten mit Sitzmöglichkeit; Eigene Haustiere erlaubt: nach Absprache,"Telefonanschluss in den Bewohnerzimmern: Telefongeräte sind vorhanden, auf Wunsch können eigene Geräte mitgebracht werden; TV- oder Kabelanschluss in den Bewohnerzimmern: Kabelanschluss in allen Zimmern; Internetzugang in den Bewohnerzimmern: WLAN; Möbelmitnahme möglich: Alle Bewohner können nach Wunsch eigene Möbel passend für das Zimmer mitbringen.","Wäscheversorgung (insbesondere Kleidung); Reinigung der Zimmer; Für die Reinigung der Zimmer ist eine Tochterfirma beauftragt; Gymnastik, Singen, Gottesdienste, Gedächtnistraining, Basteln,Backen/Kochen; Angehörigen-Sprechstunde, Teilnahme an Fallbesprechungen, Gespräche nach Bedarf, Info Veranstaltungen für die Angehörige; keine","Mahlzeiten werden in der Einrichtung zubereitet (nach Absprache): Alle Mahlzeiten werden durch eigene Küche in der Einrichtung zubereitet; Teeküche ist für die individuelle Nutzung der Bewohner vorhanden; Spezielle Kostformen nach Absprache möglich (z. B. vegetarisch, ohne Schweinefleisch); Diätkost (z.B. Diabetiker- oder Reduktionskost); Zwischenmahlzeiten (z.B. Joghurt, Obst) zur freien Verfügung; Getränke (kalt/heiß) zur freien Verfügung; Einnahme von Mahlzeiten auf Wunsch im eigenen Zimmer möglich; Zubereitung eigener Mahlzeiten möglich; Gemeinschaftliches Mittagessen möglich",https://navigatoren.aok.de/etl/public/reports/2019/510/51081396874385-68ee6bd76f5bf.pdf,0,,False,,Alle Wohn- und Gemeinschaftsflächen sind für die Bewohner und deren Angehörige in der Einrichtung barrierefrei zugänglich.,,,4.4,27,https://www.johanniter.de/johanniter-seniorenhaeuser/standorte/johanniter-haus-pleidelsheim/,https://maps.google.com/?cid=1458635986853518073&g_mp=Cidnb29nbGUubWFwcy5wbGFjZXMudjEuUGxhY2VzLlNlYXJjaFRleHQQAhgEIAA,ChIJBb36xffSmUcR-VoBrbMdPhQ,12,,,"83 vollstationäre Pflegeplätze in lichtdurchfluteten Einzelzimmern, die sich auf vier Ebenen verteilen. Zusätzlich gibt es eine Wohngruppe mit Pflegeplätzen für an Demenz erkrankte Menschen.","Vollstationäre Pflege, fachgerechte Pflegeleistungen in allen Pflegegraden, Wohngruppe für an Demenz erkrankte Menschen",Demenzbetreuung - spezielle Wohngruppe mit Pflegeplätzen für an Demenz erkrankte Menschen,"Veranstaltungskalender mit verschiedenen Angeboten, Sozialer Dienst unterstützt in allen Bedürfnissen und Interessen, Angehörige können an den meisten Angeboten kostenlos teilnehmen","Idyllisch und zentrumsnah in einer reizvollen Tallandschaft mit weiter Wiesenaue am Neckar gelegen. Herrlicher Lichthof als zentraler Ort der Begegnung, Garten und Terrasse mit zahlreichen Sitzgelegenheiten. Ortskern von Pleidelsheim mit Geschäften, Gaststätten und Restaurants in wenigen Minuten erreichbar. Neckarauen in der Nähe, europäisches Vogel- und Naturschutzgebiet. Ehrwürdige romanische Mauritiuskirche aus dem 13. Jahrhundert, Fachwerkcharme.",Johanniter-Seniorenhäuser GmbH - evangelische Hilfsorganisation,"Einrichtung wurde von der Deutschen Fernsehlotterie gefördert. Helle und freundliche Einrichtung mit herrlichem Lichthof. Offenes und persönliches Haus. Unterstützung bei Behördengängen und Antragstellungen. Zuwendung, Respekt und Kompetenz als Leitprinzipien.","Mirjana Androić - Einrichtungsleitung, Tel: +49 7144 8001-0, Fax: +49 7144 8001-499, Adresse: Beihinger Straße 41, 74385 Pleidelsheim. Christiane Kiemle - Pflegedienstleitung, Tel: +49 7144 8001-400, Fax: +49 7144 8001-499"
8526,DRK Altenpflegeheime gGmbH Haus Am Ziegelhof,Eberhardstr. 23,71088,Holzgerlingen,48.643239989949,9.0120419420803,19779,07031 7420,,http://www.drk-altenpflegeheime-bb.de/,"Kurzzeitpflege, Langzeitpflege",True,"2.959,67 €",3353.0026000000003,2280.2832000000003,1203.7194000000002,0,2959.6664,2065.82,1203.7194000000002,0,2959.6664,2065.82,1203.7194000000002,0,2959.6664,2065.82,1203.7194000000002,0,2959.6664,2065.82,1203.7194000000002,0,,,,,,Teeküche ist für die individuelle Nutzung der Bewohner vorhanden,https://navigatoren.aok.de/etl/public/reports/2019/510/51081227371088-6936dd0ef095f.pdf,0,,True,Besucher jederzeit willkommen,,,,3.9,7,http://www.drk-altenpflegeheime-bb.de/,https://maps.google.com/?cid=15151861063911195303&g_mp=Cidnb29nbGUubWFwcy5wbGFjZXMudjEuUGxhY2VzLlNlYXJjaFRleHQQAhgEIAA,ChIJAUK3BCLhmUcRp8J_EFw5RtI,20,,,,"Altenpflege, Tagespflege (erwähnt in Sindelfingen und Holzgerlingen), Soziale Alltagsunterstützung. Die Seite verweist auf eine 'Pflege-Platzanfrage' im Menü.",,"In der Tagespflege werden Aktivitäten erwähnt: 'Hockey und Sitztänze sorgen für gute Laune' (Holzgerlingen), 'Gäste haben viel Spaß mit dem Programm' (Sindelfingen)","Kreis Böblingen, mit Standorten in Sindelfingen und Holzgerlingen erwähnt",DRK-Kreisverband Böblingen e.V. (Deutsches Rotes Kreuz - German Red Cross),"Teil des Deutschen Roten Kreuzes. Bietet umfassende Dienstleistungen: Rettungsdienst, Krankentransport, Altenpflege, Hausnotruf, Rotkreuzdienste, Engagement-Möglichkeiten, Kurse und soziale Alltagsunterstützung. Die Kreisgeschäftsstelle und Rettungswache Sindelfingen können in 3D erlebt werden.",Kontaktmöglichkeiten über die Website verfügbar (Kontakt-Link im Menü). Pflege-Platzanfrage kann über die Website gestellt werden. Adressen sind auf der Website verfügbar.
21667,Wolfang Wanning Stift,Robert Perlen Str. 22,71364,Winnenden,48.882476081654,9.4047650823719,19813,07195 580380,wolfgang-wanning-stift@ev-heimstiftung.de,https://www.ev-heimstiftung.de/winnenden-wolfgang-wanning-stift/,"Kurzzeitpflege, Langzeitpflege",True,"3.055,78 €",3218.242,2258.0766000000003,1091.1654,0,3055.7789,2311.31,1091.1654,0,3055.7789,2311.31,1091.1654,0,3055.7789,2311.31,1091.1654,0,3055.7789,2311.31,1091.1654,0,Pflegegrad 1: k.A.; Pflegegrad 2: k.A.; Pflegegrad 3: k.A.; Pflegegrad 4: k.A.; Pflegegrad 5: k.A.,2024,Eigene Haustiere; Einrichtungseigene Aufenthaltsmöglichkeiten im Freien,Telefonanschluss in den Bewohnerzimmern; TV- oder Kabelanschluss in den Bewohnerzimmern; Internetzugang in den Bewohnerzimmern; Möbelmitnahme möglich,"Wäscheversorgung (insbesondere Kleidung); Reinigung der Zimmer; Hausmeisterservice; Soziale Betreuung; Bewegungsangebote, Gedächtnistraining, Bastelangebote, Singen, Kochen; Beratung, Veranstaltungen z.B. Teilnahme im Sommerfest, Angehörigenabend, Ausfluge; Für alle gesetzlich versicherten Bewohnerinnen und Bewohner besteht ein Beratungsangebot zur gesundheitlichen Versorgungsplanung nach § 132g SGB V durch einen weitergebildeten Berater.","Gemeinschaftliches Mittagessen möglich; Teeküche ist für die individuelle Nutzung der Bewohner vorhanden; Mahlzeiten werden in der Einrichtung zubereitet (nach Absprache): tw.; Zubereitung eigener Mahlzeiten möglich; Spezielle Kostformen nach Absprache möglich (z. B. vegetarisch, ohne Schweinefleisch); Diätkost (z.B. Diabetiker- oder Reduktionskost); Zwischenmahlzeiten (z.B. Joghurt, Obst) zur freien Verfügung; Getränke (kalt/heiß) zur freien Verfügung; Einnahme von Mahlzeiten auf Wunsch im eigenen Zimmer möglich",https://navigatoren.aok.de/etl/public/reports/2019/510/51082968271364-697add36e72e0.pdf,0,,False,,Alle Wohn- und Gemeinschaftsflächen sind für die Bewohner und deren Angehörige in der Einrichtung barrierefrei zugänglich.,,,4.4,10,https://www.ev-heimstiftung.de/winnenden-wolfgang-wanning-stift/,https://maps.google.com/?cid=1214828097823426286&g_mp=Cidnb29nbGUubWFwcy5wbGFjZXMudjEuUGxhY2VzLlNlYXJjaFRleHQQAhgEIAA,ChIJPyvh_KfJmUcR7sbt8bfv2xA,36,,"Ein Link zu 'Entgeltübersicht_WWS.pdf' ist verfügbar, aber die konkreten Preise sind auf der Hauptseite nicht angegeben.",,"Stationäre Pflege, Kurzzeitpflege, Tagespflege, Ambulante Pflege, Palliative Care, Betreuung",Palliative Care,Kultur & Freizeit Angebote sind verfügbar (eigener Menüpunkt),"Robert-Perlen-Straße 22, 71364 Winnenden","Evangelische Heimstiftung Württemberg GmbH - größtes diakonisches Pflegeunternehmen mit über 170 Einrichtungen in ganz Baden-Württemberg, seit 1952","Teil der starken Gemeinschaft der Evangelischen Heimstiftung. Motto: 'Selbstbestimmt, professionell umsorgt, voller Leben'. Ehrenamt/Freiwilliges Engagement möglich. WohnenPLUS in der Residenz verfügbar. Betreutes Wohnen am Standort verfügbar. Institut für Innovation, Pflege und Alter. Einsatz von sozialem Roboter Navel. Quartiersentwicklung. Nachhaltigkeitsinitiative 'Das Grüne Segel'.","Hausdirektorin: Maria Tychola
Adresse: Robert-Perlen-Straße 22, 71364 Winnenden
Tel.: 07195 58038-0
E-Mail: wolfgang-wanning-stift@ev-heimstiftung.de

Zentrales Gute-Pflege-Center:
Telefon-Beratung (Mo-Fr 08:00-17:00 Uhr): 0711 95 96 97 97
Online-Beratung (jederzeit): www.onlineberatung.ev-heimstiftung.de

Hauptverwaltung:
Evangelische Heimstiftung GmbH
Hackstraße 12, 70190 Stuttgart
Telefon: (07 11) 6 36 76-0"
8463,Seniorenzentrum St. Lukas,Kirchheimer Str. 20,73249,Wernau (Neckar),48.691350944679,9.4155259113288,19848,07153 93090,keppler-stiftung@st.lukas-wernau.de,https://www.st-lukas-wernau.de/,"Kurzzeitpflege, Langzeitpflege",True,"3.240,08 €",3576.5896000000007,2489.2686000000003,1218.321,0,3240.0799999999995,2378.54,1218.321,0,3240.0799999999995,2378.54,1218.321,0,3240.0799999999995,2378.54,1218.321,0,3240.0799999999995,2378.54,1218.321,0,"Pflegegrad 1: 1 Vollzeitstelle: 4,8 Pflegebedürftige; Pflegegrad 2: 1 Vollzeitstelle: 3,7 Pflegebedürftige; Pflegegrad 3: 1 Vollzeitstelle: 2,5 Pflegebedürftige; Pflegegrad 4: 1 Vollzeitstelle: 1,9 Pflegebedürftige; Pflegegrad 5: 1 Vollzeitstelle: 1,7 Pflegebedürftige",1984,Einrichtungseigene Aufenthaltsmöglichkeiten im Freien: Es gibt einen wunderschönen Garten mit Sitzmöglichkeiten und bei schönem Wetter mit Cafebetrieb. ; Eigene Haustiere erlaubt: Im Einzelfall nach Absprache; die Betreuung und Versorgung muss gewährleistet sein. ,"Telefonanschluss in den Bewohnerzimmern; TV- oder Kabelanschluss in den Bewohnerzimmern; Internetzugang in den Bewohnerzimmern: Möglichkeit über Ihren Telefonanbieter oder über Unity Media. Im öffentlichen Bereich WLAN.; Möbelmitnahme möglich: Im Doppelzimmer nur in geringem Umfang möglich, im Einzelzimmer sind eigene Möbel mitzubringen.","Wäscheversorgung (insbesondere Kleidung); Reinigung der Zimmer; Bewegungsangebote, Zeitungsrunde, Spielenachmittag, Singen, Konzerte, Veranstaltungen, Ausflüge.; Gesprächsgruppe für pflegende Angehörige; Beratungsgespräche und individuelle Begleitung, einmal im Jahr Wohlfühltag.; Begleitung zu Arztbesuchen auf Anfrage und nach Möglichkeit.","Mahlzeiten werden in der Einrichtung zubereitet (nach Absprache); Teeküche ist für die individuelle Nutzung der Bewohner vorhanden; Spezielle Kostformen nach Absprache möglich (z. B. vegetarisch, ohne Schweinefleisch); Diätkost (z.B. Diabetiker- oder Reduktionskost); Zwischenmahlzeiten (z.B. Joghurt, Obst) zur freien Verfügung; Getränke (kalt/heiß) zur freien Verfügung; Einnahme von Mahlzeiten auf Wunsch im eigenen Zimmer möglich; Zubereitung eigener Mahlzeiten möglich; Gemeinschaftliches Mittagessen möglich",https://navigatoren.aok.de/etl/public/reports/2019/510/51081116973249-694dfd4ad1b22.pdf,0,,False,,Alle Wohn- und Gemeinschaftsflächen sind für die Bewohner und deren Angehörige in der Einrichtung barrierefrei zugänglich.,,,4.3,31,https://www.st-lukas-wernau.de/,https://maps.google.com/?cid=8242393946109279272&g_mp=Cidnb29nbGUubWFwcy5wbGFjZXMudjEuUGxhY2VzLlNlYXJjaFRleHQQAhgEIAA,ChIJTxTn8VS-mUcRKHysuJ_dYnI,16,,"Die Webseite verweist auf einen Menüpunkt 'Pflegesätze' (https://www.st-lukas-wernau.de/angebote-fuer-aeltere/pflegesaetze/), aber die konkreten Preise sind auf der Hauptseite nicht aufgeführt.",,"Dauerpflege, Kurzzeit-Pflege, Tagespflege, Pflege daheim (ambulante Pflege), Betreutes Wohnen",,"Café Lukas, Paralleltandem-Fahrten (April bis September, Dienstag und Donnerstag nachmittags am Neckar und in Wernau), Ehrenamtsprojekt 'Forscherwerkstatt' (naturwissenschaftliche Experimente), Tiergestützte Aktivitäten (Alpakabesuche), Kulturveranstaltungen (Benefizkonzerte, Theateraufführungen wie 'Dein Theater'), Fasnet-Feiern, Gottesdienste in der Hauskapelle, Lukas-Fest (Namenstag des Hausheiligen am 18. Oktober)","Kirchheimer Straße 20, 73249 Wernau. Lage am Neckar mit Möglichkeit für Tandemfahrten entlang des Flusses und in Wernau und Umgebung.","Keppler-Stiftung (kirchlicher Träger, erkennbar an der katholischen Ausrichtung mit Seelsorge, Hauskapelle, Gottesdiensten und Kooperation mit Kirchenchor St. Erasmus)","40-jähriges Jubiläum (gefeiert am 28. Juli 2024), Stiftung 'Lebensfreude, Lebensqualität und Würde in St. Lukas und Wernau' (10+1 Jahre alt), Internationale Pflegekräfte (erste Pflegefachkraft aus Lateinamerika/Mexiko über Recruiting-Agentur Medicruiter), Langjährige Kooperation mit Bosch Wernau (10 Jahre 'Soziale Bosch Woche'), s'Busle (Fahrdienst), Organisierte Nachbarschaftshilfe, Essen auf Rädern, VERA - Vernetzt und aktiv im Alter, Wunschbaum-Aktion mit ROSSMANN, Regionalverbund, Kultur des Verabschiedens, Seelsorge und Hauskapelle","Seniorenzentrum St. Lukas, Kirchheimer Straße 20, 73249 Wernau, Telefon: 07153 93 09 - 0, Fax: 07153 93 09 - 49, E-Mail: st-lukas-wernau@keppler-stiftung.de. Einrichtungsleitung: Frank Schickler, Pflegedienstleiterin: Diana Krotzek. Kontaktformular verfügbar unter: https://www.st-lukas-wernau.de/kontakt-und-anfahrt/kontaktformular-st-lukas-wernau/. Beratung für Senioren und Angehörige wird angeboten."
8688,Rosa-Körner-Stift,Raiffeisenstr. 9,71287,Weissach,48.847173991919,8.9284369962287,19944,07044 9073140,kerstin.kuehnle@samariterstiftung.de,https://www.samariterstiftung.de/standorte/altenpflege/boeblingen-leonberg/rosa-koerner-stift-weissach.html,Langzeitpflege,False,"3.496,82 €",3767.3230000000003,2655.9702,1242.3528000000001,0,3496.8248000000003,2652.32,1242.3528000000001,0,3496.8248000000003,2652.32,1242.3528000000001,0,3496.8248000000003,2652.32,1242.3528000000001,0,3496.8248000000003,2652.32,1242.3528000000001,0,Pflegegrad 1: k.A.; Pflegegrad 2: k.A.; Pflegegrad 3: k.A.; Pflegegrad 4: k.A.; Pflegegrad 5: k.A.,2004,Eigene Haustiere; Einrichtungseigene Aufenthaltsmöglichkeiten im Freien: Garten im Innenhof,TV- oder Kabelanschluss in den Bewohnerzimmern; Telefonanschluss in den Bewohnerzimmern; Internetzugang in den Bewohnerzimmern; Möbelmitnahme,"Wäscheversorgung (insbesondere Kleidung); Reinigung der Zimmer; Hausmeisterservice; Soziale Betreuung; Gymnastik, Yoga, Sitztanz, Kochen, Basteln, Vorlesen, Singen, Gedächtnistraining, Garten; Friseur, Fußpflege","Mahlzeiten werden in der Einrichtung zubereitet (nach Absprache); Teeküche ist für die individuelle Nutzung der Bewohner vorhanden; Spezielle Kostformen nach Absprache möglich (z. B. vegetarisch, ohne Schweinefleisch); Diätkost (z.B. Diabetiker- oder Reduktionskost); Zwischenmahlzeiten (z.B. Joghurt, Obst) zur freien Verfügung; Getränke (kalt/heiß) zur freien Verfügung; Einnahme von Mahlzeiten auf Wunsch im eigenen Zimmer möglich; Zubereitung eigener Mahlzeiten möglich; Gemeinschaftliches Mittagessen möglich",https://navigatoren.aok.de/etl/public/reports/2019/510/51081643771287-694ce1ed58c99.pdf,0,,False,,Alle Wohn- und Gemeinschaftsflächen sind für die Bewohner und deren Angehörige in der Einrichtung barrierefrei zugänglich.,,,5,7,https://www.samariterstiftung.de/standorte/altenpflege/boeblingen-leonberg/rosa-koerner-stift-weissach.html,https://maps.google.com/?cid=3979162063285578598&g_mp=Cidnb29nbGUubWFwcy5wbGFjZXMudjEuUGxhY2VzLlNlYXJjaFRleHQQAhgEIAA,ChIJfYR54jljl0cRZuvYZdDSODc,10,,Eine Preisliste ist als PDF verfügbar unter dem Link 'Preisliste' (012026_Rosa-Koerner-Stift_Weissach.pdf). Zusätzlich gibt es einen Flyer 'Kosten für gute Pflege'.,"29 Dauerpflegeplätze in 21 Einzelzimmern und 4 Doppelzimmern. Alle Zimmer sind hell, sonnig und nach außen orientiert.","Dauerpflege (29 Plätze), Kurzzeitpflege",Eigene Betreuung für Menschen mit demenzieller Erkrankung durch eine speziell ausgebildete Mitarbeiterin. Das Rosa-Körner-Stift nimmt am Kinästhetik Projekt der Samariterstiftung teil.,"Beschäftigungen wie häusliche Tätigkeiten, Gartenpflege oder handwerkliche Arbeiten. Eine Werkbank steht zur Verfügung, an der gesägt und gehämmert werden kann. Regelmäßige Aktionen zwischen Bewohnern und Krippenkindern. Begegnungsstätte vorhanden.",Mitten im Ort neben dem Laden- und Einkaufszentrum von Weissach gelegen. Sehr gute Vernetzung im Quartier. Dank der zentralen Lage können Bewohner problemlos am öffentlichen Leben der Gemeinde Weissach teilnehmen. Der Innenhof kann im Sommer über große gläserne Schiebetüren zu den Wohnzimmern hin geöffnet werden.,Samariterstiftung,"Im Jahr 2004 eingeweihtes Haus mit besonders hellen und lichtdurchfluteten Innenräumen und hellem, warmem Holz. Kinderkrippe im Haus. Großer, aktiver Freundeskreis und zahlreiche Feiern und Feste. Viele Kontakte zur örtlichen Gemeinde. Vereine, Kindergärten und Schulen regelmäßig zu Gast. Hauseigener Andachtsraum, liebevoll von einer Stuttgarter Künstlerin mit warmen Farben und Stoffen gestaltet. Mehrere Gemeinschaftsräume mit Teeküche. Der in warmen Farben gehaltene Pflegebereich ist über großzügig angelegte Flure miteinander verbunden, die sich zu einem Rundgang verbinden.","Hausleitung: Kerstin Kühnle, Raiffeisenstraße 9, 71287 Weissach, Telefon: 07044 / 9073140. Kontaktformular und Platzanfrage online verfügbar. Facebook und Instagram Profile vorhanden."
9864,Pflegeheim Haus an der Schwippe,Dagersheimer Str. 45,71069,Sindelfingen,48.694043943347,8.9437239867446,19981,07031 2046880,milankovic@diakonie-sindelfingen.de,,Langzeitpflege,False,"3.461,39 €",3662.9824000000003,2558.6262,1235.3562,0,3461.3872,2618.86,1235.3562,0,3461.3872,2618.86,1235.3562,0,3461.3872,2618.86,1235.3562,0,3461.3872,2618.86,1235.3562,0,Pflegegrad 1: k.A.; Pflegegrad 2: k.A.; Pflegegrad 3: k.A.; Pflegegrad 4: k.A.; Pflegegrad 5: k.A.,,Einrichtungseigene Aufenthaltsmöglichkeiten im Freien; Eigene Haustiere,Telefonanschluss in den Bewohnerzimmern; TV- oder Kabelanschluss in den Bewohnerzimmern; Internetzugang in den Bewohnerzimmern; Möbelmitnahme,,"Spezielle Kostformen nach Absprache möglich (z. B. vegetarisch, ohne Schweinefleisch); Diätkost (z.B. Diabetiker- oder Reduktionskost); Zwischenmahlzeiten (z.B. Joghurt, Obst) zur freien Verfügung; Getränke (kalt/heiß) zur freien Verfügung; Einnahme von Mahlzeiten auf Wunsch im eigenen Zimmer möglich; Zubereitung eigener Mahlzeiten möglich; Gemeinschaftliches Mittagessen möglich; Teeküche ist für die individuelle Nutzung der Bewohner vorhanden; Mahlzeiten werden in der Einrichtung zubereitet (nach Absprache)",https://navigatoren.aok.de/etl/public/reports/2019/512/51281014071069-694dfdd8c3529.pdf,0,,False,,,Heimleiterin Frau Alina Wagner (),,,0,,https://maps.google.com/?cid=17535817957331776481&g_mp=Cidnb29nbGUubWFwcy5wbGFjZXMudjEuUGxhY2VzLlNlYXJjaFRleHQQAhgEIAA,ChIJqYvvR33gC0ER4TOtAIa9W_M,7,,,,,,,,,,
9763,Seniorenzentrum Baltmannsweiler,Kirchstr. 5,73666,Baltmannsweiler,48.74286696778,9.4491559609574,20056,07153 6108030,sz-baltmannsweiler@zieglersche.de,https://www.zieglersche.de/sz-baltmannsweiler,Langzeitpflege,False,"3.825,87 €",3785.8792,2702.8170000000005,1214.0622,0,3825.8742,3072.72,1214.0622,0,3825.8742,3072.72,1214.0622,0,3825.8742,3072.72,1214.0622,0,3825.8742,3072.72,1214.0622,0,Pflegegrad 1: k.A.; Pflegegrad 2: k.A.; Pflegegrad 3: k.A.; Pflegegrad 4: k.A.; Pflegegrad 5: k.A.,,Einrichtungseigene Aufenthaltsmöglichkeiten im Freien; Eigene Haustiere,Telefonanschluss in den Bewohnerzimmern; TV- oder Kabelanschluss in den Bewohnerzimmern; Internetzugang in den Bewohnerzimmern; Möbelmitnahme,,"Mahlzeiten werden in der Einrichtung zubereitet (nach Absprache); Spezielle Kostformen nach Absprache möglich (z. B. vegetarisch, ohne Schweinefleisch); Diätkost (z.B. Diabetiker- oder Reduktionskost); Zwischenmahlzeiten (z.B. Joghurt, Obst) zur freien Verfügung; Getränke (kalt/heiß) zur freien Verfügung; Einnahme von Mahlzeiten auf Wunsch im eigenen Zimmer möglich; Zubereitung eigener Mahlzeiten möglich; Gemeinschaftliches Mittagessen möglich; Teeküche ist für die individuelle Nutzung der Bewohner vorhanden",https://navigatoren.aok.de/etl/public/reports/2019/510/51084451273666-697194010bb15.pdf,0,,True,Besucher jederzeit willkommen,,,,5,2,https://www.zieglersche.de/sz-baltmannsweiler,https://maps.google.com/?cid=6831029862123282352&g_mp=Cidnb29nbGUubWFwcy5wbGFjZXMudjEuUGxhY2VzLlNlYXJjaFRleHQQAhgEIAA,ChIJ3TXcQze5mUcRsJ_xnXexzF4,4,,"Nach Inkrafttreten des Pflegestärkungsgesetz II zahlen alle Bewohner, unabhängig vom Schweregrad ihrer Pflegebedürftigkeit, in den Pflegegraden 2-5 den selben monatlichen Betrag für die pflegebedingten Aufwendungen (einrichtungseinheitlicher Eigenanteil). Hinzu kommen die einheitlich bemessenen Kosten für Unterkunft und Verpflegung. Die Höhe des Investitionskostenanteils ist abhängig davon, ob Sie in einem Doppelzimmer oder in einem Einzelzimmer wohnen. Detaillierte Pflegesätze sind verfügbar für vollstationäre Pflege, Kurzzeit-/Verhinderungspflege und Tagespflege (als PDF-Downloads).","30 Plätze im Einzelzimmer für Dauer- und Kurzzeitpflege. Zusätzlich: 7 pflegenahe Wohnungen direkt im Seniorenzentrum (barrierefrei, mit Balkon, Notrufsystem, Telefon- und Fernsehanschlüssen). In direkter Nachbarschaft: 12 Betreute Eigentumswohnungen.","Dauerpflege (vollstationäre Pflege), Kurzzeitpflege, Verhinderungspflege, Tagespflege (halb- oder ganztags). Professionelle Pflege nach dem Konzept der aktivierenden Pflege. Einnahme von Medikamenten und Ausführung ärztlicher Verordnungen.",,"Umfangreiches Freizeitprogramm: Singen, Basteln, Konzentrations- und Bewegungsübungen, Spaziergänge, Spielen. Betreuung und Förderung. Zusammenarbeit mit der Gemeinde Baltmannsweiler, dem Kranken- und Altenpflegeverein Baltmannsweiler-Hohengehren e.V., den Kirchengemeinden und vielen ehrenamtlich engagierten Helfern. Gottesdienste im Freien.",Das Seniorenzentrum liegt ganz zentral in Baltmannsweiler in unmittelbarer Nachbarschaft zu Rathaus und evangelischer Kirche. Wohnortnahe Versorgung und Pflege in der gewohnten Umgebung des Heimatortes. Im Zentrum der Schurwaldgemeinde.,Die Zieglerschen e.V. – Wilhelmsdorfer Werke evangelischer Diakonie. Diakonisches Unternehmen mit Hauptsitz im oberschwäbischen Wilhelmsdorf. Gegründet vor mehr als 175 Jahren. Mitglied im Diakonischen Werk. Das Seniorenzentrum wird von Die Zieglerschen – Süd – gem. GmbH betrieben.,"Seit 2017 mit dem Prädikat 'Familienbewusstes Unternehmen' ausgezeichnet (familyNET, Landesfamilienrat Baden-Württemberg). Mitglied im Qualitätsnetzwerk 'Bürgerschaftliches Engagement für Lebensqualität im Alter' (bela IV) im Landkreis Esslingen. Starke Einbindung in das Leben der Gemeinde durch Kooperationen mit lokalen Organisationen und ehrenamtlichen Helfern.","Seniorenzentrum Baltmannsweiler, Kirchstraße 5, 73666 Baltmannsweiler. Einrichtungsleitung: David Nagler. Verwaltung: Antje Gödrich. Telefon: 07153 610803-0. Fax: 07153 610803-11. E-Mail: über Kontaktformular verfügbar."
8491,Evang. Heimstiftung GmbH Haus an der Metter,Pforzheimer Str. 34-36,74321,Bietigheim-Bissingen,48.957769988375,9.1226129652882,20084,07142 9620,pflegezentrum-an-der-metter@ev-heimstiftung.de,https://www.ev-heimstiftung.de/bietigheim-bissingen-haus-an-der-metter/,"Kurzzeitpflege, Langzeitpflege",True,"3.412,52 €",3561.0754,2498.0904000000005,1193.9850000000001,0,3412.519,2610.04,1193.9850000000001,0,3412.519,2610.04,1193.9850000000001,0,3412.519,2610.04,1193.9850000000001,0,3412.519,2610.04,1193.9850000000001,0,"Pflegegrad 1: 1 Vollzeitstelle: 4,4 Pflegebedürftige; Pflegegrad 2: 1 Vollzeitstelle: 3,4 Pflegebedürftige; Pflegegrad 3: 1 Vollzeitstelle: 2,4 Pflegebedürftige; Pflegegrad 4: 1 Vollzeitstelle: 1,9 Pflegebedürftige; Pflegegrad 5: 1 Vollzeitstelle: 1,7 Pflegebedürftige",1982,Einrichtungseigene Aufenthaltsmöglichkeiten im Freien: Garten; Bibliothek; Eigene Haustiere: keine Möglichkeit,Internetzugang in den Bewohnerzimmern: dieser kann mit dem Telefonanschluss beantragt werden. Freies WLAN ist im Haus verfügbar.; Telefonanschluss in den Bewohnerzimmern: durch BW anzumelden; TV- oder Kabelanschluss in den Bewohnerzimmern: vorhanden; Möbelmitnahme möglich: jederzeit möglich ,"Wäscheversorgung (insbesondere Kleidung); Reinigung der Zimmer; Hausmeisterservice; Soziale Betreuung; Ehrenamtliche Mitarbeiter unterstützen uns bei der Betreuung unserer Bewohner. Sie ermöglichen mit ihren vielfältige Angeboten zusätzliche Aktivitäten wie Männerstammtisch, Erzählkaffee, Singen am Klavier, Erzählnachmittage, Konzerte, Theateraufführungen usw....; Fahr- und Begleitdienste; Einzugsgespräch in der Pflegeeinrichtung; Einzugsgespräch zu Hause; Hausmeisterservice; Angebote die, die körperlichen und geistigen Fähigkeiten unserer Bewohner unterstützen und stärken.; im Alltag, bei jahreszeitlichen Festen, Geburtstagen,; Für alle gesetzlich versicherten Bewohnerinnen und Bewohner besteht ein Beratungsangebot zur gesundheitlichen Versorgungsplanung nach § 132g SGB V durch einen weitergebildeten Berater.; nicht vorhanden","Mahlzeiten werden in der Einrichtung zubereitet (nach Absprache): eine eigene Großküche produziert täglich frische Maklzeiten; Zubereitung eigener Mahlzeiten möglich; Teeküche ist für die individuelle Nutzung der Bewohner vorhanden; Spezielle Kostformen nach Absprache möglich (z. B. vegetarisch, ohne Schweinefleisch); Diätkost (z.B. Diabetiker- oder Reduktionskost); Zwischenmahlzeiten (z.B. Joghurt, Obst) zur freien Verfügung; Getränke (kalt/heiß) zur freien Verfügung; Einnahme von Mahlzeiten auf Wunsch im eigenen Zimmer möglich; Gemeinschaftliches Mittagessen möglich",https://navigatoren.aok.de/etl/public/reports/2019/510/51081161574321-697add3311ef9.pdf,0,,True,Besucher jederzeit willkommen,Alle Wohn- und Gemeinschaftsflächen sind für die Bewohner und deren Angehörige in der Einrichtung barrierefrei zugänglich.,Pflegezentrum an der Metter (),,4.5,8,https://www.ev-heimstiftung.de/bietigheim-bissingen-haus-an-der-metter/,https://maps.google.com/?cid=4548686612334750827&g_mp=Cidnb29nbGUubWFwcy5wbGFjZXMudjEuUGxhY2VzLlNlYXJjaFRleHQQAhgEIAA,ChIJQ9t8YmTUmUcRa6zJul8uID8,104,,Entgeltübersicht als PDF verfügbar (genaue Preise nicht auf der Hauptseite angegeben),,"Stationäre Pflege, Kurzzeitpflege, Tagespflege, Ambulante Pflege, Palliative Care, Betreutes Wohnen, Betreute Wohngemeinschaft","Wohngruppe für Menschen mit Multiple Sklerose, Palliative Care","Kultur & Freizeit Angebote, Café in der Einrichtung, Ehrenamtliche Angebote","Pforzheimer Straße 36, 74321 Bietigheim-Bissingen","Evangelische Heimstiftung GmbH - größtes diakonisches Pflegeunternehmen in Baden-Württemberg mit über 170 Einrichtungen, seit 1952 tätig","Teil der Evangelischen Heimstiftung mit über 170 Einrichtungen in Baden-Württemberg. Größtes diakonisches Pflegeunternehmen seit 1952. Anspruch: 'Gute Pflege'. Innovationen: Institut für Innovation, Pflege und Alter, Sozialer Roboter Navel, Start-ups im Einsatz, Quartiersentwicklung, Nachhaltigkeit (Das Grüne Segel). Freundeskreis und Förderverein vorhanden.","Hausdirektorin: Diana Falkenstein
Adresse: Pforzheimer Straße 36, 74321 Bietigheim-Bissingen
Telefon: 07142 962-0
E-Mail: pflegezentrum-an-der-metter@ev-heimstiftung.de

Zentrales Gute-Pflege-Center in Stuttgart:
Telefon-Beratung: 0711 95 96 97 97 (Mo-Fr 08:00-17:00 Uhr)
Online-Beratung: www.onlineberatung.ev-heimstiftung.de (jederzeit)"
8492,Haus an der Metter Wohngruppe im Lindenhain,Pforzheimer Str. 34,74321,Bietigheim-Bissingen,48.957769988375,9.1226129652882,20084,07142 9620,pflegezentrum-an-der-metter@ev-heimstiftung.de,https://www.ev-heimstiftung.de/bietigheim-bissingen-haus-an-der-metter/,"Kurzzeitpflege, Langzeitpflege",True,"4.936,86 €",4556.113600000001,3540.8880000000004,1146.2256,0,4936.8601,4459.57,1146.2256,0,4936.8601,4459.57,1146.2256,0,4936.8601,4459.57,1146.2256,0,4936.8601,4459.57,1146.2256,0,"Pflegegrad 1: 1 Vollzeitstelle: 2,9 Pflegebedürftige; Pflegegrad 2: 1 Vollzeitstelle: 2,2 Pflegebedürftige; Pflegegrad 3: 1 Vollzeitstelle: 1,6 Pflegebedürftige; Pflegegrad 4: 1 Vollzeitstelle: 1,3 Pflegebedürftige; Pflegegrad 5: 1 Vollzeitstelle: 1,2 Pflegebedürftige",1982,Eigene Haustiere; Einrichtungseigene Aufenthaltsmöglichkeiten im Freien,Telefonanschluss in den Bewohnerzimmern; TV- oder Kabelanschluss in den Bewohnerzimmern; Internetzugang in den Bewohnerzimmern: Internet kann mit dem Telefonanschluss gekoppelt werden. Freies WLAN ist im Haus vorhanden; Möbelmitnahme möglich,"Wäscheversorgung (insbesondere Kleidung); Reinigung der Zimmer; Soziale Betreuung; Ehrenamtliche Mitarbeiter unterstützen uns bei der Betreuung unserer Bewohner.; Aktivitäten, die die Kognitiven Fähigkeiten stärken; jahreszeitliche Feste, Geburtstagsfeiern,","Mahlzeiten werden in der Einrichtung zubereitet (nach Absprache); Zubereitung eigener Mahlzeiten möglich; Teeküche ist für die individuelle Nutzung der Bewohner vorhanden; Spezielle Kostformen nach Absprache möglich (z. B. vegetarisch, ohne Schweinefleisch); Diätkost (z.B. Diabetiker- oder Reduktionskost); Zwischenmahlzeiten (z.B. Joghurt, Obst) zur freien Verfügung; Getränke (kalt/heiß) zur freien Verfügung; Einnahme von Mahlzeiten auf Wunsch im eigenen Zimmer möglich; Gemeinschaftliches Mittagessen möglich",https://navigatoren.aok.de/etl/public/reports/2019/510/51081162674321-697add3335ef6.pdf,0,,False,,Alle Wohn- und Gemeinschaftsflächen sind für die Bewohner und deren Angehörige in der Einrichtung barrierefrei zugänglich.,,,4.5,8,https://www.ev-heimstiftung.de/bietigheim-bissingen-haus-an-der-metter/,https://maps.google.com/?cid=4548686612334750827&g_mp=Cidnb29nbGUubWFwcy5wbGFjZXMudjEuUGxhY2VzLlNlYXJjaFRleHQQAhgEIAA,ChIJQ9t8YmTUmUcRa6zJul8uID8,104,,,,,,,,,,
21229,Haus Edelberg Senioren-Zentrum Erdmannhausen,Bahnhofstr. 58-62,71729,Erdmannhausen,48.946944996417,9.298928989195,20302,07144 8877401,,https://haus-edelberg.de/neubauten/senioren-zentrum-erdmannhausen/,"Kurzzeitpflege, Langzeitpflege",True,"2.592,67 €",2984.616400000001,2093.5044000000003,1022.1120000000001,0,2592.6655,1847.71,1022.1120000000001,0,2592.6655,1847.71,1022.1120000000001,0,2592.6655,1847.71,1022.1120000000001,0,2592.6655,1847.71,1022.1120000000001,0,,,,,,Teeküche ist für die individuelle Nutzung der Bewohner vorhanden,https://navigatoren.aok.de/etl/public/reports/2019/510/51080796071729-699015bd9dcb2.pdf,0,,False,,,,,3,12,https://haus-edelberg.de/neubauten/senioren-zentrum-erdmannhausen/,https://maps.google.com/?cid=17827892480213985111&g_mp=Cidnb29nbGUubWFwcy5wbGFjZXMudjEuUGxhY2VzLlNlYXJjaFRleHQQAhgEIAA,ChIJWXrktIPNmUcRVycDKcFlafc,90,,,"Standard, Komfort Light (mit Fernseher und kleinem Kühlschrank), Komfort (mit hochwertigen Möbeln), Premium (mehr Platz und Komfort). Alle Zimmer verfügen über ein seniorengerechtes Bad mit ebenerdiger Dusche. Eigene Möbel und Erinnerungsstücke können mitgebracht werden.","Vollstationäre Pflege, Kurzzeitpflege (bis zu 56 Tage), Betreutes Wohnen (31 Appartements), Palliative Betreuung, Verhinderungspflege","Palliative Betreuung mit angemessener Schmerzversorgung, Kultur des Abschied-Nehmens und Unterstützung der Angehörigen","Wechselndes Aktivitäten- und Unterhaltungsprogramm, verschiedene Veranstaltungen und Ausflüge, Bibliothek mit Kamin im Erdgeschoss zum Lesen und für nette Gespräche","Das Senioren-Zentrum Erdmannhausen liegt am Ortseingang unweit des S-Bahnhofs, rund 10 km von Ludwigsburg und nur 30 Minuten von Stuttgart entfernt. Mit der S-Bahn können Sie Marbach, Ludwigsburg oder Stuttgart schnell erreichen. Im Ortskern befinden sich Einkaufsmöglichkeiten sowie Restaurants, Apotheken, Ärzte und vieles mehr. Auch das Brezelmuseum im Ort ist einen Besuch wert.","Haus Edelberg Gruppe (Teil von Emeis Deutschland, erkennbar am Footer-Logo)","Neu eröffnetes Senioren-Zentrum mit 88 Plätzen auf drei Etagen, helle und moderne Ausstattung, barrierefrei. Hausrestaurant mit besonderem Flair, Bibliothek mit Kamin, Garten und Dachterrasse. Kooperation mit Ärzten, Zahnärzten und Fußpflege. Services: Halb- oder Vollpension, Notruf, ambulante Pflegeleistungen, Reinigungsservice, Betreuungsangebote und organisierte Ausflüge.","Tanja Kleinert (Einrichtungsleitung), Telefon: 07144 8877-400, Fax: 07144 8877-499, E-Mail: hl.erdmannhausen@haus-edelberg.de. Katharina Schmidt (Pflegedienstleitung), Telefon: 07144 8877-418, Fax: 07144 8877-499, E-Mail: pdl.erdmannhausen@haus-edelberg.de. Adresse: Bahnhofstraße 58+62, 71729 Erdmannhausen"
8714,DRK-Seniorenzentrum Neckarstift,Neckartailfinger Str. 3,72622,Nürtingen,48.617939950918,9.3088389339148,20426,07022 70076311,neckarstift@drk-seniorenzentrum.de,https://www.drk-seniorenzentren.de/start/unsere-haeuser/unsere-haeuser/neckarstift.html,"Kurzzeitpflege, Langzeitpflege",True,"2.857,81 €",3313.7608000000005,2332.3014000000003,1112.4594,0,2857.8069,2053.35,1112.4594,0,2857.8069,2053.35,1112.4594,0,2857.8069,2053.35,1112.4594,0,2857.8069,2053.35,1112.4594,0,,,,,,Teeküche ist für die individuelle Nutzung der Bewohner vorhanden,https://navigatoren.aok.de/etl/public/reports/2019/510/51081690572622-697193f8b0fe3.pdf,0,,False,,,,,3.4,16,https://www.drk-seniorenzentren.de/start/unsere-haeuser/unsere-haeuser/neckarstift.html,https://maps.google.com/?cid=14246054142184845293&g_mp=Cidnb29nbGUubWFwcy5wbGFjZXMudjEuUGxhY2VzLlNlYXJjaFRleHQQAhgEIAA,ChIJSfdslBjrmUcR7e_oc8MmtMU,5,,,39 Einzelzimmer für Kurzzeit- und Dauerpflege,"Kurzzeitpflege, Dauerpflege, 10 Tagespflegeplätze",,"Offene Angebote wie offener Mittagstisch, Tanzcafé, Cafénachmittage, jahreszeitliche Veranstaltungen. Gartenarbeit mit selbstgesäten Tomaten, Gurken und Kräutern, Beerensträucher zum Naschen im Sommer",In der Ortsmitte von Nürtingen-Neckarhausen. Zentrale Lage mit Einkaufsmöglichkeiten in den Läden im und rund um das Haus zu Fuß erreichbar. Große Gartenterrasse und geschützter Gartenbereich hinter dem Haus. Von der großen Glasfront lässt sich der belebte Ortskern Neckarhausens beobachten. Alle Einrichtungen und Läden sind nur ein paar Gehschritte entfernt.,"Das DRK-Seniorenzentrum Neckarstift wurde von der DRK-Zukunfts-Stiftung Nürtingen-Kirchheim/Teck errichtet. Die Betriebsträgerschaft hatte zunächst der DRK-Kreisverband Nürtingen Kirchheim/Teck e. V., heute dessen Tochtergesellschaft DRK-Seniorenzentrum Neckarstift gGmbH.",Motto: 'Miteinander Leben – Leben mittendrin'. Eröffnet im Oktober 2004. Besucher sind bei vielfältigen Programmen herzlich willkommen. 20-jähriges Jubiläum mit Tag der offenen Tür.,"Ansprechpartnerinnen: Frau Sandra Wabl (Einrichtungs- und Pflegedienstleitung), Frau Sarah Tillmann (Pflegedienstleitung). Adresse: DRK-Seniorenzentrum Neckarstift, Neckartailfinger Str. 3, 72622 Nürtingen-Neckarhausen. Tel. 07022 7007-6300, Fax 07022 7007-6340. Beratung zu allen Fragen rund um das Leben im Alter verfügbar."
8637,HDS -Haus der Senioren,Europastr. 21,72622,Nürtingen,48.628560949308,9.336510997253,20436,07022 73980,info@haus-der-senioren.de,http://www.haus-der-senioren.de/,Langzeitpflege,False,"1.828,33 €",2484.8158,1785.0456000000001,830.7702,0,1828.3301999999999,1173.6,830.7702,0,1828.3301999999999,1173.6,830.7702,0,1828.3301999999999,1173.6,830.7702,0,1828.3301999999999,1173.6,830.7702,0,"Pflegegrad 1: 1 Vollzeitstelle: 4,7 Pflegebedürftige; Pflegegrad 2: 1 Vollzeitstelle: 3,7 Pflegebedürftige; Pflegegrad 3: 1 Vollzeitstelle: 2,8 Pflegebedürftige; Pflegegrad 4: 1 Vollzeitstelle: 2,2 Pflegebedürftige; Pflegegrad 5: 1 Vollzeitstelle: 2,0 Pflegebedürftige",2000,Einrichtungseigene Aufenthaltsmöglichkeiten im Freien; Eigene Haustiere erlaubt,Telefonanschluss in den Bewohnerzimmern; TV- oder Kabelanschluss in den Bewohnerzimmern; Internetzugang in den Bewohnerzimmern; Möbelmitnahme möglich,"Wäscheversorgung (insbesondere Kleidung); Reinigung der Zimmer; Hausmeisterservice; Soziale Betreuung; Bastelangebote, Bewegungsangebote, Kochangebote, Singen, Spaziergänge etc.; Besuch (jederzeit möglich), Geburtstagsfeier, Einladung zum Festen und Feier, Spaziergänge Ehrenamtliche Hilfe...; Friseur, Fußpflege","Mahlzeiten werden in der Einrichtung zubereitet (nach Absprache): Frühstück und Abendessen wird im Haus zubereitet. Mittagessen wird geliefert; Teeküche ist für die individuelle Nutzung der Bewohner vorhanden; Spezielle Kostformen nach Absprache möglich (z. B. vegetarisch, ohne Schweinefleisch); Diätkost (z.B. Diabetiker- oder Reduktionskost); Zwischenmahlzeiten (z.B. Joghurt, Obst) zur freien Verfügung; Getränke (kalt/heiß) zur freien Verfügung; Einnahme von Mahlzeiten auf Wunsch im eigenen Zimmer möglich; Zubereitung eigener Mahlzeiten möglich; Gemeinschaftliches Mittagessen möglich",https://navigatoren.aok.de/etl/public/reports/2019/510/51081548172622-68ee75aa71ddf.pdf,0,,True,Besucher jederzeit willkommen,Alle Wohn- und Gemeinschaftsflächen sind für die Bewohner und deren Angehörige in der Einrichtung barrierefrei zugänglich.,,,3.1,24,http://www.haus-der-senioren.de/,https://maps.google.com/?cid=8209623585719490753&g_mp=Cidnb29nbGUubWFwcy5wbGFjZXMudjEuUGxhY2VzLlNlYXJjaFRleHQQAhgEIAA,ChIJ8Vc0c9PqmUcRwZh6nidx7nE,14,,,,"Kurzzeitpflege: In manchen Fällen sind Pflegebedürftige zum Beispiel nach einem Krankenhausaufenthalt oder bei Ausfall der Pflegeperson für kurze Zeit auf vollstationäre Pflege angewiesen. Dauerpflege: Wenn Menschen aufgrund körperlicher oder geistiger Einschränkungen dauerhaft auf die Hilfe Dritter angewiesen sind. Alten- und Krankenpflege: Kranke oder alte Menschen brauchen individuelle und intensive Zuwendung und Versorgung – temporär oder dauerhaft. Palliativpflege: Menschen mit unheilbaren, schweren Krankheiten finden bei uns intensive Zuwendung und hohe medizinische Kompetenz. Demenzbetreuung: Die Betreuung von Menschen mit Demenz ist für die Betroffenen und Angehörigen im unmittelbaren Umfeld eine große Belastung sowohl körperlicher als auch seelischer Art. Überleitungsmanagement: Die Kommunikation und der bürokratische Aufwand mit Kliniken ist oft mühsam und langwierig, wenn der Patient anschließend auf Pflege angewiesen ist.","Demenzbetreuung, Palliativpflege (Palliativversorgung), Schwerpflege","Regelmäßige Veranstaltungen für Unterhaltung, Abwechslung und gute Stimmung. Alljährliche Weihnachtsfeier mit kleinen Aufmerksamkeiten und Unterhaltungsprogramm. Sommer- und Herbstfeste. Fasching-Veranstaltungen.",Nürtingen,,"Qualitätspflege mit Herz. Ganzheitliche Unterstützung für Bewohner und Angehörige aus einer Hand: pflegerisch, medizinisch, psychologisch, seelsorgerisch – und menschlich. Langjährige Erfahrung und persönliche Motivation der Leitung sorgen für hohe fachliche und soziale Qualität. Das Haus steht jederzeit für Besuche offen. Es gibt eine Eilanfrage-Möglichkeit für dringende Fälle.","Telefon: 07022 73980, E-Mail: info@haus-der-senioren.de. Es gibt auch eine Beratungsmöglichkeit und Besuchszeiten sind verfügbar."
8689,Otto-Mörike-Stift,Sandweg 10,71287,Weissach,48.835406987704,8.9144539103476,20481,07044 9120,,https://www.samariterstiftung.de/standorte/altenpflege/boeblingen-leonberg/otto-moerike-stift-weissach.html,"Kurzzeitpflege, Langzeitpflege",True,"3.547,95 €",3764.8894,2647.1484000000005,1248.741,0,3547.9485,2704.95,1248.741,0,3547.9485,2704.95,1248.741,0,3547.9485,2704.95,1248.741,0,3547.9485,2704.95,1248.741,0,,,,,,Teeküche ist für die individuelle Nutzung der Bewohner vorhanden,https://navigatoren.aok.de/etl/public/reports/2019/510/51081644871287-6968565a5544a.pdf,0,,False,,,,,4.3,9,https://www.samariterstiftung.de/standorte/altenpflege/boeblingen-leonberg/otto-moerike-stift-weissach.html,https://maps.google.com/?cid=1480770200871089889&g_mp=Cidnb29nbGUubWFwcy5wbGFjZXMudjEuUGxhY2VzLlNlYXJjaFRleHQQAhgEIAA,ChIJZzijtGtjl0cR4bbn-KbAjBQ,25,,Eine Preisliste ist als PDF verfügbar unter dem Link 'Preisliste' (012026_Otto-Moerike-Stift_Flacht.pdf). Zusätzlich gibt es einen Flyer 'Kosten für gute Pflege' mit weiteren Informationen.,"29 Pflegeplätze, davon 25 Einzelzimmer und 2 Doppelzimmer. Zusätzlich 15 barrierefreie Apartments im Betreuten Wohnen, teilweise rollstuhlgerecht ausgebaut, zwischen 57 und 74 Quadratmeter. Die Zimmer liegen auf einer Ebene und führen direkt zum geschützten Garten.","Langzeitpflege (29 Pflegeplätze), Kurzzeitpflege, Betreutes Wohnen (15 Apartments in Zusammenarbeit mit der Gemeinde Weissach)",,"Häusliche Tätigkeiten, Gartenpflege, Hochbeete zum Gärtnern, Werkstatt, Brot-, Kuchen- und Pizzabacken im Garten, eigene Apfelsaftherstellung, Kaffeebetrieb und Brettspiele in der Begegnungsstätte, gemeinsamer Mittagstisch, zahlreiche Feiern und Feste, regelmäßige Besuche von Vereinen, Kindergärten und Schulen","Zentrale Lage in Weissach-Flacht im Kreis Böblingen. Gute Einkaufsmöglichkeiten. Modernes Seniorenzentrum mit besonders hellen und lichtdurchfluteten Innenräumen und begrüntem Innenhof. Großer, schöner geschützter Garten, den die Bewohner selbst mitgestalten können.","Samariterstiftung, Nürtingen (gemeinnützige diakonische Stiftung)","Besonders helle und lichtdurchflutete Innenräume. Alle Zimmer auf einer Ebene mit direktem Zugang zum Garten. Großer, aktiver Freundeskreis Rosa-Körner und Otto-Mörike-Stift e.V. mit über 100 Mitgliedern betreibt eine Begegnungsstätte. Heimische Tischkultur bei den Mahlzeiten. Viele Kontakte zur örtlichen Gemeinde. Bewohner können den Garten selbst mitgestalten. Familiäres, kleines Haus mit kurzen Wegen (alles auf einem Stockwerk). Kunst-Projekte (erwähnt im Magazin achtSAM). Gemeinwohl-Ökonomie zertifiziert.","Hausleitung: Nicole Wiesner
Adresse: Sandweg 10, 71287 Weissach (Flacht)
Telefon: 07044 / 912100
Facebook: facebook.com/ottomoerikestift
Instagram: instagram.com/ottomoerikestift/
Kontaktformular verfügbar über 'Kontakt aufnehmen' und 'Platzanfrage'"
8654,Kursana Domizil Nürtingen Haus Christophorus,Europastr. 22,72622,Nürtingen,48.628610941399,9.338434919097,20510,07022 21570,kursana-nuertingen@dussmann.de,https://www.kursana.de/nuertingen/?utm_source=Google_My_Business&utm_medium=Local_Pack&utm_campaign=Google_My_Business,"Kurzzeitpflege, Langzeitpflege",True,"2.470,81 €",2824.3030000000003,1978.5168000000003,976.7862,0,2470.8057,1757.67,976.7862,0,2470.8057,1757.67,976.7862,0,2470.8057,1757.67,976.7862,0,2470.8057,1757.67,976.7862,0,Pflegegrad 1: k.A.; Pflegegrad 2: k.A.; Pflegegrad 3: k.A.; Pflegegrad 4: k.A.; Pflegegrad 5: k.A.,2001,Einrichtungseigene Aufenthaltsmöglichkeiten im Freien; Eigene Haustiere erlaubt: nach Rücksprache mit Direktorin,Telefonanschluss in den Bewohnerzimmern; TV- oder Kabelanschluss in den Bewohnerzimmern; Internetzugang in den Bewohnerzimmern: kostenfreies WLAN; Möbelmitnahme möglich,"Wäscheversorgung (insbesondere Kleidung); Reinigung der Zimmer; Hausmeisterservice; Einzugsgespräch in der Pflegeeinrichtung; Einzugsgespräch zu Hause; Gymnastik, Singkreis, Sturzprävention, gemeinsames Backen, Ausflüge, Bingo, Basteln, Spaziergänge; Angehörigenabend, Teilnahme an Festen und Feier, gemeinsames Essen; Friseur, Fußpflege, Einkaufsservice, Begleitung zu externen Terminen","Mahlzeiten werden in der Einrichtung zubereitet (nach Absprache); Teeküche ist für die individuelle Nutzung der Bewohner vorhanden; Spezielle Kostformen nach Absprache möglich (z. B. vegetarisch, ohne Schweinefleisch); Diätkost (z.B. Diabetiker- oder Reduktionskost); Zwischenmahlzeiten (z.B. Joghurt, Obst) zur freien Verfügung; Getränke (kalt/heiß) zur freien Verfügung; Einnahme von Mahlzeiten auf Wunsch im eigenen Zimmer möglich; Zubereitung eigener Mahlzeiten möglich; Gemeinschaftliches Mittagessen möglich",https://navigatoren.aok.de/etl/public/reports/2019/510/51081584672622-6982d77aaead9.pdf,3,https://navigatoren.aok.de/etl/public/images/nursing_home/image286742detail-63738b605cb5e.jpg; https://navigatoren.aok.de/etl/public/images/nursing_home/image286743detail-63738b605de98.jpg; https://navigatoren.aok.de/etl/public/images/nursing_home/image286744detail-63738b605ef95.jpg,True,Besucher jederzeit willkommen,Alle Wohn- und Gemeinschaftsflächen sind für die Bewohner und deren Angehörige in der Einrichtung barrierefrei zugänglich.,"Kursana Domizil Nürtingen, Haus Christophorus ()",,3.6,5,https://www.kursana.de/nuertingen/?utm_source=Google_My_Business&utm_medium=Local_Pack&utm_campaign=Google_My_Business,https://maps.google.com/?cid=2687074245419848347&g_mp=Cidnb29nbGUubWFwcy5wbGFjZXMudjEuUGxhY2VzLlNlYXJjaFRleHQQAhgEIAA,ChIJV2LINtPqmUcRm9JZG8pnSiU,2,,,Moderne und wohnliche Einzelzimmer mit eigenem Bad,"Stationäre Pflege, Kurzzeitpflege, Verhinderungspflege, Demenzbetreuung","Spezielle Fachkompetenz im Bereich Demenz, Demenzbetreuung, Palliativpflege (allgemein erwähnt für Kursana Gruppe)","Gedächtnistraining zu den Jahreszeiten, Gymnastik, Cocktailbar/Trinkangebote, Sommerfest mit Seniorenband, Clowninnen-Besuche, vielfältiges Veranstaltungsprogramm (auf Anfrage erhältlich)","Zentrale Lage in Nürtingen-Hardt, ruhig und doch zentral gelegen, umgeben von den Stadtteilen Raidwangen, Reudern und Zizishausen. Bus-/Bahnhof in unmittelbarer Nähe, Einkaufspassage in der unmittelbaren Nähe. Schnell und bequem erreicht man die Innenstadt mit vielfältigem Kulturangebot und hervorragenden Einkaufsmöglichkeiten. Nürtingen liegt im Vorland der mittleren Schwäbischen Alb im Landkreis Esslingen mit malerischer Altstadt.","Kursana GmbH (Teil der Dussmann Group), privater Dienstleister","40 Jahre Erfahrung in der Seniorenpflege, ISO-zertifiziert durch den TÜV Rheinland, professionelles Qualitätsmanagement, hauseigene Küche, Friseur im Haus, kostenfreies WLAN, rund um die Uhr Betreuung an 365 Tagen im Jahr","Direktor: Norbert Fiedler, Telefon: +49-7022-2157-0, Fax: +49-7022-2157-113, E-Mail: kursana-nuertingen@dussmann.de, Adresse: Europastraße 22, 72622 Nürtingen, Kontaktformular verfügbar"
9869,DRK Altenpflegeheim Haus am Pfarrgarten,Schöckengasse 14,71272,Renningen,48.774681979462,8.9016269562372,20546,07159 167490,,http://www.drk-altenpflegeheime-bb.de/heime-standorte/malmsheim.html,Langzeitpflege,False,"3.094,93 €",3514.2286000000004,2437.8588,1207.3698,0,3094.9307999999996,2220.66,1207.3698,0,3094.9307999999996,2220.66,1207.3698,0,3094.9307999999996,2220.66,1207.3698,0,3094.9307999999996,2220.66,1207.3698,0,,,,,,Teeküche ist für die individuelle Nutzung der Bewohner vorhanden,https://navigatoren.aok.de/etl/public/reports/2019/512/51281023171272-699015c4d5075.pdf,0,,False,,,,,5,3,http://www.drk-altenpflegeheime-bb.de/heime-standorte/malmsheim.html,https://maps.google.com/?cid=17572457286582887901&g_mp=Cidnb29nbGUubWFwcy5wbGFjZXMudjEuUGxhY2VzLlNlYXJjaFRleHQQAhgEIAA,ChIJR-bGwWBhl0cR3WV_nczo3fM,5,,,,,,,,DRK Kreisverband Böblingen e. V.,,
8675,Pflegeheim Haus im Park,Einsiedelstr. 1,72135,Dettenhausen,48.603801953116,9.1010439661589,20619,07157 66970,,http://www.samariterstiftung.de/,"Kurzzeitpflege, Langzeitpflege",True,"3.538,97 €",3607.6180000000004,2542.8078,1195.8102000000001,0,3538.9712,2756.66,1195.8102000000001,0,3538.9712,2756.66,1195.8102000000001,0,3538.9712,2756.66,1195.8102000000001,0,3538.9712,2756.66,1195.8102000000001,0,,,,,,Teeküche ist für die individuelle Nutzung der Bewohner vorhanden,https://navigatoren.aok.de/etl/public/reports/2019/510/51081622272135-6974613eb13ab.pdf,0,,False,,,,,5,6,http://www.samariterstiftung.de/,https://maps.google.com/?cid=7703418452498105159&g_mp=Cidnb29nbGUubWFwcy5wbGFjZXMudjEuUGxhY2VzLlNlYXJjaFRleHQQAhgEIAA,ChIJgzlSLgvmmUcRR8NWoUQK6Go,23,,,,,,,,,,
8135,Seniorenheim Nürtingen,Kißlingstr. 1,72622,Nürtingen,48.630247175374,9.345082721694,20639,07022 20890,,http://www.pasodi.de/,"Kurzzeitpflege, Langzeitpflege",True,"3.009,45 €",3424.4896000000003,2381.8860000000004,1173.6036,0,3009.4506000000006,2159.82,1173.6036,0,3009.4506000000006,2159.82,1173.6036,0,3009.4506000000006,2159.82,1173.6036,0,3009.4506000000006,2159.82,1173.6036,0,,,,,,Teeküche ist für die individuelle Nutzung der Bewohner vorhanden,https://navigatoren.aok.de/etl/public/reports/2019/510/51080105472622-6986d20007422.pdf,0,,False,,,,,3.5,75,http://www.pasodi.de/,https://maps.google.com/?cid=9616764963484453532&g_mp=Cidnb29nbGUubWFwcy5wbGFjZXMudjEuUGxhY2VzLlNlYXJjaFRleHQQAhgEIAA,ChIJ34rq5i2VmUcRnMrpUMicdYU,46,,,,,,,,,,
32705,Kleeblatt Pflegeheim Murr,Beethovenstraße 11,71711,Murr,48.960807963825,9.254507927216,20644,07144 80160,,http://www.kleeblatt-ggmbh.de/,Langzeitpflege,False,"3.369,76 €",3697.0528000000004,2686.3902000000003,1141.6626,0,3369.7590999999998,2621.29,1141.6626,0,3369.7590999999998,2621.29,1141.6626,0,3369.7590999999998,2621.29,1141.6626,0,3369.7590999999998,2621.29,1141.6626,0,,,,,,Teeküche ist für die individuelle Nutzung der Bewohner vorhanden,,0,,False,,,,,3,2,http://www.kleeblatt-ggmbh.de/,https://maps.google.com/?cid=11968833678018077595&g_mp=Cidnb29nbGUubWFwcy5wbGFjZXMudjEuUGxhY2VzLlNlYXJjaFRleHQQAhgEIAA,ChIJ8V0kYXrNmUcRm-P_CdHWGaY,10,,,,,,,,,,
8271,Pflegeheim Sonnenfeld,Karl-Heinz-Lüth-Str. 6,74343,Sachsenheim,48.956730194558,9.0755830160611,20987,07147 275940,,https://sachsenheim.altenheimat.de/,"Kurzzeitpflege, Langzeitpflege",True,"3.183,51 €",3657.2026,2578.0950000000003,1210.1076,0,3183.5101000000004,2321.65,1210.1076,0,3183.5101000000004,2321.65,1210.1076,0,3183.5101000000004,2321.65,1210.1076,0,3183.5101000000004,2321.65,1210.1076,0,,,,,,Teeküche ist für die individuelle Nutzung der Bewohner vorhanden,https://navigatoren.aok.de/etl/public/reports/2019/510/51080350274343-697add30ad5db.pdf,0,,False,,,,,3.8,4,https://sachsenheim.altenheimat.de/,https://maps.google.com/?cid=2941425674593125322&g_mp=Cidnb29nbGUubWFwcy5wbGFjZXMudjEuUGxhY2VzLlNlYXJjaFRleHQQAhgEIAA,ChIJoYmG60rVmUcRykNWExEL0ig,69,Keine spezifischen Informationen über verfügbare Plätze auf der Webseite. Kontakt für Anfragen zu freien Pflegeplätzen: phs@altenheimat.de,,Attraktive Einzelzimmer für 60 Personen. Großzügige Balkone mit Blick ins Grüne.,Dauerpflege und Kurzzeitpflege. Pflege von Menschen mit Demenz. Insgesamt 60 Pflegeplätze in vier familiären Wohngruppen mit jeweils 15 Plätzen.,"Demenzbetreuung: Wohngruppe für Menschen mit Demenz im Erdgeschoss mit direktem Zugang zu beschütztem Garten. Mobilität als Schwerpunkt des Betreuungskonzepts mit Angeboten wie Gymnastik, Musik und Bewegung. Bewegungsangebote kombiniert mit Spielangeboten im Demenz-Wohnbereich.","Gymnastik, Musik und Bewegung zur Förderung der Mobilität. Trommelgruppe mit Christiane Hähnle (Musik und Rhythmus fördern Konzentration, Koordination und Freude an der Gruppenaktivität). Café L'ink (inklusives Café jeden Montag Nachmittag in der Cafeteria, offen für Bewohner*innen und Menschen aus dem Ort). Vielseitiges Hausleben mit vernetzten Angeboten. Veranstaltungen in der Cafeteria.",Das Haus liegt am Ortsrand von Großsachsenheim mit Blick auf Felder und Wiesen. Teil des Gesamtkomplexes Haus am Sonnenfeld. Großzügige Terrasse auf dem Cafeteria-Bau. Cafeteria mit Außenterrasse. Beschützter Garten für Demenz-Wohnbereich.,Stiftung Evangelische Altenheimat (kirchlicher Träger). Das Pflegeheim wird gemeinsam mit dem nahe gelegenen Seniorenzentrum Spitalhof Münchingen im Verbund geleitet.,"Eröffnung 2018. Kooperation mit der Kirchlichen Sozialstation Sachsenheim im selben Gebäudekomplex - enge Zusammenarbeit mit Synergien zwischen stationärer und ambulanter Pflege. Betreutes Wohnen und Betreutes Wohnen Plus in direkter Nachbarschaft. Gelebte Inklusion durch Café L'ink (Kooperation mit Tragwerk Verein seit Herbst 2022, bietet Schüler*innen mit Handicap Praktikumsstellen zur beruflichen Orientierung). Offenes, modernes Haus im lebendigen Austausch mit Kooperationspartnern und Gemeinde. Erstausstattung gefördert aus Mitteln des Deutschen Hilfswerks (Fernsehlotterie).","Einrichtungsleiterin: Constanze Hohaus
Telefon: 07147 27594-215
E-Mail: hohaus@altenheimat.de

Pflegeheim Sonnenfeld:
Karl-Heinz-Lüth-Straße 6
74343 Sachsenheim
Telefon: 07147 275940
Fax: 07147 27594209
E-Mail: phs@altenheimat.de

Fragen zu freien Pflegeplätzen: phs@altenheimat.de

Aufnahmeantrag kann heruntergeladen, am PC ausgefüllt und per Mail geschickt werden."
8847,Haus ELIM Nellmersbach,Maienstr. 7,71397,Leutenbach,48.900743951862,9.4042809802653,21002,07195 919020,info@haus-elim.org,http://www.haus-elim.de/,Langzeitpflege,False,"3.374,20 €",3590.2786000000006,2589.6546000000003,1131.6240000000003,0,3374.2045,2638.33,1131.6240000000003,0,3374.2045,2638.33,1131.6240000000003,0,3374.2045,2638.33,1131.6240000000003,0,3374.2045,2638.33,1131.6240000000003,0,,,,,Fahr- und Begleitdienste; Einzugsgespräch in der Pflegeeinrichtung,Teeküche ist für die individuelle Nutzung der Bewohner vorhanden,https://navigatoren.aok.de/etl/public/reports/2019/510/51081912371397-693d041b85812.pdf,3,https://navigatoren.aok.de/etl/public/images/nursing_home/image319542detail-63738b8a4d182.jpg; https://navigatoren.aok.de/etl/public/images/nursing_home/image319543detail-63738b8a4e179.jpg; https://navigatoren.aok.de/etl/public/images/nursing_home/image319544detail-63738b8a4efa8.jpg,True,Besucher jederzeit willkommen,,,,5,4,http://www.haus-elim.de/,https://maps.google.com/?cid=11831541777333045963&g_mp=Cidnb29nbGUubWFwcy5wbGFjZXMudjEuUGxhY2VzLlNlYXJjaFRleHQQAhgEIAA,ChIJjzu1-B_KmUcRy0ohb48UMqQ,12,"Auf der Webseite wird ein 'Pflegeplatz vormerken' Antrag angeboten, aber keine konkreten Informationen über aktuell verfügbare Plätze oder Wartelisten genannt.",,,"Dauerpflege, Demenzpflege, Kurzzeitpflege, Tagespflege, Betreutes Wohnen, Senioren-Bungalows","Demenzpflege, Gesundheitliche Versorgungsplanung (GVP) - Gespräche über Lebensende und Patientenverfügung, Palliative-Care","Freizeit- & Gemeinschaftsangebote werden erwähnt, Aromapflege wird angeboten. Die Webseite beschreibt 'Freizeit- & Gemeinschaftsangebote' als eigenen Menüpunkt.","10 Standorte im Rems-Murr-Kreis: Leutenbach (Das Haus mit großem Garten), Schwaikheim (Das Haus im Herzen des Ortes), Nellmersbach (Das Haus mit familiärem Charme), Erbstetten (Das Haus mit Wohnvielfalt), Auenwald (Das Haus zentral im Grünen), Bittenfeld (Das Haus am Löwenbrunnen), Winnenden (Tagespflege im Alten Krankenhaus), Weiler zum Stein (Das Haus in den Schafäckern), Burgstall (Das Haus im Murrtal), Zentrale Tagespflege Schwaikheim",HAUS ELIM Alten- und Pflegeheim e.V. - eingetragener Verein (gemeinnützig),"Wertschätzender, offener Umgang mit BewohnerInnen, Angehörigen und Mitarbeitenden. Neues Traineeprogramm für Pflegefachkräfte seit Oktober. Gesundheitliche Versorgungsplanung (GVP) ab sofort an allen Standorten verfügbar - kostenlos für gesetzlich Versicherte. Aromapflege durch ausgebildete Aromaexpertin. Motivationskonzept nach 33 Rosen für Mitarbeitende. Probetag in der Tagespflege möglich.","HAUS ELIM Leutenbach: Am Hungerberg 29, 71397 Leutenbach, Tel: 07195-91902-0
HAUS ELIM Schwaikheim: Brunnenstraße 2, 71409 Schwaikheim, Tel: 07195-13780
HAUS ELIM Nellmersbach: Maienstraße 7, 71397 Leutenbach, Tel: 07195-977310-0
HAUS ELIM Erbstetten: Remsstraße 10, 71576 Burgstetten, Tel: 07191-903319-0
HAUS ELIM Auenwald: Talstraße 23, 71549 Auenwald, Tel: 07191-903303-0
HAUS ELIM Bittenfeld: Gumpenstraße 2, 71336 Waiblingen, Tel: 07146-9925950
HAUS ELIM Winnenden: Schorndorfer Straße 43, 71364 Winnenden, Tel: 07195-5887600
HAUS ELIM Weiler zum Stein: Erich-Kästner-Weg 1, 71397 Leutenbach, Tel: 07195-978923-0
HAUS ELIM Burgstall: Mozartstraße 10, 71576 Burgstetten-Burgstall, Tel: 07195-5887602
HAUS ELIM Zentrale Tagespflege Schwaikheim: Klingwiesen 3, 71409 Schwaikheim, Tel Zentrale: 07195-977257-3, Tel Tagespflege: 07195-977257-7
Ansprechpartnerin für Gesundheitliche Versorgungsplanung: Annika Stadlmeir, gvp@haus-elim.org, Tel: 0157 87034914"
8472,Haus in der Schillerstaße,Schillerstr. 10,72654,Neckartenzlingen,48.594848953558,9.2353719252022,21112,07127 32063,Haus-in-der-Schillerstrasse@t-online.de,https://www.haus-in-der-schillerstrasse.de/,"Kurzzeitpflege, Langzeitpflege",True,"3.090,64 €",3458.8642000000004,2550.7170000000006,1039.1471999999999,0,3090.6391999999996,2413.52,1039.1471999999999,0,3090.6391999999996,2413.52,1039.1471999999999,0,3090.6391999999996,2413.52,1039.1471999999999,0,3090.6391999999996,2413.52,1039.1471999999999,0,Pflegegrad 1: k.A.; Pflegegrad 2: k.A.; Pflegegrad 3: k.A.; Pflegegrad 4: k.A.; Pflegegrad 5: k.A.,1989,Eigene Haustiere; Einrichtungseigene Aufenthaltsmöglichkeiten im Freien,Internetzugang in den Bewohnerzimmern; Telefonanschluss in den Bewohnerzimmern; TV- oder Kabelanschluss in den Bewohnerzimmern; Möbelmitnahme möglich,"Basteln, Singen, Gymnastik, Spiele, Spaziergänge; Gemeinsame Ausflüge, Geburtstagsfeiern","Mahlzeiten werden in der Einrichtung zubereitet (nach Absprache); Zubereitung eigener Mahlzeiten möglich; Teeküche ist für die individuelle Nutzung der Bewohner vorhanden; Spezielle Kostformen nach Absprache möglich (z. B. vegetarisch, ohne Schweinefleisch); Diätkost (z.B. Diabetiker- oder Reduktionskost); Zwischenmahlzeiten (z.B. Joghurt, Obst) zur freien Verfügung; Getränke (kalt/heiß) zur freien Verfügung; Einnahme von Mahlzeiten auf Wunsch im eigenen Zimmer möglich; Gemeinschaftliches Mittagessen möglich",https://navigatoren.aok.de/etl/public/reports/2019/510/51081129472654-68982a5650a84.pdf,0,,False,,Alle Wohn- und Gemeinschaftsflächen sind für die Bewohner und deren Angehörige in der Einrichtung barrierefrei zugänglich.,,,4.3,3,https://www.haus-in-der-schillerstrasse.de/,https://maps.google.com/?cid=3700523489982998681&g_mp=Cidnb29nbGUubWFwcy5wbGFjZXMudjEuUGxhY2VzLlNlYXJjaFRleHQQAhgEIAA,ChIJX-iZgfnrmUcRmehsB4LmWjM,6,,,Wohnlich eingerichtete Zimmer,"Fachkompetente Pflege, Pflege und Betreuung, Hilfe im Alltag",,Soziale Betreuung,"Kleines Haus in ruhiger Lage, nahe des Neckars, Neckartenzlingen. Gemütlicher Aufenthalts- und Essbereich, der zum Verweilen und Austausch mit den Mitbewohnern einlädt.",,"Kleines, familiäres Haus - familiär, freundlich, fachkompetent. Individueller Umgang mit jedem Menschen, persönliches Kennen untereinander, freundliche Atmosphäre. Gut ausgebildetes Personal nimmt sich jeden Tag viel Zeit für die Pflege und Betreuung. Respektvolle Pflege. Ziel: dem Bewohner trotz des durch die Pflegebedürftigkeit bedingten Hilfebedarfs die Führung eines selbständigen und selbstbestimmten Lebens zu ermöglichen, das der Würde des Menschen entspricht.","Tel.: 07127 32063, Fax: 07127 931287, E-Mail: info@haus-in-der-schillerstrasse.de, Adresse: Schillerstraße 10, 72654 Neckartenzlingen. Empfehlung: Persönlichen Termin vereinbaren, um das Haus und den Alltag besser kennenzulernen."
8808,Alexander-Stift  gGmbH Gemeindepflegehaus Kirchberg,Schulstr. 41,71737,Kirchberg an der Murr,48.939517951593,9.3425399504508,21149,07144/887759-0,AS-Aufnahme-Kirchberg@alexander-stift.de,https://alexander-stift.diakonie-stetten.de/,"Kurzzeitpflege, Langzeitpflege",True,"3.092,47 €",3465.2524000000008,2462.1948000000007,1134.0576,0,3092.4661000000006,2304.01,1134.0576,0,3092.4661000000006,2304.01,1134.0576,0,3092.4661000000006,2304.01,1134.0576,0,3092.4661000000006,2304.01,1134.0576,0,Pflegegrad 1: k.A.; Pflegegrad 2: k.A.; Pflegegrad 3: k.A.; Pflegegrad 4: k.A.; Pflegegrad 5: k.A.,2008,"Eigene Haustiere; Einrichtungseigene Aufenthaltsmöglichkeiten im Freien: Terrasse auf allen Wohnbereichen, großflächiger, begrünter Innenhof",Telefonanschluss in den Bewohnerzimmern: Anmeldung und Freischaltung über Telefonanbieter; TV- oder Kabelanschluss in den Bewohnerzimmern: DVB-T2 Kabelanschluss; Internetzugang in den Bewohnerzimmern: Freies W-Lan im Haus; Möbelmitnahme möglich,"Wäscheversorgung (insbesondere Kleidung); Reinigung der Zimmer; Einzugsgespräch in der Pflegeeinrichtung; Diverse, täglich wechselnde Gruppenangebote, angepasst an individuellen Bedürfnissen und Wünschen; Gemeinsame Gottesdienste, Feste und Feiern, Angehörigenabende und diverse sonstige Veranstaltungen; Für alle gesetzlich versicherten Bewohnerinnen und Bewohner besteht ein Beratungsangebot zur gesundheitlichen Versorgungsplanung nach § 132g SGB V durch einen weitergebildeten Berater.; Frisör und medizinische Fußpflege","Mahlzeiten werden in der Einrichtung zubereitet (nach Absprache): Auf allen Wohnbereichen wird täglich frisch gekocht; Zubereitung eigener Mahlzeiten möglich; Teeküche ist für die individuelle Nutzung der Bewohner vorhanden; Spezielle Kostformen nach Absprache möglich (z. B. vegetarisch, ohne Schweinefleisch); Diätkost (z.B. Diabetiker- oder Reduktionskost); Zwischenmahlzeiten (z.B. Joghurt, Obst) zur freien Verfügung; Getränke (kalt/heiß) zur freien Verfügung; Einnahme von Mahlzeiten auf Wunsch im eigenen Zimmer möglich; Gemeinschaftliches Mittagessen möglich",https://navigatoren.aok.de/etl/public/reports/2019/510/51081844071737-697193fa08fcd.pdf,0,,True,Besucher jederzeit willkommen,Alle Wohn- und Gemeinschaftsflächen sind für die Bewohner und deren Angehörige in der Einrichtung barrierefrei zugänglich.,Haus- und Pflegedienstleitung (),14.07.2025,4.4,24,https://alexander-stift.diakonie-stetten.de/,https://maps.google.com/?cid=10663815860991876709&g_mp=Cidnb29nbGUubWFwcy5wbGFjZXMudjEuUGxhY2VzLlNlYXJjaFRleHQQAhgEIAA,ChIJfRnd44bLmUcRZd6YuAZ8_ZM,21,,,,,,,,,,
32710,Kleeblatt Pflegeheim Steinheim,Brühlstraße 53,71711,Steinheim an der Murr,48.964418953793,9.277651942533,21523,07141 968291,,http://www.kleeblatt-ggmbh.de/,Langzeitpflege,False,"3.369,76 €",3697.0528000000004,2686.3902000000003,1141.6626,0,3369.7590999999998,2621.29,1141.6626,0,3369.7590999999998,2621.29,1141.6626,0,3369.7590999999998,2621.29,1141.6626,0,3369.7590999999998,2621.29,1141.6626,0,,,,,,Teeküche ist für die individuelle Nutzung der Bewohner vorhanden,,0,,False,,,,,3.3,3,http://www.kleeblatt-ggmbh.de/,https://maps.google.com/?cid=6971529986935836217&g_mp=Cidnb29nbGUubWFwcy5wbGFjZXMudjEuUGxhY2VzLlNlYXJjaFRleHQQAhgEIAA,ChIJtx6GcxHNmUcROU5LHJbZv2A,4,,,,,,,,,,
32699,Kleeblatt Pflegeheim Großsachsenheim,Obere Straße 37,74343,Sachsenheim,48.959009950147,9.0642829284391,21539,07141 968291,,http://www.kleeblatt-ggmbh.de/,Langzeitpflege,False,"3.369,76 €",3697.0528000000004,2686.3902000000003,1141.6626,0,3369.7590999999998,2621.29,1141.6626,0,3369.7590999999998,2621.29,1141.6626,0,3369.7590999999998,2621.29,1141.6626,0,3369.7590999999998,2621.29,1141.6626,0,,,,,,Teeküche ist für die individuelle Nutzung der Bewohner vorhanden,,0,,False,,,,,,0,http://www.kleeblatt-ggmbh.de/,https://maps.google.com/?cid=10616792470143292276&g_mp=Cidnb29nbGUubWFwcy5wbGFjZXMudjEuUGxhY2VzLlNlYXJjaFRleHQQAhgEIAA,ChIJ9QzL2aLVmUcRdNPuXIBsVpM,13,,,,,,,,,,
8867,"ASB Seniorenzentrum ""An der Bottwar""",August-Scholl-Str. 8,71711,Steinheim an der Murr,48.965398373157,9.275212567379,21569,07144 897350,,http://www.asb-in-stuttgart.de/index.php?id=87,"Kurzzeitpflege, Langzeitpflege",True,"3.111,95 €",3347.8312000000005,2313.1368,1165.6944,0,3111.9479000000006,2289.71,1165.6944,0,3111.9479000000006,2289.71,1165.6944,0,3111.9479000000006,2289.71,1165.6944,0,3111.9479000000006,2289.71,1165.6944,0,,,,,,Teeküche ist für die individuelle Nutzung der Bewohner vorhanden,https://navigatoren.aok.de/etl/public/reports/2019/510/51081939471711-6925ae5970376.pdf,2,https://navigatoren.aok.de/etl/public/images/nursing_home/image332592detail-63738b998a12c.jpg; https://navigatoren.aok.de/etl/public/images/nursing_home/image332593detail-63738b998b1f0.jpg,False,,,,,3.6,7,http://www.asb-in-stuttgart.de/index.php?id=87,https://maps.google.com/?cid=5649403936961057783&g_mp=Cidnb29nbGUubWFwcy5wbGFjZXMudjEuUGxhY2VzLlNlYXJjaFRleHQQAhgEIAA,ChIJwX-qqBPNmUcR99NB5_K2Zk4,15,,,,"Pflegeheime, Betreutes Wohnen, Ambulanter Pflegedienst / Häusliche Krankenpflege",,,Region Stuttgart,Arbeiter-Samariter-Bund Baden-Württemberg e.V. Region Stuttgart - einer der großen Hilfs- und Wohlfahrtsorganisationen,Der ASB betreibt in der Region Stuttgart mehr als zehn Pflegeheime mit insgesamt über 700 Betreuungsplätzen. Hausnotruf 2018 von der Stiftung Warentest ausgezeichnet. Vollständige Abdeckung aller sozialen Dienstleistungen. ASB-Mitglieder können jährlich kostenfrei an einem Erste-Hilfe-Kurs teilnehmen.,"Arbeiter-Samariter-Bund Baden-Württemberg e.V. Region Stuttgart, Mauserstraße 20, 70469 Stuttgart, T: (0711) 95484848, info@asb-stuttgart.de"
8073,DRK-Seniorenzentrum Haus am Schönrain,Marktplatz 1,72654,Neckartenzlingen,48.590276997829,9.233380989038,21586,07127 9256790,info@hausamschoenrain.de,,"Kurzzeitpflege, Langzeitpflege",True,"2.488,87 €",2903.395,2035.4022,998.9928000000002,0,2488.8728,1752.8,998.9928000000002,0,2488.8728,1752.8,998.9928000000002,0,2488.8728,1752.8,998.9928000000002,0,2488.8728,1752.8,998.9928000000002,0,Pflegegrad 1: k.A.; Pflegegrad 2: k.A.; Pflegegrad 3: k.A.; Pflegegrad 4: k.A.; Pflegegrad 5: k.A.,,Einrichtungseigene Aufenthaltsmöglichkeiten im Freien; Eigene Haustiere,Telefonanschluss in den Bewohnerzimmern; TV- oder Kabelanschluss in den Bewohnerzimmern; Internetzugang in den Bewohnerzimmern; Möbelmitnahme,,"Mahlzeiten werden in der Einrichtung zubereitet (nach Absprache); Spezielle Kostformen nach Absprache möglich (z. B. vegetarisch, ohne Schweinefleisch); Diätkost (z.B. Diabetiker- oder Reduktionskost); Zwischenmahlzeiten (z.B. Joghurt, Obst) zur freien Verfügung; Getränke (kalt/heiß) zur freien Verfügung; Einnahme von Mahlzeiten auf Wunsch im eigenen Zimmer möglich; Zubereitung eigener Mahlzeiten möglich; Gemeinschaftliches Mittagessen möglich; Teeküche ist für die individuelle Nutzung der Bewohner vorhanden",https://navigatoren.aok.de/etl/public/reports/2019/502/50281036672654-695dded15bfb7.pdf,0,,False,,,,,3.9,48,,https://maps.google.com/?cid=14069070823555992038&g_mp=Cidnb29nbGUubWFwcy5wbGFjZXMudjEuUGxhY2VzLlNlYXJjaFRleHQQAhgEIAA,ChIJN5oZ5wXsmUcR5gnedV9hP8M,18,,,,,,,,,,
9806,Seniorenzentrum Gustav-Werner-Stift Walddorfhäslach BruderhausDiakonie,Stuttgarter Str. 9,72141,Walddorfhäslach,48.586630972316,9.185217994743,21658,07127 923160,,https://www.tagespflege-walddorfhaeslach.de/,Langzeitpflege,False,"3.205,78 €",3550.1242000000007,2503.5660000000007,1177.5582000000002,0,3205.7772,2386.14,1177.5582000000002,0,3205.7772,2386.14,1177.5582000000002,0,3205.7772,2386.14,1177.5582000000002,0,3205.7772,2386.14,1177.5582000000002,0,,,,,,Teeküche ist für die individuelle Nutzung der Bewohner vorhanden,https://navigatoren.aok.de/etl/public/reports/2019/510/51084545472141-69423abb23f0f.pdf,0,,False,,,,,,0,https://www.tagespflege-walddorfhaeslach.de/,https://maps.google.com/?cid=10145699687763041207&g_mp=Cidnb29nbGUubWFwcy5wbGFjZXMudjEuUGxhY2VzLlNlYXJjaFRleHQQAhgEIAA,ChIJEf-G50DvmUcRt1vonhzEzIw,13,,Preislisten für 2025 sind verfügbar als Downloads: 'Seniorenzentrum Walddorfhäslach: Preisliste 2025 Altbau' und 'Seniorenzentrum Walddorfhäslach: Preisliste 2025 Neubau'. Die konkreten Preise sind in den PDF-Dokumenten enthalten.,Das Seniorenzentrum verfügt über Zimmer im Altbau und Neubau. Zusätzlich gibt es neun betreute Seniorenwohnungen.,"Langzeitpflege mit 39 Langzeitpflegeplätzen, integrierte Kurzzeitpflegeplätze, Tagespflege, Betreutes Wohnen/Wohnen mit Service",,"Offener Mittagstisch, Garten und Terrasse","Das barrierefreie Pflegeheim liegt zentral im Ortsteil Walddorf der Gemeinde Walddorfhäslach am Rande des Naturparks Schönbuch, 25 km von Stuttgart entfernt. Es ist gut an den öffentlichen Nahverkehr angebunden. Einkaufsmöglichkeiten und Dienstleistungen befinden sich in der Nachbarschaft. Walddorfhäslach ist eine Gemeinde im Landkreis Reutlingen, circa elf Kilometer nördlich von Reutlingen gelegen.","BruderhausDiakonie Altenhilfegesellschaft Neckar Alb mbH - kirchlich/diakonischer Träger. Die BruderhausDiakonie wurde von Gustav Werner im 19. Jahrhundert gegründet, der in Walddorfhäslach sein Vikariat absolvierte.",Das Seniorenzentrum trägt den Namen des Gründers Gustav Werner. Es gibt einen Förderverein zur Unterstützung. Das Haus verfügt über Garten und Terrasse. Beratung zu Pflegethemen sowie Beratung und Unterstützung für Angehörige werden angeboten.,"Leitung: Roy Zutavern, Telefon: 07127 92316-0, Adresse: Stuttgarter Straße 9, 72141 Walddorfhäslach. Pflegedienstleitung: Annika Grunewald, Telefon: 07127923160. Kontaktformulare sind für beide Ansprechpartner verfügbar."
8865,Albrecht-Teichmann-Stift,Christofstr. 1,73262,Reichenbach,48.708718980616,9.4576169231239,21776,07153 609200,albrecht-teichmann-stift@ev-heimstiftung.de,https://www.ev-heimstiftung.de/reichenbach-albrecht-teichmann-stift/,"Kurzzeitpflege, Langzeitpflege",True,"2.955,12 €",3124.8526,2199.6702,1056.1824,0,2955.1164000000003,2234.04,1056.1824,0,2955.1164000000003,2234.04,1056.1824,0,2955.1164000000003,2234.04,1056.1824,0,2955.1164000000003,2234.04,1056.1824,0,"Pflegegrad 1: 1 Vollzeitstelle: 4,5 Pflegebedürftige; Pflegegrad 2: 1 Vollzeitstelle: 3,5 Pflegebedürftige; Pflegegrad 3: 1 Vollzeitstelle: 2,5 Pflegebedürftige; Pflegegrad 4: 1 Vollzeitstelle: 1,9 Pflegebedürftige; Pflegegrad 5: 1 Vollzeitstelle: 1,7 Pflegebedürftige",2010,Einrichtungseigene Aufenthaltsmöglichkeiten im Freien; Eigene Haustiere erlaubt: nach Absprache mit der Hausdirektion - Versorgung des Haustiers muss gewährleistet sein.,Telefonanschluss in den Bewohnerzimmern: Bewohner können eigenen Telefonanschluss bei Anbieter ihrer Wahl beantragen; TV- oder Kabelanschluss in den Bewohnerzimmern; Internetzugang in den Bewohnerzimmern: Freies WLAN in der Einrichtung; Möbelmitnahme möglich: Pflegebett und Einbauschrank müssen im zimmer verbleiben - Rest kann frei gestaltet werden.,"Wäscheversorgung (insbesondere Kleidung); Spielenachmittage, Bewegungsangebote, musikalische Angebot, jahreszeitliche Feste und Feiern; Regelmäßige Pflegevisiten, Angehörigenabende, Sonntagscafé","Spezielle Kostformen nach Absprache möglich (z. B. vegetarisch, ohne Schweinefleisch); Diätkost (z.B. Diabetiker- oder Reduktionskost); Zwischenmahlzeiten (z.B. Joghurt, Obst) zur freien Verfügung; Getränke (kalt/heiß) zur freien Verfügung; Einnahme von Mahlzeiten auf Wunsch im eigenen Zimmer möglich; Gemeinschaftliches Mittagessen möglich; Mahlzeiten werden in der Einrichtung zubereitet (nach Absprache): Frühstück und Abendessen werden in der Einrichtung zubereitet. Mittagessen wird geliefert.; Zubereitung eigener Mahlzeiten möglich; Teeküche ist für die individuelle Nutzung der Bewohner vorhanden",https://navigatoren.aok.de/etl/public/reports/2019/510/51081937273262-68ee6a8d8dc4a.pdf,0,,False,,Alle Wohn- und Gemeinschaftsflächen sind für die Bewohner und deren Angehörige in der Einrichtung barrierefrei zugänglich.,,,3.9,14,https://www.ev-heimstiftung.de/reichenbach-albrecht-teichmann-stift/,https://maps.google.com/?cid=12196572486265789655&g_mp=Cidnb29nbGUubWFwcy5wbGFjZXMudjEuUGxhY2VzLlNlYXJjaFRleHQQAhgEIAA,ChIJz8ml9Jm-mUcR19wsWQ7uQqk,18,,Entgeltübersicht (Preisliste) verfügbar als PDF-Download. Spezifische Preise sind auf der Hauptseite nicht angegeben. Link zu Kosten-Informationen vorhanden.,,"Stationäre Pflege, Kurzzeitpflege, Tagespflege, Ambulante Pflege, Palliative Care. Betreuung und Begleitung. Betreutes Wohnen verfügbar.",Palliative Care wird als spezielles Pflegeangebot genannt.,Kultur & Freizeit Angebote vorhanden. Café in der Einrichtung. Freiwilliges Engagement und Ehrenamt möglich.,"Reichenbach, Christofstraße 1, 73262 Reichenbach. Anfahrt/Lageplan verfügbar.","Evangelische Heimstiftung Württemberg GmbH - größtes diakonisches Pflegeunternehmen in Baden-Württemberg, seit 1952 tätig, mit über 170 Einrichtungen in ganz Baden-Württemberg.","Teil der Evangelischen Heimstiftung mit über 170 Einrichtungen. Innovationen: Sozialer Roboter Navel im Einsatz, Institut für Innovation, Pflege und Alter, Start-ups im Einsatz, ALADIEN-Projekt. Nachhaltigkeitsinitiative 'Das Grüne Segel'. Quartiersentwicklung. Motto: 'Selbstbestimmt, professionell umsorgt, voller Leben'. Gute-Pflege-Center für zentrale Beratung.","Hausdirektor: Friedemann Schmoldt
Adresse: Christofstraße 1, 73262 Reichenbach
Telefon: 07153 610623-200
Fax: 07153 610623-201
E-Mail: albrecht-teichmann-stift@ev-heimstiftung.de

Zentrales Gute-Pflege-Center:
Telefon: 0711 95 96 97 97 (Mo-Fr 08:00-17:00 Uhr)
Online-Beratung: www.onlineberatung.ev-heimstiftung.de (jederzeit)

Hauptverwaltung:
Evangelische Heimstiftung GmbH
Hackstraße 12, 70190 Stuttgart
Telefon: (0711) 636 76-0"
8794,Haus der Pflege Magdalena,Bühlallee 13,71139,Ehningen,48.663268945376,8.9431389140001,21889,07034 270400,julian.krueger@stiftung-liebenau.de,https://www.stiftung-liebenau.de/pflege/angebot/ehningen/haus-der-pflege-magdalena-1939/,Langzeitpflege,False,"3.235,61 €",3519.0958000000005,2471.9292000000005,1178.1666,0,3235.6085999999996,2420.52,1178.1666,0,3235.6085999999996,2420.52,1178.1666,0,3235.6085999999996,2420.52,1178.1666,0,3235.6085999999996,2420.52,1178.1666,0,Pflegegrad 1: k.A.; Pflegegrad 2: k.A.; Pflegegrad 3: k.A.; Pflegegrad 4: k.A.; Pflegegrad 5: k.A.,2007,"Eigene Haustiere: Haustiere müssen selbständig versorgt werden, falls der Wunsch besteht muss hier auch die Reinigung ; Einrichtungseigene Aufenthaltsmöglichkeiten im Freien",Internetzugang in den Bewohnerzimmern; Telefonanschluss in den Bewohnerzimmern; TV- oder Kabelanschluss in den Bewohnerzimmern: Der Fernseher muss digital fähig sein.; Möbelmitnahme möglich,"Wäscheversorgung (insbesondere Kleidung); Soziale Betreuung; Wäscheversorgung (insbesondere Kleidung); Soziale Betreuung; Gymnastik, Singen, Gottesdienste, Spaziergänge, Basteln, Bingo","Mahlzeiten werden in der Einrichtung zubereitet (nach Absprache): Frühstück, Kaffee und Gebäck und Abendessen.; Teeküche ist für die individuelle Nutzung der Bewohner vorhanden; Spezielle Kostformen nach Absprache möglich (z. B. vegetarisch, ohne Schweinefleisch); Diätkost (z.B. Diabetiker- oder Reduktionskost); Zwischenmahlzeiten (z.B. Joghurt, Obst) zur freien Verfügung; Getränke (kalt/heiß) zur freien Verfügung; Einnahme von Mahlzeiten auf Wunsch im eigenen Zimmer möglich; Zubereitung eigener Mahlzeiten möglich; Gemeinschaftliches Mittagessen möglich",https://navigatoren.aok.de/etl/public/reports/2019/510/51081823571139-697193f98291f.pdf,0,,False,,Alle Wohn- und Gemeinschaftsflächen sind für die Bewohner und deren Angehörige in der Einrichtung barrierefrei zugänglich.,,,4.4,5,https://www.stiftung-liebenau.de/pflege/angebot/ehningen/haus-der-pflege-magdalena-1939/,https://maps.google.com/?cid=6197714998458082026&g_mp=Cidnb29nbGUubWFwcy5wbGFjZXMudjEuUGxhY2VzLlNlYXJjaFRleHQQAhgEIAA,ChIJPwRHcijgmUcR6mI0RvS0AlY,4,,"Preisliste verfügbar als PDF-Download (Preisliste Haus der Pflege Magdalena, gültig ab 01.01.2026, 841 KB). Konkrete Preise sind nicht direkt auf der Seite angegeben, müssen aus der PDF-Datei entnommen werden.",Individuell möblierbare Zimmer mit Bad. Balkone/Terrassen mit Zugang zum Garten. 5 Wohnungen im Heimgebundenen Wohnen (2. OG). Pflegeplätze im EG und 1. OG.,"47 Dauerpflegeplätze, 2 Kurzzeitpflegeplätze, 3 Tagespflegeplätze. Pflege und Versorgung für demenziell erkrankte Menschen geeignet.",Pflege und Versorgung für demenziell erkrankte Menschen geeignet. Komplementäre Pflegeangebote wie Aromatherapie (Garten). Tiertherapie.,"Feiern und Feste im Jahreskreis, Ausflüge, Konzerte, Theater und vielerlei Aktivitäten und Freizeitangebote. Tiertherapie. Kooperationen mit Stadt, Kirchen, Kindertagesstätten, Schulen und Vereinen.","Ehningen liegt im Landkreis Böblingen, am nordwestlichen Rand des Naturparks Schönbuch. Ruhige Wohngegend, zentral in der Ortsmitte. Einkaufsmöglichkeiten und Nahversorgung vorhanden. ÖPNV-Anbindung an Bus. Medizinische Versorgung durch Allgemeinmediziner und Apotheken. Großzügiger Gemeinschaftsbereich mit offener Wohnküche. Balkone/Terrassen mit Zugang zum Garten.","Liebenau Leben im Alter gemeinnützige GmbH, Teil der Stiftung Liebenau (kirchlicher/diakonischer Träger)","Familiäre, wohnliche Atmosphäre. Andachtsraum. Begegnungsraum. Moderne Bauweise, Gebäude aufgeteilt in zwei Etagen. Mahlzeiten täglich frisch und überwiegend aus regionalen Produkten. Diät-/Schonkost, Vegetarische/Vegane Kost verfügbar. Ausgebildete, fachlich qualifizierte Mitarbeitende. Seelsorgerische Begleitung. Beratung für Gesundheitliche Versorgungsplanung (GVP). Qualitätsmanagement. Pflegestandards des Dt. Netzwerks zur Qualitätsentwicklung in der Pflege (DNQP). Regelmäßige Prüfung durch den Medizinischen Dienst (MD).","Einrichtungsleitung: Kai Rachwalski, Telefon +49 7034 27040-0, E-Mail: kai.rachwalski@stiftung-liebenau.de. Pflegeplatzberatung: Silke Arnold / René Fraas, Telefon +49 7542 10-4000, E-Mail: pflegeplatz@stiftung-liebenau.de, Sprechzeiten: Mo.-Do. 9:00-11:00 und 14:00-16:00 Uhr. Adresse: Bühlallee 13, 71139 Ehningen, Deutschland."
32669,Samariterstift Altdorf,Mühlstraße 40,71155,Altdorf,48.629760745814,8.9905897239379,21937,07031 204290,,https://www.samariterstiftung.de/standorte/altenpflege/boeblingen/samariterstift-altdorf.html,Langzeitpflege,False,"3.305,45 €",3614.0062000000007,2532.1608000000006,1212.8454,0,3305.4519000000005,2461.89,1212.8454,0,3305.4519000000005,2461.89,1212.8454,0,3305.4519000000005,2461.89,1212.8454,0,3305.4519000000005,2461.89,1212.8454,0,,,,,,Teeküche ist für die individuelle Nutzung der Bewohner vorhanden,https://navigatoren.aok.de/etl/public/reports/2019/510/51080986071155-698d50d47557a.pdf,0,,False,,,,,5,2,https://www.samariterstiftung.de/standorte/altenpflege/boeblingen/samariterstift-altdorf.html,https://maps.google.com/?cid=12586598279478388934&g_mp=Cidnb29nbGUubWFwcy5wbGFjZXMudjEuUGxhY2VzLlNlYXJjaFRleHQQAhgEIAA,ChIJ4-5P2tzhmUcRxija0nKUrK4,85,,Eine Preisliste ist verfügbar als Download-Dokument. Ein Flyer 'Kosten für gute Pflege' ist ebenfalls verfügbar.,43 Einzelzimmer in 3 Hausgemeinschaften. Alle Plätze sind in Einzelzimmern. Zusätzlich gibt es 5 barrierefreie Wohnungen im Gartengeschoss.,"Dauerpflege, Kurzzeitpflege, Tagespflege mit 15 Plätzen",Eine der Hausgemeinschaften hat einen gerontopsychiatrischen Schwerpunkt (beschützender Bereich für Menschen mit Demenz). Eine Hausgemeinschaft wird als gerontopsychiatrischer Bereich speziell für Menschen mit demenzieller Erkrankung konzipiert.,"Im Tagesablauf sind Angebote zur Aktivierung und zur Gestaltung des Alltags integriert, wie z.B. gemeinsame Spiele, Gedächtnistraining, Singen, kreatives Gestalten, Bewegungsangebote und vieles mehr. Zusätzlich gibt es regelmäßig Gottesdienste und verschiedene kulturelle Angebote.","Das ruhige Grundstück des Pflegehauses liegt an der Würm-Aue, in einer Grünzone am westlichen Ortsrand von Altdorf bei Böblingen. Eine gute Anbindung an den ÖPNV ist gewährleistet, eine Bushaltestelle befindet sich rund 100 Meter entfernt. Auf jeder Ebene gibt es einen Balkon für den Aufenthalt im Freien.","Samariterstiftung, Nürtingen. Die Stiftung ist diakonisch geprägt (Slogan: 'Wir helfen Menschen').","Das Pflegehaus wurde Ende September 2023 eröffnet und ist somit ein modernes, neues Gebäude. Das Zentrum der drei Hausgemeinschaften ist jeweils das großzügige Wohn- und Esszimmer mit integrierter Küche. Möglichst alle Mahlzeiten werden mit den Seniorinnen und Senioren in den Küchen der Hausgemeinschaften teils gemeinsam zubereitet und gemeinsam eingenommen. Individuelle Geschmäcker und Bedürfnisse werden nach Möglichkeit bei der Gestaltung der Speisepläne berücksichtigt. Die Seniorinnen und Senioren leben in familienähnlichen Strukturen mit einem alltagsorientierten Tagesablauf zusammen. Bei der Betreuung und Pflege werden die Selbständigkeit und noch vorhandene Fähigkeiten gefördert. Das Samariterstift Altdorf hat das IQD-Qualitätssiegel für Pflegeheime erhalten. Das Gebäude hat eine Auszeichnung für beispielhaftes Bauen im Landkreis erhalten.","Hausleitung: Nicole Szameitat-Schramm, Mühlstraße 40, 71155 Altdorf, Telefon: 07031 / 20429-0. Es gibt eine Kontaktaufnahme-Funktion und eine Platzanfrage-Funktion auf der Website."
8518,AWO Pflegeheim Winterbach,Schorndorfer Str. 8,73650,Winterbach,48.799146961977,9.4818169978889,22063,07181 97875212,mpr@awo-wuerttemberg.de,http://www.pflegeheim-winterbach.de/,"Kurzzeitpflege, Langzeitpflege",True,"2.955,49 €",3268.7392,2273.895,1125.8442,0,2955.4862000000003,2152.52,1125.8442,0,2955.4862000000003,2152.52,1125.8442,0,2955.4862000000003,2152.52,1125.8442,0,2955.4862000000003,2152.52,1125.8442,0,"Pflegegrad 1: 1 Vollzeitstelle: 4,4 Pflegebedürftige; Pflegegrad 2: 1 Vollzeitstelle: 3,4 Pflegebedürftige; Pflegegrad 3: 1 Vollzeitstelle: 2,4 Pflegebedürftige; Pflegegrad 4: 1 Vollzeitstelle: 1,9 Pflegebedürftige; Pflegegrad 5: 1 Vollzeitstelle: 1,7 Pflegebedürftige",,Einrichtungseigene Aufenthaltsmöglichkeiten im Freien; Eigene Haustiere erlaubt: Nach Absprache mit der Einrichtungsleitung,Internetzugang in den Bewohnerzimmern; Telefonanschluss in den Bewohnerzimmern; TV- oder Kabelanschluss in den Bewohnerzimmern; Möbelmitnahme möglich,"Wäscheversorgung (insbesondere Kleidung); Reinigung der Zimmer; Hausmeisterservice; Soziale Betreuung; Alle Leistungen sind nicht outgesourced; Einzel- und Gruppenangebote werden täglich, wöchentlich und monatlich angeboten.; Veranstaltungen jeglicher Art.","Mahlzeiten werden in der Einrichtung zubereitet (nach Absprache): Großküche ist im Haus vorhanden - alle Mahlzeiten werden dort zubereitet.; Teeküche ist für die individuelle Nutzung der Bewohner vorhanden; Spezielle Kostformen nach Absprache möglich (z. B. vegetarisch, ohne Schweinefleisch); Diätkost (z.B. Diabetiker- oder Reduktionskost); Zwischenmahlzeiten (z.B. Joghurt, Obst) zur freien Verfügung; Getränke (kalt/heiß) zur freien Verfügung; Einnahme von Mahlzeiten auf Wunsch im eigenen Zimmer möglich; Zubereitung eigener Mahlzeiten möglich; Gemeinschaftliches Mittagessen möglich",https://navigatoren.aok.de/etl/public/reports/2019/510/51081208073650-693aa4d0e3e36.pdf,0,,False,,Alle Wohn- und Gemeinschaftsflächen sind für die Bewohner und deren Angehörige in der Einrichtung barrierefrei zugänglich.,,04.02.2026,4.3,11,http://www.pflegeheim-winterbach.de/,https://maps.google.com/?cid=10442877116399144575&g_mp=Cidnb29nbGUubWFwcy5wbGFjZXMudjEuUGxhY2VzLlNlYXJjaFRleHQQAhgEIAA,ChIJteYK7O65mUcRf84GnGiN7JA,6,,,,"Stationäre Dauerpflege, Kurzzeitpflege (8 eingestreute Kurzzeitpflege-Plätze), Demenzbetreuung (baulich besonders gestalteter Wohnbereich mit spezieller Raum-, Licht- und Farbgestaltung für Menschen mit Demenzerkrankungen)","Demenzbetreuung - baulich besonders gestalteter Wohnbereich, der mit seiner Raum-, Licht- und Farbgestaltung den veränderten Bedürfnissen von Menschen mit Demenzerkrankungen entspricht","Psychosoziale Begleitung und Beratung, stationärer Mittagstisch für Senioren aus der Gemeinde","Winterbach, Schorndorfer Str. 8, 73650 Winterbach. Das Pflegeheim verfügt über einen Garten (Bild vorhanden: GartenWinterbach.jpg)",AWO Bezirksverband Württemberg e.V. (Arbeiterwohlfahrt),"Neu renoviertes und modernes Pflegeheim. Verschiedene Angebote für ältere Menschen zu einer fein abgestimmten Palette aus einer Hand und ohne weite Wege. Zusätzliche Dienstleistungen: Physio-therapeutische Behandlung, Frisör und Fußpflege im Hause","Einrichtungsleitung: Michael May
Adresse: Schorndorfer Str. 8, 73650 Winterbach
Telefon: 07181 - 97875 0
Fax: 07181 - 97875 219
E-Mail: phwinterbach@awo-wuerttemberg.de"
19725,Haus Weitblick,Darmsheimer Steige 1,71134,Aidlingen,48.684222979424,8.9167399430826,22243,07034 6480,,,"Kurzzeitpflege, Langzeitpflege",True,"3.479,32 €",3826.0335999999998,2674.5264,1282.5072,0,3479.3152,2584.48,1282.5072,0,3479.3152,2584.48,1282.5072,0,3479.3152,2584.48,1282.5072,0,3479.3152,2584.48,1282.5072,0,,,,,,Teeküche ist für die individuelle Nutzung der Bewohner vorhanden,https://navigatoren.aok.de/etl/public/reports/2019/510/51080812071134-694ce1e1f1e5f.pdf,0,,False,,,,,,,,,,,,,,,,,,,,
8791,Zentrum für Senioren und Begegnung Adrienne von Bülow,Döffinger Str. 30,71120,Grafenau,48.716484956413,8.8921659894964,22431,07033 308280,info@seniorenzentrum-grafenau.de,http://www.seniorenzentrum-grafenau.de/,Langzeitpflege,False,"3.366,33 €",3617.6566000000007,2562.5808000000006,1186.0758,0,3366.3343000000004,2565.01,1186.0758,0,3366.3343000000004,2565.01,1186.0758,0,3366.3343000000004,2565.01,1186.0758,0,3366.3343000000004,2565.01,1186.0758,0,"Pflegegrad 1: 1 Vollzeitstelle: 4,5 Pflegebedürftige; Pflegegrad 2: 1 Vollzeitstelle: 3,5 Pflegebedürftige; Pflegegrad 3: 1 Vollzeitstelle: 2,5 Pflegebedürftige; Pflegegrad 4: 1 Vollzeitstelle: 1,9 Pflegebedürftige; Pflegegrad 5: 1 Vollzeitstelle: 1,7 Pflegebedürftige",2007,Einrichtungseigene Aufenthaltsmöglichkeiten im Freien; Bibliothek; Eigene Haustiere,Internetzugang in den Bewohnerzimmern: Ein Vertrag kann bei jedem Provider abgeschlossen werden.; Telefonanschluss in den Bewohnerzimmern: Anschluss im Zimmer ist vorhanden. Vertrag kann bei jedem Telefonanbieter abgeschlossen werden.; TV- oder Kabelanschluss in den Bewohnerzimmern; Möbelmitnahme möglich,"Wäscheversorgung (insbesondere Kleidung); Reinigung der Zimmer; Soziale Betreuung; Externe Ergo- und Physiotherapeuten sowie Logopäden zusätzlich zum Betreuungspersonal möglich; Einzugsgespräch in der Pflegeeinrichtung; Friseur; Wohlfühlbad; Chemische Kleiderreinigung; Soziale Betreuung; Chor, Yoga, saisonale Gartenangebote, Bastelangebote, handwerkliche Tätigkeiten und vieles mehr.; Die Möglichkeiten sind vielfältig - abhängig von Begabung, Interesse und zeitlichem Umfang. Angehörige können gerne ehrenamtliche Angebote machen. Zudem bieten wir auch Angehörigenabende an.; Für alle gesetzlich versicherten Bewohnerinnen und Bewohner besteht ein Beratungsangebot zur gesundheitlichen Versorgungsplanung nach § 132g SGB V durch einen weitergebildeten Berater.","Spezielle Kostformen nach Absprache möglich (z. B. vegetarisch, ohne Schweinefleisch); Diätkost (z.B. Diabetiker- oder Reduktionskost); Zwischenmahlzeiten (z.B. Joghurt, Obst) zur freien Verfügung; Getränke (kalt/heiß) zur freien Verfügung; Einnahme von Mahlzeiten auf Wunsch im eigenen Zimmer möglich; Gemeinschaftliches Mittagessen möglich; Mahlzeiten werden in der Einrichtung zubereitet (nach Absprache): Frühstück und Abendessen in Büffetform. Das Mittagessen wird im Cook&Chill-Verfahren zubereitet.; Zubereitung eigener Mahlzeiten möglich; Teeküche ist für die individuelle Nutzung der Bewohner vorhanden",https://navigatoren.aok.de/etl/public/reports/2019/510/51081820271120-68ee69d277637.pdf,1,https://navigatoren.aok.de/etl/public/images/nursing_home/phpnqbhc4-639753fdb1ac2.jpg,True,Besucher jederzeit willkommen,Alle Wohn- und Gemeinschaftsflächen sind für die Bewohner und deren Angehörige in der Einrichtung barrierefrei zugänglich.,Jürgen Lechler (),12.12.2022,4.3,48,http://www.seniorenzentrum-grafenau.de/,https://maps.google.com/?cid=4784534348731549948&g_mp=Cidnb29nbGUubWFwcy5wbGFjZXMudjEuUGxhY2VzLlNlYXJjaFRleHQQAhgEIAA,ChIJ_esdk5Jgl0cR_IjM_6MUZkI,7,,"Die Webseite verweist auf einen Menüpunkt 'Pflegesätze', aber konkrete Preise sind auf der Hauptseite nicht angegeben.",,"Tagespflege, Kurzzeitpflege, Wohnen und Pflege (Langzeitpflege), Betreutes Wohnen",,"Begegnungsstätte, offener Mittagstisch, Seelsorge","Döffinger Straße 30, 71120 Grafenau",Paul Wilhelm von Keppler-Stiftung (Sindelfingen) - größte katholische Altenhilfeträgerin in Baden-Württemberg mit derzeit 31 Einrichtungen. Auch in der Krankenpflege tätig.,"Philosophie: 'Nah am Menschen – die Basis unserer Arbeit in der Altenpflege. Jeder Mensch hat seine eigene Geschichte. Eine Geschichte, die wir bei allem, was Sie betrifft, berücksichtigen.' Das Seniorenzentrum versteht sich als mehr als ein 'Altenheim'. Breite Vielfalt an Hilfen für Menschen im Alter, abgestimmt auf individuelle Bedürfnisse und persönliche Gewohnheiten und Wünsche. Beratung für Senioren und Angehörige wird angeboten. Gut speisen - eigenes Verpflegungsangebot.","Zentrum für Senioren und Begegnung Adrienne von Bülow
Döffinger Straße 30
71120 Grafenau
Fon: 07033 308 28-0
Fax: 07033 308 28-11
Mail: seniorenzentrum-grafenau@keppler-stiftung.de"
8895,HAUS ELIM Burgstetten,Remsstr. 10,71576,Burgstetten,48.929774998513,9.3896209239861,22434,07195 919020,inf@haus-elim.org,https://www.haus-elim.de/standort/erbstetten/,Langzeitpflege,False,"3.374,20 €",3590.2786000000006,2589.6546000000003,1131.6240000000003,0,3374.2045,2638.33,1131.6240000000003,0,3374.2045,2638.33,1131.6240000000003,0,3374.2045,2638.33,1131.6240000000003,0,3374.2045,2638.33,1131.6240000000003,0,Pflegegrad 1: k.A.; Pflegegrad 2: k.A.; Pflegegrad 3: k.A.; Pflegegrad 4: k.A.; Pflegegrad 5: k.A.,,Einrichtungseigene Aufenthaltsmöglichkeiten im Freien; Eigene Haustiere,Telefonanschluss in den Bewohnerzimmern; TV- oder Kabelanschluss in den Bewohnerzimmern; Internetzugang in den Bewohnerzimmern; Möbelmitnahme,,"Mahlzeiten werden in der Einrichtung zubereitet (nach Absprache); Spezielle Kostformen nach Absprache möglich (z. B. vegetarisch, ohne Schweinefleisch); Diätkost (z.B. Diabetiker- oder Reduktionskost); Zwischenmahlzeiten (z.B. Joghurt, Obst) zur freien Verfügung; Getränke (kalt/heiß) zur freien Verfügung; Einnahme von Mahlzeiten auf Wunsch im eigenen Zimmer möglich; Zubereitung eigener Mahlzeiten möglich; Gemeinschaftliches Mittagessen möglich; Teeküche ist für die individuelle Nutzung der Bewohner vorhanden",https://navigatoren.aok.de/etl/public/reports/2019/510/51081986271576-693ba5626e92b.pdf,0,,False,,,,,4.7,15,https://www.haus-elim.de/standort/erbstetten/,https://maps.google.com/?cid=15168811519757910987&g_mp=Cidnb29nbGUubWFwcy5wbGFjZXMudjEuUGxhY2VzLlNlYXJjaFRleHQQAhgEIAA,ChIJqRjmJk3KmUcRywMGnLVxgtI,8,,,Einbettzimmer (single rooms) im Pflegeheim; 4 Betreute Wohnungen im Penthouse-Stil; 12 Senioren-Bungalows mit eigenem Garten,"Dauerpflege (13 Plätze), Demenzpflege (12 Plätze), Kurzzeitpflege (1 Platz), Betreutes Wohnen (4 Wohnungen), Senioren-Bungalows (12 Bungalows)",Demenzpflege in geschütztem Wohnbereich; Hausgemeinschaftskonzept mit Gemeinschaftsküche und gemütlichem Ess- und Wohnzimmer,"Freizeit- & Gemeinschaftsangebote (allgemein erwähnt, keine Details auf dieser Seite)","Erbstetten, ein Teilort von Burgstetten im Rems-Murr-Kreis. Innenhof mit großen Terrassen, die vom Wohn- und Esszimmer aus erreichbar sind. Zwei Wohnbereiche im Erdgeschoss.",HAUS ELIM Alten- und Pflegeheim e.V. (eingetragener Verein),"Eröffnung 2011; Zukunftsweisende Anlage mit drei Wohnformen für Senioren; 'Das Haus mit Wohnvielfalt'; Hausgemeinschaftskonzept ermöglicht 'gewohntes Wohnen' mit Wohlfühlfaktor; Senioren-Bungalows mit eigenem Garten für langes, selbstbestimmtes Wohnen im Alter; Betreute Wohnungen im Penthouse-Stil mit Anbindung an das Pflegeheim","Hausleitung: Josef Schwarz, Telefon: 07191-903319-0, E-Mail: josef.schwarz@haus-elim.org, Adresse: Remsstraße 10, 71576 Burgstetten. Möglichkeit zur Vormerkung über Antrag auf der Website."
32701,Kleeblatt Pflegeheim Kleinsachsenheim,Löchgauerstraße 25,74343,Sachsenheim,48.969825955527,9.0715839859108,22449,07141 968200,,http://www.kleeblatt-ggmbh.de/,Langzeitpflege,False,"3.369,76 €",3697.0528000000004,2686.3902000000003,1141.6626,0,3369.7590999999998,2621.29,1141.6626,0,3369.7590999999998,2621.29,1141.6626,0,3369.7590999999998,2621.29,1141.6626,0,3369.7590999999998,2621.29,1141.6626,0,,,,,,Teeküche ist für die individuelle Nutzung der Bewohner vorhanden,,0,,False,,,,,,0,http://www.kleeblatt-ggmbh.de/,https://maps.google.com/?cid=14629491969037750621&g_mp=Cidnb29nbGUubWFwcy5wbGFjZXMudjEuUGxhY2VzLlNlYXJjaFRleHQQAhgEIAA,ChIJWekkKArVmUcRXdHsem9lBss,6,,,,,,,,,,
8446,Private Alten- und Pflegeheime Maisch GmbH Haus Großbettlingen,Heerweg 77,72663,Großbettlingen,48.595142986221,9.3065309822869,22643,07022 9436034,grossbettlingen@altenheim-maisch.de,https://www.altenheim-maisch.de/,"Kurzzeitpflege, Langzeitpflege",True,"2.908,19 €",3273.3022000000005,2333.5182000000004,1070.784,0,2908.1865,2161.65,1070.784,0,2908.1865,2161.65,1070.784,0,2908.1865,2161.65,1070.784,0,2908.1865,2161.65,1070.784,0,Pflegegrad 1: k.A.; Pflegegrad 2: k.A.; Pflegegrad 3: k.A.; Pflegegrad 4: k.A.; Pflegegrad 5: k.A.,,Einrichtungseigene Aufenthaltsmöglichkeiten im Freien; Eigene Haustiere,Telefonanschluss in den Bewohnerzimmern; TV- oder Kabelanschluss in den Bewohnerzimmern; Internetzugang in den Bewohnerzimmern; Möbelmitnahme,,"Mahlzeiten werden in der Einrichtung zubereitet (nach Absprache); Spezielle Kostformen nach Absprache möglich (z. B. vegetarisch, ohne Schweinefleisch); Diätkost (z.B. Diabetiker- oder Reduktionskost); Zwischenmahlzeiten (z.B. Joghurt, Obst) zur freien Verfügung; Getränke (kalt/heiß) zur freien Verfügung; Einnahme von Mahlzeiten auf Wunsch im eigenen Zimmer möglich; Zubereitung eigener Mahlzeiten möglich; Gemeinschaftliches Mittagessen möglich; Teeküche ist für die individuelle Nutzung der Bewohner vorhanden",https://navigatoren.aok.de/etl/public/reports/2019/510/51081084172663-694ce1e625128.pdf,0,,True,Besucher jederzeit willkommen,,Privates Alten- und Pflegeheim Maisch (),,3.5,13,https://www.altenheim-maisch.de/,https://maps.google.com/?cid=9379194560972392785&g_mp=Cidnb29nbGUubWFwcy5wbGFjZXMudjEuUGxhY2VzLlNlYXJjaFRleHQQAhgEIAA,ChIJcRS9vl7rmUcRUQkJlsKXKYI,61,,,,"Vollstationäre Pflege, Kurzzeitpflege, Verhinderungspflege, Ambulanter Dienst. Der zu pflegende Mensch bekommt eine individuelle, umfassende und aktivierende Pflege.",,Gardemädchen vom Heimatverein Mühlhausen brachten am 31. Januar Farbe und Energie in das Altenheim Maisch mit einer bezaubernden Vorstellung. Lebensfreude durch Tanz.,"Großbettlingen: Neubau bietet einen herrlichen Panoramablick am Fuß der Schwäbischen Alb. Drei stationäre Standorte: Hülben (Schulstraße 7, 72584 Hülben), Großbettlingen (Heerweg 77, 72663 Großbettlingen), Bad Ditzenbach (Helfensteinstraße 29, 73342 Bad Ditzenbach). Ambulanter Dienst in Metzingen und Erkenbrechtsweiler.",Alten- und Pflegeheime Maisch GmbH (privater Träger),"Über 40 Jahre Erfahrung im stationären Pflegebereich. Neubau in Großbettlingen mit 75 modern gestalteten Pflegeplätzen, Einweihungsfeier im März 2024. Erweiterung in Bad Ditzenbach durch zweiten Bauabschnitt Anfang Dezember abgeschlossen. Zusatzleistungen: Essen auf Rädern, hauswirtschaftliche Unterstützung. Ausbildung als Pflegefachkraft angeboten. Vielfältiges und kompetentes Team.","Telefon Großbettlingen: 07022/94360-0, Email: grossbettlingen@altenheim-maisch.de, Adresse: Heerweg 77, 72663 Großbettlingen. Telefon Hülben: 07125/96986-0. Telefon Bad Ditzenbach: 07334/9629013. Facebook und Instagram Profile verfügbar."
8804,Kursana Care GmbH Domizil Vaihingen,Stuttgarter Str. 90,71665,Vaihingen,48.92725599469,8.9649379716737,22690,07042 376700,kursana-vaihingen@dussmann.de,https://www.kursana.de/vaihingen/?utm_source=Google_My_Business&utm_medium=Local_Pack&utm_campaign=Google_My_Business,"Kurzzeitpflege, Langzeitpflege",True,"2.632,43 €",2942.9410000000003,2064.3012,1009.6398,0,2632.4258,1909.16,1009.6398,0,2632.4258,1909.16,1009.6398,0,2632.4258,1909.16,1009.6398,0,2632.4258,1909.16,1009.6398,0,Pflegegrad 1: k.A.; Pflegegrad 2: k.A.; Pflegegrad 3: k.A.; Pflegegrad 4: k.A.; Pflegegrad 5: k.A.,2008,"Einrichtungseigene Aufenthaltsmöglichkeiten im Freien: Garten für Menschen mit Demenz, grüner Innenhof mit Blumenbeeten und Sitzmöglichkeiten; Eigene Haustiere erlaubt: nach Rücksprache mit Direktor; Bibliothek",Telefonanschluss in den Bewohnerzimmern; TV- oder Kabelanschluss in den Bewohnerzimmern; Internetzugang in den Bewohnerzimmern; Möbelmitnahme möglich,"Wäscheversorgung (insbesondere Kleidung); Reinigung der Zimmer; Hausmeisterservice; Soziale Betreuung; Fahr- und Begleitdienste; Einzugsgespräch in der Pflegeeinrichtung; Einzugsgespräch zu Hause; Kraft- und Balancetraining, Bewegungsangebote im Rollstuhl, Gedächtnistraining, Gymnastik usw.; z. B. Angehörigenabende, Teilnahmen an jahreszeitlichen und kulturellen Veranstaltungen und individuellen Angeboten.; Friseur und Fußpflege im Haus, Einkaufsservice","Mahlzeiten werden in der Einrichtung zubereitet (nach Absprache): Unser Heimbeirat wirkt einmal im Monat aktiv bei Speiseplangestaltung mit.; Spezielle Kostformen nach Absprache möglich (z. B. vegetarisch, ohne Schweinefleisch); Diätkost (z.B. Diabetiker- oder Reduktionskost); Zwischenmahlzeiten (z.B. Joghurt, Obst) zur freien Verfügung; Getränke (kalt/heiß) zur freien Verfügung; Einnahme von Mahlzeiten auf Wunsch im eigenen Zimmer möglich; Zubereitung eigener Mahlzeiten möglich; Gemeinschaftliches Mittagessen möglich; Teeküche ist für die individuelle Nutzung der Bewohner vorhanden",https://navigatoren.aok.de/etl/public/reports/2019/510/51081839371665-698ea368c649f.pdf,3,https://navigatoren.aok.de/etl/public/images/nursing_home/image310852detail-63738b816566a.jpg; https://navigatoren.aok.de/etl/public/images/nursing_home/image310853detail-63738b8166711.jpg; https://navigatoren.aok.de/etl/public/images/nursing_home/image310854detail-63738b8167411.jpg,True,Besucher jederzeit willkommen,Alle Wohn- und Gemeinschaftsflächen sind für die Bewohner und deren Angehörige in der Einrichtung barrierefrei zugänglich.,Carola Frasch (),,3,14,https://www.kursana.de/vaihingen/?utm_source=Google_My_Business&utm_medium=Local_Pack&utm_campaign=Google_My_Business,https://maps.google.com/?cid=7192808256926672433&g_mp=Cidnb29nbGUubWFwcy5wbGFjZXMudjEuUGxhY2VzLlNlYXJjaFRleHQQAhgEIAA,ChIJw8Tupi98l0cRMWacIwD90WM,20,,,Barrierefreie Zimmer mit Essecke werden erwähnt. Spezifische Zimmertypen (Einzel-/Doppelzimmer) werden nicht detailliert aufgeführt.,"Stationäre Pflege, Kurzzeitpflege, Verhinderungspflege, Demenzpflege. 24 Stunden am Tag und 365 Tage im Jahr Betreuung verfügbar.",Spezielle Fachkompetenz im Bereich Demenz. Demenzpflege mit liebevollem und wohlbehütetem Zuhause. Ganzheitliche Pflege von Senioren.,"Adventsbasar mit kulinarischen Genüssen und festlichen Klängen, Ausflüge an die frische Luft, Handarbeiten, Gesang, Zubereitung von Quittenmarmelade, generationenübergreifende Aktivitäten mit Kindergarten. Veranstaltungsprogramm auf Anfrage erhältlich.","Vaihingen an der Enz liegt im Landkreis Ludwigsburg direkt vor den Toren der Landeshauptstadt Stuttgart. Die Enzstadt mit sanften Hügeln, Wäldern und Rebhängen wird 'Schwäbische Toskana' genannt. Zentrale Lage zwischen den Ortsteilen Aurich, Enzweihingen, Kleinglattbach und Roßwag direkt an der Stuttgarter Straße. Bushaltestelle direkt vor der Tür, Fußgängerzone in unmittelbarer Nähe, Supermarkt in direkter Nachbarschaft. Mittelalterliches Stadtzentrum nur wenige Minuten entfernt.","Kursana GmbH, Teil der Dussmann Group. Privater Dienstleister, bundesweit einer der führenden privaten Dienstleister im Bereich von Pflegeheimen, Seniorenheimen und Betreutem Wohnen.","40 Jahre Erfahrung in der Pflege (seit 1985). ISO-zertifiziert durch den TÜV Rheinland. Professionelles Qualitätsmanagement. Hauseigene Küche, Wäscherei direkt im Haus, großzügige Sonnenterrasse, Friseur und Fußpflege vor Ort. Kostenfreies WLAN. Gemeinschaftsbereich mit Wohnzimmer. Familiäres Miteinander wird großgeschrieben. Atmosphäre der Geborgenheit und Sicherheit.","Direktorin: Christine Pfleger. Telefon: +49-7042-37670-0, Fax: +49-7042-37670-112. E-Mail: kursana-vaihingen@dussmann.de. Adresse: Kursana Domizil Vaihingen, Stuttgarter Straße 90, 71665 Vaihingen. Kontaktformular auf der Website verfügbar."
8711,Marienstift,Lenauweg 4-6,72622,Nürtingen,48.612324972073,9.3574409348892,22793,07022 47494,info@marien-stift.de,,Langzeitpflege,False,"2.081,57 €",2649.3880000000004,1897.2954,883.0926000000001,0,2081.5671,1409.97,883.0926000000001,0,2081.5671,1409.97,883.0926000000001,0,2081.5671,1409.97,883.0926000000001,0,2081.5671,1409.97,883.0926000000001,0,"Pflegegrad 1: k.A.; Pflegegrad 2: k.A.; Pflegegrad 3: 1 Vollzeitstelle: 1,0 Pflegebedürftige; Pflegegrad 4: 1 Vollzeitstelle: 15,0 Pflegebedürftige; Pflegegrad 5: 1 Vollzeitstelle: 5,0 Pflegebedürftige",1995,Eigene Haustiere; Einrichtungseigene Aufenthaltsmöglichkeiten im Freien: Terrassen sind vorhanden,Internetzugang in den Bewohnerzimmern: W-Lan; Möbelmitnahme möglich: Dies ist abhängig vom Möbelstück und Platz der Wohnfläche; Telefonanschluss in den Bewohnerzimmern; TV- oder Kabelanschluss in den Bewohnerzimmern,"Wäscheversorgung (insbesondere Kleidung); Reinigung der Zimmer; Hausmeisterservice; Soziale Betreuung; Fahr- und Begleitdienste; Einzugsgespräch in der Pflegeeinrichtung; Gymnastik, Massage, Singen, Spaziergänge, Gedächtnistraining, Sitztanz, Basteln, Bingo, Spiele; Besuche, Teilnahme an Festen, Feiern z. B. Grillen , Informationsveranstaltungen u.v.m.; Friseur, Fußpflege, PDL ist gerne bereit Fragen zu beantworten.","Mahlzeiten werden in der Einrichtung zubereitet (nach Absprache); Zubereitung eigener Mahlzeiten möglich; Spezielle Kostformen nach Absprache möglich (z. B. vegetarisch, ohne Schweinefleisch); Diätkost (z.B. Diabetiker- oder Reduktionskost); Zwischenmahlzeiten (z.B. Joghurt, Obst) zur freien Verfügung; Getränke (kalt/heiß) zur freien Verfügung; Einnahme von Mahlzeiten auf Wunsch im eigenen Zimmer möglich; Gemeinschaftliches Mittagessen möglich; Teeküche ist für die individuelle Nutzung der Bewohner vorhanden",https://navigatoren.aok.de/etl/public/reports/2019/510/51081684772622-6982d77af06d4.pdf,3,https://navigatoren.aok.de/etl/public/images/nursing_home/image306442detail-63738b79a854d.jpg; https://navigatoren.aok.de/etl/public/images/nursing_home/image306443detail-63738b79a9646.jpg; https://navigatoren.aok.de/etl/public/images/nursing_home/image306444detail-63738b79aa35d.jpg,True,Besucher jederzeit willkommen,Alle Wohn- und Gemeinschaftsflächen sind für die Bewohner und deren Angehörige in der Einrichtung barrierefrei zugänglich.,Marienstift Alten- und Pflegeheim Lenauweg 4-6 in 72622 Nürtingen   (),,5,2,,https://maps.google.com/?cid=16568498270107838028&g_mp=Cidnb29nbGUubWFwcy5wbGFjZXMudjEuUGxhY2VzLlNlYXJjaFRleHQQAhgEIAA,ChIJM2q7Dd2UmUcRTKZzm2Qh7-U,18,,,,,,,,,,
17643,Seniorenzentrum Bürgerheim,An der Wolldecke 11,71263,Weil der Stadt,48.748249973635,8.8723638866993,22980,07033 70190,Thekla.Thiede-Werner@keppler-stiftung.de,http://www.buergerheim-weil-der-stadt.de/,Langzeitpflege,False,"3.368,74 €",3645.9472,2571.4026000000003,1205.5446000000002,0,3368.7436,2544.94,1205.5446000000002,0,3368.7436,2544.94,1205.5446000000002,0,3368.7436,2544.94,1205.5446000000002,0,3368.7436,2544.94,1205.5446000000002,0,"Pflegegrad 1: 1 Vollzeitstelle: 4,4 Pflegebedürftige; Pflegegrad 2: 1 Vollzeitstelle: 3,4 Pflegebedürftige; Pflegegrad 3: 1 Vollzeitstelle: 2,4 Pflegebedürftige; Pflegegrad 4: 1 Vollzeitstelle: 1,9 Pflegebedürftige; Pflegegrad 5: 1 Vollzeitstelle: 1,7 Pflegebedürftige",2022,Eigene Haustiere; Einrichtungseigene Aufenthaltsmöglichkeiten im Freien: Große Außenterrasse im Garten vorhanden. Zudem Sitzmöglichkeiten vorm Haus vorhanden.,"Telefonanschluss in den Bewohnerzimmern; TV- oder Kabelanschluss in den Bewohnerzimmern; Internetzugang in den Bewohnerzimmern; Möbelmitnahme möglich: Eigene, kleine Möbelstücke, wie Fernsehsessel sind möglich.","Wäscheversorgung (insbesondere Kleidung); Reinigung der Zimmer; Gruppenangebote stehen in großer Auswahl zur Verfügung.; Mitwirkung bei Festen, gemeinsamen Aktivitäten.; Für alle gesetzlich versicherten Bewohnerinnen und Bewohner besteht ein Beratungsangebot zur gesundheitlichen Versorgungsplanung nach § 132g SGB V durch einen weitergebildeten Berater.","Spezielle Kostformen nach Absprache möglich (z. B. vegetarisch, ohne Schweinefleisch); Diätkost (z.B. Diabetiker- oder Reduktionskost); Zwischenmahlzeiten (z.B. Joghurt, Obst) zur freien Verfügung; Getränke (kalt/heiß) zur freien Verfügung; Einnahme von Mahlzeiten auf Wunsch im eigenen Zimmer möglich; Gemeinschaftliches Mittagessen möglich; Mahlzeiten werden in der Einrichtung zubereitet (nach Absprache): Frühstück, Nachmittagskaffee, Abendessen, Zwischenmahlzeiten werden im Haus zubereitet.; Zubereitung eigener Mahlzeiten möglich; Teeküche ist für die individuelle Nutzung der Bewohner vorhanden",https://navigatoren.aok.de/etl/public/reports/2019/510/51080821171263-6961dd1f84989.pdf,0,,False,,Alle Wohn- und Gemeinschaftsflächen sind für die Bewohner und deren Angehörige in der Einrichtung barrierefrei zugänglich.,,,4,4,http://www.buergerheim-weil-der-stadt.de/,https://maps.google.com/?cid=15412294619323589579&g_mp=Cidnb29nbGUubWFwcy5wbGFjZXMudjEuUGxhY2VzLlNlYXJjaFRleHQQAhgEIAA,ChIJTYa_QSVhl0cRy2NyZkx449U,167,,"Link zu Pflegesätzen vorhanden, aber keine konkreten Preise auf dieser Seite angegeben","60 Pflegeeinzelzimmer (single rooms), aufgeteilt in vier Wohngruppen mit je 15 Personen","Langzeitpflege (60 Plätze), Kurzzeitpflege (bis zu 6 Personen zeitgleich), Tagesbetreuung/Tagespflege (15 Plätze). Kostenloser Schnuppertag über den Sozialdienst buchbar.","Wohngruppenkonzept mit nur 15 Personen pro Gruppe für individuelleres, wohnlicheres und familiäreres Leben",,"An der Wolldecke 11, 71263 Weil der Stadt. Direkt angegliedert: Wohnanlage für betreutes Seniorenwohnen mit 43 Eigentumswohnungen, erreichbar über Verbindungsgang im ersten Stock",Keppler-Stiftung,"Wohngruppenkonzept mit kleinen Einheiten (15 Bewohner:innen pro Gruppe), Team versteht sich als 'Gast im Zuhause der Bewohner:innen', direkte Anbindung an betreutes Wohnen, kostenloser Schnuppertag möglich, Seelsorge und Ehrenamt vorhanden, offener Mittagstisch","Seniorenzentrum Bürgerheim Weil der Stadt, An der Wolldecke 11, 71263 Weil der Stadt, Telefon: 07033 70 19-0, Fax: 07033 70 19-125, E-Mail: buergerheim-weil-der-stadt@keppler-stiftung.de. Kontakt über Sozialdienst für Schnuppertag möglich."
8274,Pflegestift Rielingshausen,Frankenstr. 1,71672,Marbach am Neckar,48.963598991543,9.3301669150535,22981,07144 807670,FEnkelmann@udfm.de,https://dienste-fuer-menschen.de/pflege/rielingshausen/pflegestift-rielingshausen.html,"Kurzzeitpflege, Langzeitpflege",True,"3.490,62 €",3711.6544,2636.5014,1206.153,0,3490.6215,2687.61,1206.153,0,3490.6215,2687.61,1206.153,0,3490.6215,2687.61,1206.153,0,3490.6215,2687.61,1206.153,0,Pflegegrad 1: k.A.; Pflegegrad 2: k.A.; Pflegegrad 3: k.A.; Pflegegrad 4: k.A.; Pflegegrad 5: k.A.,,Einrichtungseigene Aufenthaltsmöglichkeiten im Freien; Eigene Haustiere erlaubt: Gerne - aber bitte mit Rücksprache,"Telefonanschluss in den Bewohnerzimmern; TV- oder Kabelanschluss in den Bewohnerzimmern; Internetzugang in den Bewohnerzimmern: Wir haben ein Gäste WLAN und leiten die Nutzung von Skype an; Möbelmitnahme möglich: Die Grundausstattung mit Pflegebett, Schrank,Nachtisch für einen sofortigen Einzug ist vorhanden","Wäscheversorgung (insbesondere Kleidung); Wir haben Fachleute für Hausreinigung, Haustechnik und die Betreuungsteams vor Ort.; Wir arbeiten nach einer Fünf-Sinne-Konzeption, insbesondere für Menschen mit Demenz; Angehörige und Ehrenamt sind herzlich willkommen und ermöglichen Abendsingen, Stricken oder Skat spielen - ganz nach Erfahrung und Möglichkeit.; Wir vermitteln gerne Friseur und Fußpflege.","Spezielle Kostformen nach Absprache möglich (z. B. vegetarisch, ohne Schweinefleisch); Zwischenmahlzeiten (z.B. Joghurt, Obst) zur freien Verfügung; Einnahme von Mahlzeiten auf Wunsch im eigenen Zimmer möglich; Mahlzeiten werden in der Einrichtung zubereitet (nach Absprache): Unsere Speisen werden täglich frisch gekocht.; Diätkost (z.B. Diabetiker- oder Reduktionskost); Getränke (kalt/heiß) zur freien Verfügung; Zubereitung eigener Mahlzeiten möglich; Gemeinschaftliches Mittagessen möglich; Teeküche ist für die individuelle Nutzung der Bewohner vorhanden",https://navigatoren.aok.de/etl/public/reports/2019/510/51080362671672-698d50d03d047.pdf,0,,False,,Alle Wohn- und Gemeinschaftsflächen sind für die Bewohner und deren Angehörige in der Einrichtung barrierefrei zugänglich.,,,5,10,https://dienste-fuer-menschen.de/pflege/rielingshausen/pflegestift-rielingshausen.html,https://maps.google.com/?cid=10106522686361871180&g_mp=Cidnb29nbGUubWFwcy5wbGFjZXMudjEuUGxhY2VzLlNlYXJjaFRleHQQAhgEIAA,ChIJS9ED8ZHNmUcRTKMGK9aUQYw,6,,,30 Einzelzimmer auf zwei Ebenen in zwei Wohnbereichen mit je 15 Einzelzimmern. Schmetterlingszimmer für Paare und nach Wunsch verfügbar. Zimmer können mit persönlichen Lieblingsstücken ergänzt werden.,"Langzeitpflege, Kurzzeitpflege, Palliativpflege (Zusammenarbeit mit palliativ ausgebildeten Ärzten, Pfarrerinnen und Pfarrern, Hospizdiensten und der Spezialisierten Ambulanten Palliativversorgung SAPV)",Palliativpflege und Sterbebegleitung: Die Sorge um schwer kranke und sterbende Menschen und ihrer Angehörigen. Fachliche und spirituelle Aufmerksamkeit auf die Verbesserung der Lebensqualität und die individuelle Begleitung des Sterbenden und seiner Angehörigen gerichtet. Kompetente Pflege für anspruchsvolle Situationen.,"Beschäftigungsangebote, Therapieraum, Pflegebad für Entspannungs- und Wohlfühlbäder. Veranstaltungen wie Hüttengaudi (23. Februar - 1. März 2026).","Eingebettete Lage im Wohnviertel bietet alle Möglichkeiten für eine wohnortnahe Betreuung und Begegnung. Raum für Menschen, Nähe, Lebensfreude. Adresse: Frankenstraße 1, 71672 Marbach am Neckar, Stadtteil Rielingshausen.","Dienste für Menschen (DfM), diakonischer Träger (erkennbar am Diakonie-Logo und kirchlicher Ausrichtung mit Seelsorge)",Familiäre Geborgenheit mit hoch qualifizierter Versorgung durch Fachpersonal. Im Zentrum steht der Mensch mit seinen Bedürfnissen. Wohnküchen und Aufenthaltsbereich je Geschoss. Wohnnische für alle. Qualitätsprüfungen durch den Medizinischen Dienst der Krankenkassen verfügbar. Fortbildungen zur Pflege bei Demenz (Beziehungen fördern). Nachhaltigkeitskonzept (Video zur Nachhaltigkeit bei Dienste für Menschen).,"Pflegedienstleitung: Isabel Günesli
Einrichtungsleitung: Sandra Schmitz
Telefon: 07144 807 67-10
E-Mail: Pflegestift.Rielingshausen@udfm.de"
8459,Karl-Gerok-Stift,Eichendorffstr. 51,71665,Vaihingen,48.934860955629,8.9652399852722,23286,07042 289660,karl-gerok-stift@ev-heimstiftung.de,https://www.ev-heimstiftung.de/vaihingen-karl-gerok-stift/,Langzeitpflege,False,"3.167,33 €",3437.8744000000006,2439.0756,1129.7988,0,3167.3338,2397.1,1129.7988,0,3167.3338,2397.1,1129.7988,0,3167.3338,2397.1,1129.7988,0,3167.3338,2397.1,1129.7988,0,"Pflegegrad 1: 1 Vollzeitstelle: 4,5 Pflegebedürftige; Pflegegrad 2: 1 Vollzeitstelle: 3,5 Pflegebedürftige; Pflegegrad 3: 1 Vollzeitstelle: 2,5 Pflegebedürftige; Pflegegrad 4: 1 Vollzeitstelle: 1,9 Pflegebedürftige; Pflegegrad 5: 1 Vollzeitstelle: 1,7 Pflegebedürftige",2006,Einrichtungseigene Aufenthaltsmöglichkeiten im Freien; Eigene Haustiere erlaubt: nach Rücksprache mit der Hausdirektion,Internetzugang in den Bewohnerzimmern: freies WLAN in der ganzen Einrichtung; Telefonanschluss in den Bewohnerzimmern; TV- oder Kabelanschluss in den Bewohnerzimmern; Möbelmitnahme möglich,"Wäscheversorgung (insbesondere Kleidung); Reinigung der Zimmer; Soziale Betreuung; Einzugsgespräch in der Pflegeeinrichtung; Soziale Betreuung; Singkreis, Sitzgymnastik,...lt. Wochenplan und Veranstaltungskalender; Möglichkeit der Teilnahme an Mahlzeiten, Möglichkeiten der Einbindung in Aktivitäten (Feste, Feiern), Angehörigenabend, Teilnahme an Pflegevisiten; Für alle gesetzlich versicherten Bewohnerinnen und Bewohner besteht ein Beratungsangebot zur gesundheitlichen Versorgungsplanung nach § 132g SGB V durch einen weitergebildeten Berater.; Die Einrichtung kann vermitteln: Friseur, Fußpflege, Physiotherapie, Logopädie","Mahlzeiten werden in der Einrichtung zubereitet (nach Absprache): warmes Mittagessen in Form von Cook & Chill; Zubereitung eigener Mahlzeiten möglich; Spezielle Kostformen nach Absprache möglich (z. B. vegetarisch, ohne Schweinefleisch); Diätkost (z.B. Diabetiker- oder Reduktionskost); Zwischenmahlzeiten (z.B. Joghurt, Obst) zur freien Verfügung; Getränke (kalt/heiß) zur freien Verfügung; Einnahme von Mahlzeiten auf Wunsch im eigenen Zimmer möglich; Gemeinschaftliches Mittagessen möglich; Teeküche ist für die individuelle Nutzung der Bewohner vorhanden",https://navigatoren.aok.de/etl/public/reports/2019/510/51081112571665-6972e976021d0.pdf,1,https://navigatoren.aok.de/etl/public/images/nursing_home/image294132detail-63738b6b561a9.jpg,True,Besucher jederzeit willkommen,Alle Wohn- und Gemeinschaftsflächen sind für die Bewohner und deren Angehörige in der Einrichtung barrierefrei zugänglich.,,,3.9,10,https://www.ev-heimstiftung.de/vaihingen-karl-gerok-stift/,https://maps.google.com/?cid=9080324747677950721&g_mp=Cidnb29nbGUubWFwcy5wbGFjZXMudjEuUGxhY2VzLlNlYXJjaFRleHQQAhgEIAA,ChIJpflaPSh8l0cRAWOIlj_LA34,22,,Entgeltübersicht verfügbar als PDF-Download,,"Stationäre Pflege, Kurzzeitpflege, Tagespflege, Ambulante Pflege, Palliative Care",Palliative Care,"Kultur & Freizeit Angebote, Café in der Einrichtung","Vaihingen an der Enz, Eichendorffstraße 51","Evangelische Heimstiftung GmbH - größtes diakonisches Pflegeunternehmen mit über 170 Einrichtungen in ganz Baden-Württemberg, seit 1952","Teil der starken Gemeinschaft der Evangelischen Heimstiftung, Gute-Pflege-Center für zentrale Beratung, Ehrenamtliche Unterstützung möglich, Hausführungen verfügbar, Innovationen: Institut für Innovation, Pflege und Alter, Sozialer Roboter Navel, Quartiersentwicklung, Nachhaltigkeit (Das Grüne Segel)","Hausdirektor: Martin Bofinger
Telefon: 07042 28966-0
Fax: 07042 28966-29
E-Mail: karl-gerok-stift@ev-heimstiftung.de
Adresse: Eichendorffstraße 51, 71665 Vaihingen an der Enz

Zentrales Gute-Pflege-Center:
Telefon: 0711 95 96 97 97 (Mo-Fr 08:00-17:00 Uhr)
Online-Beratung: www.onlineberatung.ev-heimstiftung.de"
8775,Evangelische Heimstiftung Haus am Schlösslesbrunnen,Canaleserstr. 2,74372,Sersheim,48.960233956004,9.0160209397998,23291,07042 289290,,https://www.ev-heimstiftung.de/sersheim-haus-am-schloesslesbrunnen/,"Kurzzeitpflege, Langzeitpflege",True,"3.035,72 €",3214.5916000000007,2231.3070000000002,1114.2846000000002,0,3035.7181,2260.51,1114.2846000000002,0,3035.7181,2260.51,1114.2846000000002,0,3035.7181,2260.51,1114.2846000000002,0,3035.7181,2260.51,1114.2846000000002,0,,,,,,Teeküche ist für die individuelle Nutzung der Bewohner vorhanden,https://navigatoren.aok.de/etl/public/reports/2019/510/51081796274372-6982d77b43ca6.pdf,0,,True,Besucher jederzeit willkommen,,Martin Walter (),,4.7,3,https://www.ev-heimstiftung.de/sersheim-haus-am-schloesslesbrunnen/,https://maps.google.com/?cid=941523767072559957&g_mp=Cidnb29nbGUubWFwcy5wbGFjZXMudjEuUGxhY2VzLlNlYXJjaFRleHQQAhgEIAA,ChIJN-kSkDl-l0cRVZPys-D2EA0,26,,Entgeltübersicht verfügbar als PDF-Download (Entgeltuebersicht_HASB.pdf). Konkrete Preise sind auf der Übersichtsseite nicht angegeben.,,"Stationäre Pflege, Kurzzeitpflege, Tagespflege, Palliative Care, Ambulante Pflege (im Verbund der Evangelischen Heimstiftung verfügbar)",Palliative Care,"Kultur & Freizeit Angebote vorhanden (Details auf separater Seite), Betreuung und Begleitung","Sersheim, Canaleser Straße 2, 74372 Sersheim","Evangelische Heimstiftung Württemberg GmbH - größtes diakonisches Pflegeunternehmen, kirchlich-diakonischer Träger, seit 1952, über 170 Einrichtungen in Baden-Württemberg","Teil der Evangelischen Heimstiftung mit über 170 Einrichtungen in Baden-Württemberg. Innovationen: Institut für Innovation, Pflege und Alter, Sozialer Roboter Navel im Einsatz, Start-ups im Einsatz, ALADIEN-Projekt, Quartiersentwicklung, Nachhaltigkeitsinitiative 'Das Grüne Segel'. Ehrenamtliches Engagement und Freundeskreis vorhanden.","Hausdirektorin: Kerstin Zerrenner
Adresse: Canaleser Straße 2, 74372 Sersheim
Telefon: 07042 28929-0
Fax: 07042 28929-29
E-Mail: haus-am-schloesslesbrunnen@ev-heimstiftung.de

Zentrales Gute-Pflege-Center (Beratung):
Telefon: 0711 95 96 97 97 (Mo-Fr 08:00-17:00 Uhr)
Online-Beratung: www.onlineberatung.ev-heimstiftung.de (jederzeit)"
9929,Gustav-Fischer-Stift,Ehninger Str. 3-5,71157,Hildrizhausen,48.624152960297,8.9659559425537,23594,07032 2062400,info@evdiak.de,http://www.gustav-fischer-stift.de/,"Kurzzeitpflege, Langzeitpflege",True,"3.525,56 €",3762.76,2621.8998000000006,1271.8602,0,3525.5587,2651.41,1271.8602,0,3525.5587,2651.41,1271.8602,0,3525.5587,2651.41,1271.8602,0,3525.5587,2651.41,1271.8602,0,"Pflegegrad 1: 1 Vollzeitstelle: 4,9 Pflegebedürftige; Pflegegrad 2: 1 Vollzeitstelle: 3,8 Pflegebedürftige; Pflegegrad 3: 1 Vollzeitstelle: 2,6 Pflegebedürftige; Pflegegrad 4: 1 Vollzeitstelle: 2,0 Pflegebedürftige; Pflegegrad 5: 1 Vollzeitstelle: 1,8 Pflegebedürftige",2013,Einrichtungseigene Aufenthaltsmöglichkeiten im Freien; Eigene Haustiere erlaubt: Nach vorheriger Rücksprache und Genehmigung mit der Einrichtungsleitung,Telefonanschluss in den Bewohnerzimmern; TV- oder Kabelanschluss in den Bewohnerzimmern; Internetzugang in den Bewohnerzimmern; Möbelmitnahme möglich,"Singen, Gedächtnistraining, Kochen/Backen, Einzelbeschäftigung, Basteln, Gymnastik, Gartengestaltung; regelmäßige Angehörigenabende, Einladung/Einbindung bei Festen und Feiern und sonstigen Aktivitäten.; Für alle gesetzlich versicherten Bewohnerinnen und Bewohner besteht ein Beratungsangebot zur gesundheitlichen Versorgungsplanung nach § 132g SGB V durch einen weitergebildeten Berater.; Fußpflege und Friseur","Mahlzeiten werden in der Einrichtung zubereitet (nach Absprache); Teeküche ist für die individuelle Nutzung der Bewohner vorhanden; Spezielle Kostformen nach Absprache möglich (z. B. vegetarisch, ohne Schweinefleisch); Diätkost (z.B. Diabetiker- oder Reduktionskost); Zwischenmahlzeiten (z.B. Joghurt, Obst) zur freien Verfügung; Getränke (kalt/heiß) zur freien Verfügung; Einnahme von Mahlzeiten auf Wunsch im eigenen Zimmer möglich; Zubereitung eigener Mahlzeiten möglich; Gemeinschaftliches Mittagessen möglich",https://navigatoren.aok.de/etl/public/reports/2019/512/51281106171157-6936db701ceb9.pdf,0,,False,,Alle Wohn- und Gemeinschaftsflächen sind für die Bewohner und deren Angehörige in der Einrichtung barrierefrei zugänglich.,,,4,7,http://www.gustav-fischer-stift.de/,https://maps.google.com/?cid=2619238766809728689&g_mp=Cidnb29nbGUubWFwcy5wbGFjZXMudjEuUGxhY2VzLlNlYXJjaFRleHQQAhgEIAA,ChIJi7qyjpDhmUcRsUag9cdnWSQ,37,,,,,,,,,,
9012,Haus Heckengäu,Schulstr. 17,71296,Heimsheim,48.807995958673,8.8595179781364,23794,07033 53910,haus-heckengaeu@wohlfahrtswerk.de,https://www.wohlfahrtswerk.de/einrichtungen/haus_heckengaeu,Langzeitpflege,False,"3.118,32 €",3368.2126000000003,2427.2118000000005,1072.0008,0,3118.3248000000003,2407.44,1072.0008,0,3118.3248000000003,2407.44,1072.0008,0,3118.3248000000003,2407.44,1072.0008,0,3118.3248000000003,2407.44,1072.0008,0,Pflegegrad 1: k.A.; Pflegegrad 2: k.A.; Pflegegrad 3: k.A.; Pflegegrad 4: k.A.; Pflegegrad 5: k.A.,1996,Einrichtungseigene Aufenthaltsmöglichkeiten im Freien; Eigene Haustiere erlaubt: Nach Absprache,Internetzugang in den Bewohnerzimmern; Telefonanschluss in den Bewohnerzimmern; TV- oder Kabelanschluss in den Bewohnerzimmern; Möbelmitnahme möglich,"Wäscheversorgung (insbesondere Kleidung); Reinigung der Zimmer; Fahr- und Begleitdienste; Einzugsgespräch in der Pflegeeinrichtung; Einzugsgespräch zu Hause; Gedächtnistraining,Sitzgymnastik,Steh-/Gehtraining,Zeitungsrunden,Basteln, Gärtnerarbeit,Ausflüge...","Mahlzeiten werden in der Einrichtung zubereitet (nach Absprache); Zubereitung eigener Mahlzeiten möglich; Spezielle Kostformen nach Absprache möglich (z. B. vegetarisch, ohne Schweinefleisch); Diätkost (z.B. Diabetiker- oder Reduktionskost); Zwischenmahlzeiten (z.B. Joghurt, Obst) zur freien Verfügung; Getränke (kalt/heiß) zur freien Verfügung; Einnahme von Mahlzeiten auf Wunsch im eigenen Zimmer möglich; Gemeinschaftliches Mittagessen möglich; Teeküche ist für die individuelle Nutzung der Bewohner vorhanden",https://navigatoren.aok.de/etl/public/reports/2019/510/51082332371296-68ee69d314bec.pdf,2,https://navigatoren.aok.de/etl/public/images/nursing_home/image291273detail-63738b673516b.jpg; https://navigatoren.aok.de/etl/public/images/nursing_home/image291274detail-63738b67361ca.jpg,True,Besucher jederzeit willkommen,Alle Wohn- und Gemeinschaftsflächen sind für die Bewohner und deren Angehörige in der Einrichtung barrierefrei zugänglich.,Einrichtungsleitung Frau Laubengeiger (),,3,18,https://www.wohlfahrtswerk.de/einrichtungen/haus_heckengaeu,https://maps.google.com/?cid=5655457684276232837&g_mp=Cidnb29nbGUubWFwcy5wbGFjZXMudjEuUGxhY2VzLlNlYXJjaFRleHQQAhgEIAA,ChIJlYLL4Wlkl0cRhcKJycw4fE4,3,,"Eine Preisliste ist verfügbar (Link zur Preisliste vorhanden, aber konkrete Preise sind auf der Hauptseite nicht angegeben)",,"Wohnen im Pflegeheim, Tagespflege, Kurzzeitpflege, Pflege und Betreuung zu Hause, Gästemittagstisch",,"Rikscha-Projekt (Fahrtwind und schöne Erlebnisse), Wochenplan mit verschiedenen Aktivitäten (exemplarischer Wochenplan als PDF verfügbar)","Oberhalb des Ortskerns von Heimsheim (Enzkreis), Panoramablick über das Tal",Wohlfahrtswerk für Baden-Württemberg,"Grüner Haken für Verbraucherfreundlichkeit 2025, Qualitätssiegel, bekannt für freundliche und entspannte Wohnatmosphäre, Augenmerk auf Wünschen und Bedürfnissen der Bewohner, lebendiger Alltag mit Einbeziehung aller Bewohner, positive Kraft der Gemeinschaft, Qualitätsinformationen für stationäre Pflege, Kurzzeitpflege und Tagespflege verfügbar, Ausbildungsmöglichkeiten im Haus","Telefon: 07033 53 91-0, Kontaktformular für Wohnanfrage verfügbar, Hauptsitz: Wohlfahrtswerk für Baden-Württemberg, Schloßstraße 80, 70176 Stuttgart, Telefon: 0711 61926-0, Telefax: 0711 61926-199, E-Mail: info@wohlfahrtswerk.de"
8612,DRK Altenzentrum Haus Am Zehnthof,Zehntgasse 2,71134,Aidlingen,48.677808994401,8.8963459403449,23898,07034 939730,,,"Kurzzeitpflege, Langzeitpflege",True,"3.192,11 €",3644.7304000000004,2532.465,1243.2654,0,3192.1114,2292.76,1243.2654,0,3192.1114,2292.76,1243.2654,0,3192.1114,2292.76,1243.2654,0,3192.1114,2292.76,1243.2654,0,,,,,,Teeküche ist für die individuelle Nutzung der Bewohner vorhanden,https://navigatoren.aok.de/etl/public/reports/2019/510/51081474371134-6925ae580073f.pdf,0,,True,Besucher jederzeit willkommen,,Klaus Wagner (),,2.8,6,,https://maps.google.com/?cid=1452578203309919630&g_mp=Cidnb29nbGUubWFwcy5wbGFjZXMudjEuUGxhY2VzLlNlYXJjaFRleHQQAhgEIAA,ChIJ32s8ospfl0cRjk3DCC6YKBQ,27,,,,,,,,,,
8884,Seniorenzentrum Haus Michael,Riquewihrstr. 5,71263,Weil der Stadt,48.762010964737,8.8566429200696,23929,07033 467040,info@haus-michael-merklingen.de,http://www.haus-michael-merklingen.de/,Langzeitpflege,False,"3.290,50 €",3636.2128000000002,2569.5774,1197.6354,0,3290.4969,2462.19,1197.6354,0,3290.4969,2462.19,1197.6354,0,3290.4969,2462.19,1197.6354,0,3290.4969,2462.19,1197.6354,0,"Pflegegrad 1: 1 Vollzeitstelle: 4,4 Pflegebedürftige; Pflegegrad 2: 1 Vollzeitstelle: 3,5 Pflegebedürftige; Pflegegrad 3: 1 Vollzeitstelle: 2,5 Pflegebedürftige; Pflegegrad 4: 1 Vollzeitstelle: 1,9 Pflegebedürftige; Pflegegrad 5: 1 Vollzeitstelle: 1,7 Pflegebedürftige",2010,Eigene Haustiere: Gegebenenfalls nach Absprache.; Einrichtungseigene Aufenthaltsmöglichkeiten im Freien: -,TV- oder Kabelanschluss in den Bewohnerzimmern: -; Möbelmitnahme möglich: -; Telefonanschluss in den Bewohnerzimmern: Anschluss und Tarif können eigenständig beauftragt werden.; Internetzugang in den Bewohnerzimmern: Anschluss und Tarif können eigenständig beauftragt werden.,"Wäscheversorgung (insbesondere Kleidung); Reinigung der Zimmer; -; Gestalterische Arbeiten, Musizieren, Bewegungsübungen, Zeitungsrunden, spirituelle Angebote, uvm.; Angehörige dürfen sich an grundpflegerischen Prozessen beteiligen. Zudem gibt es die Möglichkeit die BewohnerInnen zu diversen Betreuungsangeboten zu begleiten.; Informationen zu kostenpflichtigen Dienstleistungsangeboten erhalten Sie auf Anfrage in unserer Verwaltung.","Spezielle Kostformen nach Absprache möglich (z. B. vegetarisch, ohne Schweinefleisch); Diätkost (z.B. Diabetiker- oder Reduktionskost); Zwischenmahlzeiten (z.B. Joghurt, Obst) zur freien Verfügung; Getränke (kalt/heiß) zur freien Verfügung; Einnahme von Mahlzeiten auf Wunsch im eigenen Zimmer möglich; Gemeinschaftliches Mittagessen möglich; Mahlzeiten werden in der Einrichtung zubereitet (nach Absprache): Mittagessen im ""Cook and Chill""-Verfahren; Frühstück und Abendessen durch die Einrichtung.; Zubereitung eigener Mahlzeiten möglich; Teeküche ist für die individuelle Nutzung der Bewohner vorhanden",https://navigatoren.aok.de/etl/public/reports/2019/510/51081972671263-694dfd5313c3e.pdf,0,,False,,Alle Wohn- und Gemeinschaftsflächen sind für die Bewohner und deren Angehörige in der Einrichtung barrierefrei zugänglich.,,,4.8,4,http://www.haus-michael-merklingen.de/,https://maps.google.com/?cid=9250867504470839754&g_mp=Cidnb29nbGUubWFwcy5wbGFjZXMudjEuUGxhY2VzLlNlYXJjaFRleHQQAhgEIAA,ChIJUQCUD7hml0cRylEwbPuuYYA,16,,"Pflegesätze sind auf der Webseite verlinkt, aber keine konkreten Preise auf dieser Seite angegeben","54 Plätze insgesamt, verteilt auf 46 Einzelzimmer und 4 Doppelzimmer (für Paare, Geschwister oder Lebensgemeinschaften). Drei Kurzzeitpflegeplätze für vorübergehende Pflegeaufenthalte","Stationäre Pflege (Langzeitpflege), Kurzzeitpflege (3 Plätze), Betreutes Wohnen (28 Wohnungen in angeschlossener Wohnanlage), Tagespflege im Bürgerheim (mit Abholservice)","Ganzheitliches sowie speziell abgestimmtes Pflege- und Betreuungskonzept, persönlicher Pflege- und Betreuungsplan umfasst Körperpflege, medizinische Versorgung, Tagesgestaltung sowie Bewegungs- und Gedächtnistraining","Vielfältige Angebote zur Tagesgestaltung, Bewegungs- und Gedächtnistraining, Angebote für körperliche und geistige Fitness, Gemeinschaftsaktivitäten","Weil der Stadt - Merklingen, Riquewihrstraße 5, 71263. Unmittelbar angeschlossene Betreute Wohnanlage mit 28 Wohnungen",Keppler-Stiftung (erkennbar an E-Mail-Adresse: haus-michael-merklingen@keppler-stiftung.de und Logo-Link),"Großzügige Gemeinschaftsräume in den Wohnbereichen und öffentliche Begegnungsstätte für Feste und Feiern, Friseurstüble für alle Bewohner, modern gestaltete Hauskapelle mit regelmäßigen katholischen und evangelischen Gottesdiensten, 24-Stunden-Notruf beim Betreuten Wohnen, Servicepartner für angeschlossene Betreute Wohnanlage und Pflegeappartement 'Zum Ried', Einbindung von Angehörigen und Hausarzt auf Wunsch möglich, selbstbestimmtes Leben wird gefördert","Seniorenzentrum Haus Michael, Riquewihrstraße 5, 71263 Weil der Stadt - Merklingen, Telefon: 07033 467 04-0, Fax: 07033 467 04-16, E-Mail: haus-michael-merklingen@keppler-stiftung.de"
8797,Pflegestift am Langenbach,Langenbachstr. 21,71522,Backnang,48.917490695548,9.4356056833802,23953,07191 1460,,https://staigacker.de/,"Kurzzeitpflege, Langzeitpflege",True,"3.350,35 €",5054.3932,2432.079,2753.3142000000003,0,3350.3542000000007,702.4,2753.3142000000003,0,3350.3542000000007,702.4,2753.3142000000003,0,3350.3542000000007,702.4,2753.3142000000003,0,3350.3542000000007,702.4,2753.3142000000003,0,,,,,,Teeküche ist für die individuelle Nutzung der Bewohner vorhanden,https://navigatoren.aok.de/etl/public/reports/2019/510/51081830471522-6968565bc8357.pdf,0,,False,,,,,5,3,https://staigacker.de/,https://maps.google.com/?cid=16804825838122598239&g_mp=Cidnb29nbGUubWFwcy5wbGFjZXMudjEuUGxhY2VzLlNlYXJjaFRleHQQAhgEIAA,ChIJDZb6V_W1mUcRX3-aYRC8Nuk,12,,,,"Stationäre Pflege, Kurzzeitpflege, Tagespflege, Junge Pflege, MS-Pflege, Demenzbetreuung, Ambulante Pflege, Essen auf Rädern","Demenzbetreuung, Junge Pflege, MS-Pflege (Multiple Sklerose und ähnliche Krankheiten), demenziell Erkrankte",,Alten- und Pflegeheim Staigacker: inmitten der Natur. Pflegestift Bürgerheim: Nur wenige Gehminuten vom Stadtzentrum entfernt. Pflegestift am Langenbach: ruhige Lage. Pflegeheim Bergsteig: wenige Gehminuten vom Ortskern entfernt. Pflegestift Neubulach: Ruhig gelegen,Stiftung Altenheime Backnang und Wildberg. Stiftungsgründerin: Königin Olga von Württemberg. Diakonisch (Diakoniestation Wildberg),"Pflegekonzept nach Professorin Monika Krohwinkel. Lange Tradition in der Betreuung, Versorgung und Begleitung von pflege- und hilfsbedürftigen Menschen. Liebevolle und qualitativ hochwertige Betreuung. 10 verschiedene Einrichtungen in Backnang, Wildberg und Umgebung. Pflegeschule Backnang vorhanden.",Kontaktformular verfügbar mit Auswahl zwischen Backnang und Wildberg. Ansprechpartner für Einrichtungen verfügbar. Google Maps Standorte für beide Standorte (Backnang und Wildberg) eingebunden.
8324,Asklepia Seniorenzentrum Notzingen,Müllerweg 17,73274,Notzingen,48.673845404011,9.4660822870353,24035,07021 72440,rico.hann@asklepia.de,http://www.asklepia.de/,Langzeitpflege,False,"2.482,03 €",2959.672,2121.795,968.8770000000001,0,2482.03,1780.18,968.8770000000001,0,2482.03,1780.18,968.8770000000001,0,2482.03,1780.18,968.8770000000001,0,2482.03,1780.18,968.8770000000001,0,,,,,,Teeküche ist für die individuelle Nutzung der Bewohner vorhanden,https://navigatoren.aok.de/etl/public/reports/2019/510/51080491273274-698d50d1251c0.pdf,0,,False,,,,,5,6,http://www.asklepia.de/,https://maps.google.com/?cid=4605045760168435799&g_mp=Cidnb29nbGUubWFwcy5wbGFjZXMudjEuUGxhY2VzLlNlYXJjaFRleHQQAhgEIAA,ChIJ7RnQqNy9mUcRVyBCZbho6D8,78,,,,"Kurzzeitpflege - Im Notfall für Sie da. Sie entspannen, wir pflegen liebevoll. 24 Stunden Betreuung - Tag und Nacht geborgen. Ihre Sicherheit rund um die Uhr. Tagespflege - Ein Tag Urlaub für Sie und alle Beteiligten. Erholen, Kräfte tanken. Ambulante Pflege - Hilfe in Ihrem Zuhause. Wir kommen zu Ihnen. Erleichterung unbeschwert. Individualpflege - Auf Ihre Bedürfnisse und Ihre Wünsche exakt abgestimmt.",,"Lebensnah mit Festen, Feiern, Ausflügen",Haus Kirchheim/Teck: Ein Heim für Ihre Lieben mit viel Charme inmitten der Natur. Haus Notzingen: Für Ihre Angehörigen ein neues Heim mit modernem Ambiente.,,"MDK Siegel: geprüfte Qualität. Motto: Einen alten Baum verpflanzt man nicht. Ausgezeichnete Leistung. Individuell und ganzheitlich. Integration der Angehörigen. Heimatliche, offene Atmosphäre. Der einzelne Mensch steht im Mittelpunkt unserer Bemühungen. Wenn wir Freude am Leben haben, kommen die Glücksmomente von selber.",Telefon: 07021920120
8782,Seniorenzentrum im Dorf,Im Dorf 4-6,72658,Bempflingen,48.572577944265,9.2675629635771,24058,07123 7261930,wolf.ulrike@zieglersche.de,https://www.zieglersche.de/sz-bempflingen,Langzeitpflege,False,"3.424,50 €",3592.103800000001,2538.8532000000005,1184.2506,0,3424.5021,2635.59,1184.2506,0,3424.5021,2635.59,1184.2506,0,3424.5021,2635.59,1184.2506,0,3424.5021,2635.59,1184.2506,0,Pflegegrad 1: k.A.; Pflegegrad 2: k.A.; Pflegegrad 3: k.A.; Pflegegrad 4: k.A.; Pflegegrad 5: k.A.,2007,"Einrichtungseigene Aufenthaltsmöglichkeiten im Freien: Ein geschützter, neu gestalteter Gartenbereich ist vorhanden; Eigene Haustiere erlaubt","Telefonanschluss in den Bewohnerzimmern: Telefon kann mitgebracht und über Netzbetreiber in Betrieb genommen werden; TV- oder Kabelanschluss in den Bewohnerzimmern: TV kann mitgebracht werden, Programmempfang über Kabel; Internetzugang in den Bewohnerzimmern: WLAN; Möbelmitnahme möglich","Wäscheversorgung (insbesondere Kleidung); Physio- und Ergotherapie, Fußpflege und Friseur (von extern); Künstlertreff, Bewegung macht Spaß, Literaturkreis, Sitztanz, Singen, Kreatives Gestalten, Bingo; Angehörigengespräche, Fallbesprechungen, Teilnahme an Mahlzeiten und am Gottesdienst, gleitende Besuchszeiten, Teilnahme am Gottesdienst und an Veranstaltungen sowie Feierlichkeiten; Für alle gesetzlich versicherten Bewohnerinnen und Bewohner besteht ein Beratungsangebot zur gesundheitlichen Versorgungsplanung nach § 132g SGB V durch einen weitergebildeten Berater.","Spezielle Kostformen nach Absprache möglich (z. B. vegetarisch, ohne Schweinefleisch); Diätkost (z.B. Diabetiker- oder Reduktionskost); Zwischenmahlzeiten (z.B. Joghurt, Obst) zur freien Verfügung; Getränke (kalt/heiß) zur freien Verfügung; Einnahme von Mahlzeiten auf Wunsch im eigenen Zimmer möglich; Gemeinschaftliches Mittagessen möglich; Mahlzeiten werden in der Einrichtung zubereitet (nach Absprache): Produktionsverfahren Cook & Chill. Regeneration in den hausinternen Verteilerküchen.; Zubereitung eigener Mahlzeiten möglich; Teeküche ist für die individuelle Nutzung der Bewohner vorhanden",https://navigatoren.aok.de/etl/public/reports/2019/510/51081805372658-6936de83c9a07.pdf,0,,True,Besucher jederzeit willkommen,Alle Wohn- und Gemeinschaftsflächen sind für die Bewohner und deren Angehörige in der Einrichtung barrierefrei zugänglich.,,,4,11,https://www.zieglersche.de/sz-bempflingen,https://maps.google.com/?cid=11652708432866436528&g_mp=Cidnb29nbGUubWFwcy5wbGFjZXMudjEuUGxhY2VzLlNlYXJjaFRleHQQAhgEIAA,ChIJFeRYImLsmUcRsOUzvJS8tqE,26,,"Nach Inkrafttreten des Pflegestärkungsgesetz II zahlen alle Bewohner, unabhängig vom Schweregrad ihrer Pflegebedürftigkeit, in den Pflegegraden 2-5 den selben monatlichen Betrag für die pflegebedingten Aufwendungen (einrichtungseinheitlicher Eigenanteil). Hinzu kommen die einheitlich bemessenen Kosten für Unterkunft und Verpflegung. Die Höhe des Investitionskostenanteils ist abhängig davon, ob Sie in einem Doppelzimmer oder in einem Einzelzimmer wohnen. Detaillierte Pflegesätze sind verfügbar für vollstationäre Dauerpflege, Kurzzeit-/Verhinderungspflege und Tagespflege (als PDF-Downloads verfügbar).","Alle Zimmer sind mit einem Duschbad, WC sowie einem TV/Kabelanschluss ausgestattet. Telefonanschlüsse sind ebenfalls vorhanden. Einzelzimmer und Doppelzimmer verfügbar (unterschiedliche Investitionskosten).","45 Plätze in der stationären Dauerpflege, fünf Kurzzeitpflegeplätze (als eingestreute Kurzzeitpflegeplätze), drei Tagespflegeplätze, Verhinderungspflege. Professionelle Pflege nach dem Konzept der aktivierenden Pflege. Pflegedokumentation mit voize.",Sinnesgarten auf die Bedürfnisse von Menschen mit Demenz abgestimmt. Betreuung von Menschen mit Demenz.,"Gemeinsames Singen, Basteln, Kochen und Backen, Gedächtnistraining, Gymnastik und Spaziergänge. Spielen, Konzentrations- und Bewegungsübungen. Umfangreiches Freizeit- und Gemeinschaftsprogramm. Spezielle Gruppenangebote sowie gezielte Einzelbetreuung zur Aktivierung und Betreuung der Bewohner.","Im Herzen der Gemeinde Bempflingen gelegen. Sinnesgarten lädt zum Rundgang oder zum gemütlichen Verweilen im Freien ein. Offenes, lebendiges Haus als Teil des Gemeindelebens mit zahlreichen Kontakten zu Nachbareinrichtungen, zur Kommune, den Kirchengemeinden, zu engagierten Bürgerinnen und Bürgern.",Die Zieglerschen - diakonisches Unternehmen mit Hauptsitz im oberschwäbischen Wilhelmsdorf. Gegründet vor mehr als 175 Jahren. Betrieben durch Die Zieglerschen – Süd – gem. GmbH. Mitglied im Diakonischen Werk.,"Seit 2017 mit dem Prädikat 'Familienbewusstes Unternehmen' ausgezeichnet (familyNET, Landesfamilienrat Baden-Württemberg). Mitglied im Qualitätsnetzwerk 'Bürgerschaftliches Engagement für Lebensqualität im Alter' (bela IV) im Landkreis Esslingen. Speiseversorgung umfasst täglich vier Mahlzeiten, bei Bedarf vegetarische Kost, Diabetische Kost oder Schonkost. Schnuppertage für neue Tagespflegegäste werden angeboten. Reinigung der Wäsche erfolgt über eine Wäscherei. Fremdleistungen wie Friseur oder Fußpflege können vermittelt werden.","Seniorenzentrum Im Dorf, Im Dorf 6, 72658 Bempflingen. Einrichtungsleitung: Fotini Mpoikani. Verwaltung: Beate Rudies. Telefon: 07123 726193-0. Fax: 07123 726193-19. E-Mail: über Kontaktformular verfügbar. Geschäftsbereich Altenhilfe: Tannenbergstraße 44, 73230 Kirchheim/Teck, Tel: 07021 72 70-0, Fax: 07021 72 70-30."
8489,Robert-Breuning-Stift,Bülzenstr. 3,74354,Besigheim,48.997265975596,9.156366982426,24075,07143 670,robert-breuning-stift@ev-heimstiftung.de,https://www.ev-heimstiftung.de/besigheim-robert-breuning-stift/,Langzeitpflege,False,"3.272,74 €",3533.089,2493.5274,1170.5616,0,3272.7390999999993,2473.15,1170.5616,0,3272.7390999999993,2473.15,1170.5616,0,3272.7390999999993,2473.15,1170.5616,0,3272.7390999999993,2473.15,1170.5616,0,"Pflegegrad 1: 1 Vollzeitstelle: 4,5 Pflegebedürftige; Pflegegrad 2: 1 Vollzeitstelle: 3,5 Pflegebedürftige; Pflegegrad 3: 1 Vollzeitstelle: 2,5 Pflegebedürftige; Pflegegrad 4: 1 Vollzeitstelle: 1,9 Pflegebedürftige; Pflegegrad 5: 1 Vollzeitstelle: 1,7 Pflegebedürftige",1977,Einrichtungseigene Aufenthaltsmöglichkeiten im Freien; Eigene Haustiere erlaubt: Nur mit Zustimmung der Hausdirektion und wenn Versorgung gewährleistet ist.,Telefonanschluss in den Bewohnerzimmern; TV- oder Kabelanschluss in den Bewohnerzimmern; Internetzugang in den Bewohnerzimmern: freies Wlan im Haus; Möbelmitnahme möglich,"Wäscheversorgung (insbesondere Kleidung); Reinigung der Zimmer; Angebot laut Wochenplan, Betreuungsangebote Einzel und Gruppe täglich z. B. Basteln, Gymnastik; Gemeinsame Feste und Feiern, Angehörigenabend, Einbringung in die Pflege; Für alle gesetzlich versicherten Bewohnerinnen und Bewohner besteht ein Beratungsangebot zur gesundheitlichen Versorgungsplanung nach § 132g SGB V durch einen weitergebildeten Berater.; Friseur, Fußpflege, Fahrdienste außerhalb der Kassenleistung","Mahlzeiten werden in der Einrichtung zubereitet (nach Absprache); Zubereitung eigener Mahlzeiten möglich; Teeküche ist für die individuelle Nutzung der Bewohner vorhanden; Spezielle Kostformen nach Absprache möglich (z. B. vegetarisch, ohne Schweinefleisch); Diätkost (z.B. Diabetiker- oder Reduktionskost); Zwischenmahlzeiten (z.B. Joghurt, Obst) zur freien Verfügung; Getränke (kalt/heiß) zur freien Verfügung; Einnahme von Mahlzeiten auf Wunsch im eigenen Zimmer möglich; Gemeinschaftliches Mittagessen möglich",https://navigatoren.aok.de/etl/public/reports/2019/510/51081157974354-69549f0aa67bf.pdf,0,,False,,Alle Wohn- und Gemeinschaftsflächen sind für die Bewohner und deren Angehörige in der Einrichtung barrierefrei zugänglich.,,,3.3,15,https://www.ev-heimstiftung.de/besigheim-robert-breuning-stift/,https://maps.google.com/?cid=9656336565150415929&g_mp=Cidnb29nbGUubWFwcy5wbGFjZXMudjEuUGxhY2VzLlNlYXJjaFRleHQQAhgEIAA,ChIJG0exGVTTmUcROfxnzfEyAoY,75,,"Entgeltübersicht (Preisliste) als PDF verfügbar, aber keine konkreten Zahlen auf der Hauptseite genannt",,"Stationäre Pflege, Kurzzeitpflege, Tagespflege, Ambulante Pflege, Palliative Care, Betreuung und Begleitung","Palliative Care, Hospizdienst Neckar Stromberg","Kultur & Freizeit Angebote vorhanden (Details auf Unterseite), Ehrenamtliche Angebote, Quartiersentwicklung","Besigheim, Bülzenstraße 3, 74354 Besigheim. Eingebunden in Netzwerk Quartier Besigheim (Quartiersarbeit)","Evangelische Heimstiftung GmbH, Stuttgart. Größtes diakonisches Pflegeunternehmen, seit 1952 tätig, über 170 Einrichtungen in ganz Baden-Württemberg","Teil der Evangelischen Heimstiftung mit über 170 Einrichtungen. Motto: 'Selbstbestimmt, professionell umsorgt, voller Leben'. Innovationen: Sozialer Roboter Navel im Einsatz, Institut für Innovation, Pflege und Alter, Start-ups im Einsatz, ALADIEN-Projekt, Das Grüne Segel (Nachhaltigkeit). Zentrales Gute-Pflege-Center für Beratung. Online-Beratung jederzeit verfügbar","Hausdirektorin: Elke Eckert
Adresse: Bülzenstraße 3, 74354 Besigheim
Telefon: 07143 67-0
Fax: 07143 67-137
E-Mail: robert-breuning-stift@ev-heimstiftung.de

Zentrales Gute-Pflege-Center:
Telefon-Beratung: 0711 95 96 97 97 (Mo-Fr 08:00-17:00 Uhr)
Online-Beratung (jederzeit): www.onlineberatung.ev-heimstiftung.de"
8511,DRK-Seniorenzentrum Fickerstift,Osianderstr. 12,73230,Kirchheim,48.650538976894,9.4443329960285,24137,07021 970340,fickerstift@drk-seniorenzentren.de,https://www.drk-seniorenzentren.de/start/unsere-haeuser/unsere-haeuser/fickerstift.html,Langzeitpflege,False,"2.808,89 €",3243.7948000000006,2267.8110000000006,1106.9838,0,2808.8878,2002.24,1106.9838,0,2808.8878,2002.24,1106.9838,0,2808.8878,2002.24,1106.9838,0,2808.8878,2002.24,1106.9838,0,,,,,,Teeküche ist für die individuelle Nutzung der Bewohner vorhanden,https://navigatoren.aok.de/etl/public/reports/2019/510/51081196673230-6961dd1fedc93.pdf,0,,False,,,,,4.8,23,https://www.drk-seniorenzentren.de/start/unsere-haeuser/unsere-haeuser/fickerstift.html,https://maps.google.com/?cid=12547141602574763066&g_mp=Cidnb29nbGUubWFwcy5wbGFjZXMudjEuUGxhY2VzLlNlYXJjaFRleHQQAhgEIAA,ChIJGbw4yRFgCUEROoT-V89mIK4,7,,,"20 Betreute Wohnungen, 12 Kurzzeitpflegeplätze in 6 Doppelzimmern, 48 Einzelzimmer für Dauerpflege","Kurzzeitpflege (12 Plätze in 6 Doppelzimmern), Dauerpflege (48 Einzelzimmer), Betreutes Wohnen (20 Wohnungen), Beratung zu allen Fragen rund um das Leben im Alter",,"Offener Mittagstisch, Café mit Kulturprogramm, jahreszeitliche Veranstaltungen, gemeinschaftliche Aktivitäten, Cafénachmittage mit Gästen von außerhalb, Fortbildungen","Innenstadtnahe Lage in Kirchheim unter Teck, zentrale Lage. Viergeschossiges, u-förmig angelegtes Gebäude mit Park mit altem Baumbestand, Parkbänke und Pavillon. In wenigen Gehminuten erreichbar: Stadthalle, Einkaufszentren (Teck-Center und Nanz-Center), Arztpraxen, Sanitätshäuser, Apotheke, Krankenhaus, historisches Stadtzentrum.",DRK-Seniorenzentrum Fickerstift gGmbH (Betriebsträgerschaft). Gebäude gehört der DRK-Zukunfts-Stiftung Nürtingen-Kirchheim/Teck. Teil des DRK-Kreisverband Nürtingen-Kirchheim/Teck e. V.,"Motto: 'Leben, Wohnen, Wohlfühlen'. Historisches Haus: Grundstein 1918 durch Gebrüder Otto und Eugen Ficker gelegt (Stiftung von 100.000 D-Mark). Neuerbaut 1995. 2013 durch großzügiges Vermächtnis des Kirchheimer Bürgers Kurt Stocker erworben. Über 60 Jahre durch Herrenberger Diakonieschwesternschaft geprägt. Offene Angebote auch für externe Gäste.","Frau Petra Nastasi (Einrichtungsleitung), Frau Türkan Yöndem (Pflegedienstleitung). Adresse: DRK-Seniorenzentrum Fickerstift im Kurt-Stocker-Haus, Osianderstr. 12, 73230 Kirchheim unter Teck. Tel. 07022 7007-6100, Fax 07022 7007-6140"
8679,DRK-Seniorenzentrum Steingaustift,Steingaustr. 26,73230,Kirchheim,48.648136960647,9.4425299874217,24194,07021 739011,info@steingaustift.de,https://www.drk-seniorenzentren.de/start/unsere-haeuser/unsere-haeuser/steingaustift.html,"Kurzzeitpflege, Langzeitpflege",True,"2.859,80 €",3298.8550000000005,2305.8360000000007,1124.0190000000002,0,2859.7955,2042.09,1124.0190000000002,0,2859.7955,2042.09,1124.0190000000002,0,2859.7955,2042.09,1124.0190000000002,0,2859.7955,2042.09,1124.0190000000002,0,,,,,,Teeküche ist für die individuelle Nutzung der Bewohner vorhanden,https://navigatoren.aok.de/etl/public/reports/2019/510/51081627773230-694ce1ecd9e53.pdf,0,,False,,,,,4.5,2,https://www.drk-seniorenzentren.de/start/unsere-haeuser/unsere-haeuser/steingaustift.html,https://maps.google.com/?cid=16644537282105747347&g_mp=Cidnb29nbGUubWFwcy5wbGFjZXMudjEuUGxhY2VzLlNlYXJjaFRleHQQAhgEIAA,ChIJQSnMDvyVmUcRk6eotnhG_eY,2,,,"34 Einzelzimmer für Kurzzeit- und Dauerpflege, 18 Betreute Wohnungen","Kurzzeitpflege, Dauerpflege, Tagespflege (10 Tagespflegeplätze im Steingaustift und 12 Tagespflegeplätze im DRK-Tageszentrum im Isolde-Kurz-Haus in Kirchheim-Ötlingen), Betreutes Wohnen/Servicewohnen, Ambulante Pflege (über DRK-Pflegedienst Nürtingen-Kirchheim/Teck gGmbH)",,"Cafénachmittage (alle zwei Wochen), offener Mittagstisch, jahreszeitliche Veranstaltungen, gemeinsame Aktivitäten im Erdgeschoss, Garten mit farbenfrohen Blumen und 'Obstnaschecken'","Zentrale Lage in Kirchheim unter Teck, ganz in der Nähe des DRK-Seniorenzentrums Fickerstift. Nahe der Innenstadt Kirchheims. In der Nähe: Einkaufszentren, Krankenhaus, Sanitätshäuser, verschiedene Arztpraxen und Apotheken. Nachbarschaft zur Evangelischen Freikirche der Baptisten und Agentur für Arbeit/JobCenter. Garten vorhanden.",Betriebsträger: DRK-Seniorenzentrum Steingaustift gGmbH (Tochtergesellschaft des DRK-Kreisverband Nürtingen Kirchheim/Teck e. V.). Errichtet von der DRK-Zukunfts-Stiftung Nürtingen-Kirchheim/Teck (damals noch DRK-Zukunfts-Stiftung Rösle Bunz). Erste Einrichtung dieser Stiftung.,"Eröffnet im Dezember 2002 unter dem Motto 'Auf gute Nachbarschaft'. Starke Einbindung von freiwillig Engagierten, Vereinen und Organisationen aus der Stadt Kirchheim. Offenes Konzept mit Angeboten für die Nachbarschaft (Café, Mittagstisch). Gegenseitige Besuche mit der benachbarten Kirchengemeinde sind zur schönen Gewohnheit geworden. Beratung zu allen Fragen rund um das Leben im Alter.","Ansprechpartnerinnen: Frau Mirela Stahl (Einrichtungs- und Pflegedienstleitung), Frau Elisabeta Jelenkovic (Pflegedienstleitung). Adresse: DRK-Seniorenzentrum Steingaustift, Steingaustr. 26, 73230 Kirchheim unter Teck. Tel. 07022 7007-6200, Fax 07022 7007-6240. Facebook und Instagram Profile vorhanden."
9768,Seniorenzentrum Mittelstadt,Silvaner Str. 9,72766,Reutlingen,48.565654978446,9.2303959771804,24253,07127 923180,,https://www.bruderhausdiakonie.de/altenhilfe/seniorenzentren-und-pflegeheime/region-reutlingen/seniorenzentrum-reutlingen-mittelstadt,Langzeitpflege,False,"3.571,43 €",3695.2276,2634.6762000000003,1191.5514,0,3571.4324,2799.86,1191.5514,0,3571.4324,2799.86,1191.5514,0,3571.4324,2799.86,1191.5514,0,3571.4324,2799.86,1191.5514,0,,,,,,Teeküche ist für die individuelle Nutzung der Bewohner vorhanden,https://navigatoren.aok.de/etl/public/reports/2019/510/51084459072766-6925ae60ceb3a.pdf,0,,True,Besucher jederzeit willkommen,,,,4.8,13,https://www.bruderhausdiakonie.de/altenhilfe/seniorenzentren-und-pflegeheime/region-reutlingen/seniorenzentrum-reutlingen-mittelstadt,https://maps.google.com/?cid=14124275490024363891&g_mp=Cidnb29nbGUubWFwcy5wbGFjZXMudjEuUGxhY2VzLlNlYXJjaFRleHQQAhgEIAA,ChIJjxDhmDzsmUcRc5eofLmBA8Q,9,,Eine Preisliste für 2025 ist verfügbar zum Download: 'Seniorenzentrum Mittelstadt: Preisliste 2025'. Die genauen Preise sind im PDF-Dokument enthalten.,,"Langzeitpflege mit 23 Plätzen, Kurzzeitpflege mit 1 Platz, zwölf Plätze für Menschen mit Demenz in Hausgemeinschaften","Angebote für Menschen mit Demenz, geschützter Demenzgarten, Demenzbetreuung in Hausgemeinschaften","Projekte mit Schulen und Kindergärten, offener Mittagstisch für Angehörige und Gäste","Barrierefreies Altenheim im Ortskern von Mittelstadt, gute Anbindung an den öffentlichen Nahverkehr, Einkaufsmöglichkeiten in der Nähe",BruderhausDiakonie Stiftung Gustav Werner und Haus am Berg - kirchlich/diakonischer Träger,"Unterstützung durch Förderverein, Beratung zu Pflegethemen und Unterstützung für Angehörige, geschützter Demenzgarten, offener Mittagstisch für Angehörige und Gäste, Gütesiegel Familienorientierung, Initiative transparente Zivilgesellschaft","Christof Staneker (Leitung Seniorenzentrum Mittelstadt), Telefon: 07127 923180; Larissa Wilding (Pflegedienstleitung); Adresse: Silvanerstraße 9, 72766 Reutlingen"
8869,Asklepia Seniorenzentrum Kirchheim GmbH + Co KG,Notzinger Steige 90,73230,Kirchheim,48.660298984056,9.4579709491774,24324,07021 920120,info@asklepia.de,http://www.asklepia.de/,Langzeitpflege,False,"2.567,22 €",3023.8582000000006,2186.8938000000003,967.9644000000001,0,2567.2224,1881.48,967.9644000000001,0,2567.2224,1881.48,967.9644000000001,0,2567.2224,1881.48,967.9644000000001,0,2567.2224,1881.48,967.9644000000001,0,Pflegegrad 1: k.A.; Pflegegrad 2: k.A.; Pflegegrad 3: k.A.; Pflegegrad 4: k.A.; Pflegegrad 5: k.A.,2000,Einrichtungseigene Aufenthaltsmöglichkeiten im Freien: Wir haben eine Parkanlage mit ca. 3000qm. Ein Teich bietet Platz zum verweilen.; Eigene Haustiere erlaubt: mit absprache,"Telefonanschluss in den Bewohnerzimmern; TV- oder Kabelanschluss in den Bewohnerzimmern; Internetzugang in den Bewohnerzimmern: W-lan in allen Zimmer verfügbar; Möbelmitnahme möglich: Wir freuen uns wenn eigene Möbel mitgebracht werden, so erscheinen die Zimmer freundlicher.",,"Mahlzeiten werden in der Einrichtung zubereitet (nach Absprache): Eigene Küche, Lebensmittel werden von lokalen Unternehmen bezogen. Täglich frische Küche; Teeküche ist für die individuelle Nutzung der Bewohner vorhanden; Spezielle Kostformen nach Absprache möglich (z. B. vegetarisch, ohne Schweinefleisch); Diätkost (z.B. Diabetiker- oder Reduktionskost); Zwischenmahlzeiten (z.B. Joghurt, Obst) zur freien Verfügung; Getränke (kalt/heiß) zur freien Verfügung; Einnahme von Mahlzeiten auf Wunsch im eigenen Zimmer möglich; Zubereitung eigener Mahlzeiten möglich; Gemeinschaftliches Mittagessen möglich",https://navigatoren.aok.de/etl/public/reports/2019/510/51081941873230-689dd96429717.pdf,0,,False,,Alle Wohn- und Gemeinschaftsflächen sind für die Bewohner und deren Angehörige in der Einrichtung barrierefrei zugänglich.,,,5,6,http://www.asklepia.de/,https://maps.google.com/?cid=4140349898646621533&g_mp=Cidnb29nbGUubWFwcy5wbGFjZXMudjEuUGxhY2VzLlNlYXJjaFRleHQQAhgEIAA,ChIJqZT0Yfy9mUcRXQ2o2kt6dTk,11,,,,,,,,,,
8878,Alexander-Stift Gemeindepflegehaus Mundelsheim,Karl-Epple-Str. 15,74395,Mundelsheim,48.999942986417,9.2026269856231,24348,07143 4018020,AS-Aufnahme-Mundelsheim@alexander-stift.de,https://alexander-stift.diakonie-stetten.de/das-alexander-stift/standorte-einrichtungen/mundelsheim.html,"Kurzzeitpflege, Langzeitpflege",True,"3.136,48 €",3483.5044000000003,2493.8316000000004,1120.6728000000003,0,3136.4818000000005,2371.54,1120.6728000000003,0,3136.4818000000005,2371.54,1120.6728000000003,0,3136.4818000000005,2371.54,1120.6728000000003,0,3136.4818000000005,2371.54,1120.6728000000003,0,Pflegegrad 1: k.A.; Pflegegrad 2: k.A.; Pflegegrad 3: k.A.; Pflegegrad 4: k.A.; Pflegegrad 5: k.A.,,Eigene Haustiere; Einrichtungseigene Aufenthaltsmöglichkeiten im Freien,Internetzugang in den Bewohnerzimmern; Telefonanschluss in den Bewohnerzimmern; TV- oder Kabelanschluss in den Bewohnerzimmern; Möbelmitnahme möglich,Wäscheversorgung (insbesondere Kleidung); Reinigung der Zimmer; Hausmeisterservice; Einzugsgespräch in der Pflegeeinrichtung,"Diätkost (z.B. Diabetiker- oder Reduktionskost); Zubereitung eigener Mahlzeiten möglich; Teeküche ist für die individuelle Nutzung der Bewohner vorhanden; Mahlzeiten werden in der Einrichtung zubereitet (nach Absprache); Spezielle Kostformen nach Absprache möglich (z. B. vegetarisch, ohne Schweinefleisch); Zwischenmahlzeiten (z.B. Joghurt, Obst) zur freien Verfügung; Getränke (kalt/heiß) zur freien Verfügung; Einnahme von Mahlzeiten auf Wunsch im eigenen Zimmer möglich; Gemeinschaftliches Mittagessen möglich",https://navigatoren.aok.de/etl/public/reports/2019/510/51081959974395-6961dd2102173.pdf,0,,True,Besucher jederzeit willkommen,Alle Wohn- und Gemeinschaftsflächen sind für die Bewohner und deren Angehörige in der Einrichtung barrierefrei zugänglich.,,26.06.2025,3.9,8,https://alexander-stift.diakonie-stetten.de/das-alexander-stift/standorte-einrichtungen/mundelsheim.html,https://maps.google.com/?cid=12988588236992741445&g_mp=Cidnb29nbGUubWFwcy5wbGFjZXMudjEuUGxhY2VzLlNlYXJjaFRleHQQAhgEIAA,ChIJx2ZMbdUsmEcRRQDFXy-8QLQ,25,,Preisliste verfügbar als PDF-Download (Preisliste ab 01.01.2026). Vorvertragliche Informationen verfügbar als PDF-Download (Stand 2025-01).,"3 Doppelzimmer, 29 Einzelzimmer. Zimmerausstattung: Bad, Pflegebett, Nachttisch, Kleiderschrank, TV-Kommode, Tisch und Stühle, Telefon- und Kabel-TV-Anschluss und ein Hausnotruf. Zusätzlich: 8 Betreute Seniorenwohnungen.","Stationäre Dauerpflege, Kurzzeitpflege und Betreutes Wohnen",Demenzpflege - Durch die kleinen Einheiten und das familiäre Konzept ist diese Betreuungsform auch in besonderer Weise für demenzerkrankte Menschen geeignet.,Freizeit- und Gemeinschaftsangebote verfügbar. Gartenanlage mit Sitzgelegenheit und Begegnungsstätte.,Eingebettet in eine wunderschöne Landschaft zwischen Neckar und steilen Weinbergen. Standort in schöner Lage direkt am Neckar. Einkaufsmöglichkeiten sowie der öffentliche Nahverkehr sind fußläufig zu erreichen.,"Diakonie Stetten e.V. (diakonischer Träger), Alexander-Stift Dienste für Senioren gGmbH","Das Haus wird mit 3 Hausgemeinschaften geführt. Durch die kleinen Einheiten und das familiäre Konzept besonders geeignet. Hauseigene Küche: täglich frisch gekocht, ausgewogene Ernährung, Zwischenmahlzeiten auf Wunsch rund um die Uhr möglich. Insgesamt 35 stationäre Pflegeplätze.","Einrichtungs- und Pflegedienstleitung: Ulrich Kalmus, Telefon 07143 401802-0, E-Mail: Ulrich.Kalmus@alexander-stift.de. Adresse: Karl-Epple-Straße 15, 74395 Mundelsheim. Allgemeine Kontaktdaten: info@alexander-stift.de, Telefon 07151 940-0"
8440,Henriettenstift,Ottenäcker 17,73230,Kirchheim,48.653718996074,9.4532719517577,24456,07021 973122,henriettenstift@zieglersche.de,https://www.zieglersche.de/henriettenstift,Langzeitpflege,False,"3.387,97 €",3559.8586000000005,2500.2198000000003,1190.6388000000002,0,3387.9653000000003,2585.09,1190.6388000000002,0,3387.9653000000003,2585.09,1190.6388000000002,0,3387.9653000000003,2585.09,1190.6388000000002,0,3387.9653000000003,2585.09,1190.6388000000002,0,,,,,,Teeküche ist für die individuelle Nutzung der Bewohner vorhanden,https://navigatoren.aok.de/etl/public/reports/2019/510/51081072773230-697193f62291d.pdf,0,,True,Besucher jederzeit willkommen,,,,4.4,5,https://www.zieglersche.de/henriettenstift,https://maps.google.com/?cid=9501916252680709638&g_mp=Cidnb29nbGUubWFwcy5wbGFjZXMudjEuUGxhY2VzLlNlYXJjaFRleHQQAhgEIAA,ChIJdY4K6xqWmUcRBmaLDn2W3YM,22,,"Pflegesätze sind verfügbar als PDF-Downloads: 'vollstationäre (Dauer-)Pflege' und 'Kurzzeit- oder Verhinderungspflege'. Die Übersichten zeigen, wie sich die Kosten für den Pflegegrad zusammensetzen, welche Leistungen die Pflegekasse übernimmt und wie hoch der verbleibende Eigenanteil ist. Bei Schwierigkeiten können Unterstützung bei der Pflegekasse oder Gemeindeverwaltung beantragt werden.","Alle Zimmer sind mit Telefon-, TV- und Radioanschluss sowie einem Notrufsystem ausgestattet. Sie verfügen über ein Pflegebett, Nachttisch und Kleiderschrank. Die Zimmer sind möbliert, können jedoch gerne individuell eingerichtet werden: mit eigenen Möbeln, Erinnerungsstücken, Bildern oder Pflanzen. Die Zimmer sind zu drei großzügigen, lichtdurchfluteten Wohnbereichen zusammengefasst.","80 Dauerpflegeplätze, 8 Kurzzeitpflegeplätze, 24 Plätze für Menschen mit Demenz. Dauerpflege – Zuhause im Henriettenstift. Kurzzeitpflege – etwa nach einem Krankenhausaufenthalt oder zur Entlastung pflegender Angehöriger. Verhinderungspflege wird ebenfalls angeboten.","Demenzbetreuung: 24 Plätze für Menschen mit Demenz, Menschen mit Demenz werden von Pflegekräften mit Spezialkenntnissen begleitet. Palliative Care: Menschen in der Palliativen Phase werden begleitet, Pflegekräfte mit Spezialkenntnissen kooperieren mit erfahrenen Medizinern, Seelsorgern und vielen weiteren Mitarbeitenden. Zusammenarbeit mit dem Hospiz.","Gedächtnistraining, Altersgerechtes Bewegungsprogramm ('5 Esslinger', Walkinggruppe), Singen & Musizieren (Musiktherapie, Abendsingen, hauseigene Harfengruppe), Kreatives Gestalten, Umfangreiches Aktivierungsprogramm (z.B. Handarbeit, Backen, Fotogruppe), Sturzprävention, Projekte mit den örtlichen Schulen, Spaziergänge und Ausflüge (z.B. mit der Rikscha), Jahreszeitliche Feste und Feiern, Vorträge, Begegnungscafé. Tägliche soziale Betreuung.","Das Henriettenstift liegt am Rande der historischen Innenstadt von Kirchheim unter Teck. Es zeichnet sich besonders durch eine großzügige Gartenanlage mit Teich, Sitzgelegenheiten sowie Rundwegen aus. Die schöne Gartenanlage lädt zum gemütlichen Verweilen ein. Außerdem: 44 Betreute Wohnungen direkt neben dem Pflegeheim.",Die Zieglerschen e.V. – Wilhelmsdorfer Werke evangelischer Diakonie. Diakonisches Unternehmen mit Hauptsitz im oberschwäbischen Wilhelmsdorf. Gegründet vor mehr als 175 Jahren. Mitglied im Diakonischen Werk. Die Zieglerschen – Nord – gem. GmbH (Rechnungsadresse).,"Modernes, barrierefreies Haus. Zimmer mit Hotelstandard. Freie Besuchszeiten (rund um die Uhr). Offener Mittagstisch. Versorgung mit täglich vier Mahlzeiten (auf Wunsch auch vegetarisch oder vegan). Freie Arztwahl. Wöchentliche Gottesdienste im Haus. Cafeteria und Frisörsalon im Haus. Kooperation mit Schulen, Förderverein und Kirchengemeinden. Pflege nach aktuellsten Qualitätsstandards (Expertenstandards). Familienfreundlicher Arbeitgeber – ausgezeichnet mit dem Siegel 'Familienbewusstes Unternehmen' vom Landesfamilienrat Baden-Württemberg.","Henriettenstift Kirchheim, Ottenäcker 17, 73230 Kirchheim/Teck. Telefon: 07021 9731-0, Fax: 07021 9731-25. Einrichtungsleitung: Magdalena Andrijevic. Verwaltung: Caroline Unterberger, Anita Kieseler. E-Mail: bewerbung@zieglersche.de (für Bewerbungen). Geschäftsbereich Altenhilfe: Tannenbergstraße 44, 73230 Kirchheim/Teck, Telefon: 07021 72 70-0, Fax: 07021 72 70-30."
8677,PZK Pflegezentrum Kirchheim GmbH,Jahnstr. 15,73230,Kirchheim,48.645271994335,9.4480909183565,24712,07021 50560,info@pflegezentrum-kirchheim.de,http://www.pflegezentrum-kirchheim.de/,Langzeitpflege,False,"1.761,94 €",2461.0882000000006,1748.8458,843.2424,0,1761.9394,1080.82,843.2424,0,1761.9394,1080.82,843.2424,0,1761.9394,1080.82,843.2424,0,1761.9394,1080.82,843.2424,0,Pflegegrad 1: k.A.; Pflegegrad 2: k.A.; Pflegegrad 3: k.A.; Pflegegrad 4: k.A.; Pflegegrad 5: k.A.,,Einrichtungseigene Aufenthaltsmöglichkeiten im Freien; Eigene Haustiere,Telefonanschluss in den Bewohnerzimmern; TV- oder Kabelanschluss in den Bewohnerzimmern; Internetzugang in den Bewohnerzimmern; Möbelmitnahme,,"Mahlzeiten werden in der Einrichtung zubereitet (nach Absprache); Spezielle Kostformen nach Absprache möglich (z. B. vegetarisch, ohne Schweinefleisch); Diätkost (z.B. Diabetiker- oder Reduktionskost); Zwischenmahlzeiten (z.B. Joghurt, Obst) zur freien Verfügung; Getränke (kalt/heiß) zur freien Verfügung; Einnahme von Mahlzeiten auf Wunsch im eigenen Zimmer möglich; Zubereitung eigener Mahlzeiten möglich; Gemeinschaftliches Mittagessen möglich; Teeküche ist für die individuelle Nutzung der Bewohner vorhanden",https://navigatoren.aok.de/etl/public/reports/2019/510/51081625573230-68ee75aab98c7.pdf,0,,True,Besucher jederzeit willkommen,,PZK Palliativ-Pflegezentrum Kirchheim (),,4,45,http://www.pflegezentrum-kirchheim.de/,https://maps.google.com/?cid=18261954586819588081&g_mp=Cidnb29nbGUubWFwcy5wbGFjZXMudjEuUGxhY2VzLlNlYXJjaFRleHQQAhgEIAA,ChIJtcfnjweWmUcR8W-y0_B-b_0,4,,"Es gibt einen Menüpunkt 'Preise' auf der Webseite, aber die konkreten Preisinformationen sind auf der Startseite nicht aufgeführt.",,"Alten- und Krankenpflege, Kurzzeitpflege, Dauerpflege, Überleitungsmanagement, Palliativpflege, Demenzbetreuung","Demenzbetreuung - Die Betreuung von Menschen mit Demenz ist für die Betroffenen und Angehörigen im unmittelbaren Umfeld eine große Belastung sowohl körperlicher als auch seelischer Art. Palliativpflege - Menschen mit unheilbaren, schweren Krankheiten finden bei uns intensive Zuwendung und hohe medizinische Kompetenz.","Regelmäßige Veranstaltungen für Unterhaltung, Abwechslung und gute Stimmung. Alljährliche Weihnachtsfeier mit kleinen Aufmerksamkeiten und einem Unterhaltungsprogramm. Sommer- und Herbstfeste. Fasching-Veranstaltungen. Kleintierzirkus-Veranstaltungen. Silvester-Feiern.","Kirchheim (Ort wird im Namen genannt, aber keine weiteren Details zur Lage auf der Startseite)",,"Qualitätspflege mit Herz (Motto). Langjährige Erfahrung und persönliche Motivation der Leitung sorgen für hohe fachliche und soziale Qualität. Umfassende Unterstützung für Bewohner und Angehörige, ganzheitlich und aus einer Hand: pflegerisch, medizinisch, psychologisch, seelsorgerisch und menschlich. Rundumbetreuung durch das Personal. Das Haus steht jederzeit für Besuche offen.",Telefon: 07021 50560 - ab 10:00 Uhr. E-Mail: info@pflegezentrum-kirchheim.de. Es gibt einen Menüpunkt 'Eilanfrage' für dringende Anfragen und einen Menüpunkt 'Beratung'.
9938,Haus Steinach,Obere Str. 4,72636,Frickenhausen,48.591842996733,9.3611779264711,24851,07022 904150,steinach@benevit.net,https://www.benevit.net/benevit-standorte/baden-wuerttemberg/haus-steinach/,"Kurzzeitpflege, Langzeitpflege",True,"2.978,28 €",3348.4396,2327.4342,1152.0054,0,2978.2813999999994,2148.56,1152.0054,0,2978.2813999999994,2148.56,1152.0054,0,2978.2813999999994,2148.56,1152.0054,0,2978.2813999999994,2148.56,1152.0054,0,,,,,,Teeküche ist für die individuelle Nutzung der Bewohner vorhanden,https://navigatoren.aok.de/etl/public/reports/2019/512/51281126572636-694dfdda1f9bb.pdf,0,,False,,,BeneVit Haus Steinach (),,4.4,16,https://www.benevit.net/benevit-standorte/baden-wuerttemberg/haus-steinach/,https://maps.google.com/?cid=6552689510924140695&g_mp=Cidnb29nbGUubWFwcy5wbGFjZXMudjEuUGxhY2VzLlNlYXJjaFRleHQQAhgEIAA,ChIJG0GG5ZCUmUcRl8APfmTU71o,1,,,,"Stationäre Pflege in Hausgemeinschaften, Kurzzeitpflege, Tagespflege (Seniorentreff zum Ochsen), Ambulante Dienste (BeneVit mobil Frickenhausen), Altersgerechtes Wohnen","Demenzbetreuung durch spezielles Konzept für geistige, körperliche und soziale Aktivitäten. Mehr Lebensqualität, weniger Demenzsymptome, Lebensverlängerung durch Lebensfreude. Alltag als Therapie - Das Gefühl, gebraucht zu werden und selbstbestimmt leben können.","Einkaufen auf dem Wochenmarkt, gärtnern, Hasen füttern, malen, Lieder singen, Ausflüge unternehmen, Wäsche pflegen, Haustechniker unterstützen, Gymnastik, tägliche Aktivangebote, Schwebeliege im Haus, Teilnahme am Gemeindeleben, begleitete Kirchgänge oder Gottesdienste im Haus, viele regionale und saisonale Feste, täglich gemeinsames Kochen und Backen mit frischen und vorwiegend regionalen Lebensmitteln","Mitten in der Gemeinde Frickenhausen im Vorland der Schwäbischen Alb gelegen. Weitläufige Gartenanlage, in der sommerliche Feste gefeiert werden. Großzügiger Veranstaltungsraum. Naschgarten. Bewohner sind als fröhliche Teilnehmer von Veranstaltungen in der Gemeinde bestens bekannt.","BeneVit Pflege in Baden-Württemberg GmbH, Teil der BeneVit Gruppe. Privater Träger, Gründer Kaspar Pfister - Unternehmerfamilie","4 eigenständige Hausgemeinschaften jeweils mit Küche, Wohnzimmer mit Kaminofen, Balkon oder Terrasse und großem Garten. Modernes Wohnensemble im Neubau. Konzept 'offenes Haus' - Treffpunkt Café, Veranstaltungsraum offen für Familienfeste, Chorproben, Yogakurse. Besonderes Ambiente: Kräftige Farben, Teppichboden statt Linoleum, frische Pflanzen und ein Gefühl wie Zuhause. Pflege ohne Akkord: Fachkräfte betreuen in der Regel 7 Bewohner. Alltag mit Haustieren, viel Bewegung, Grander-Wasser, Genusstage im Pflegebad. Haustiere sind erlaubt. Freie Essenszeiten ganz nach Appetit. Aktive Einbindung der Bewohner in hauswirtschaftliche Tätigkeiten. BeneVit App für Angehörige (Abruf von Pflegeberichten, Medikamentenplänen, Verordnungen, therapeutische Anwendungen), Ärzte-App und Apotheken-App für sichere Medikamentenversorgung. Enge Kooperation mit Ärzten, Therapieberufen und Dienstleistern.","Haus Steinach, BeneVit Pflege in Baden-Württemberg GmbH, Obere Straße 4, D-72636 Frickenhausen, Telefon: 07022 90415-0, E-Mail: steinach@benevit.net, Facebook: BeneVitSteinach. Pflegedienstleitung: Steffen Hahn"
8563,Wächterheim,Schlierbacher Str. 43,73230,Kirchheim,48.651686975972,9.4583909115727,24893,07021 973611,info@stiftung-tragwerk.de,,"Kurzzeitpflege, Langzeitpflege",True,"3.500,21 €",3734.4694,2578.0950000000003,1287.3744000000002,0,3500.2133999999996,2603.34,1287.3744000000002,0,3500.2133999999996,2603.34,1287.3744000000002,0,3500.2133999999996,2603.34,1287.3744000000002,0,3500.2133999999996,2603.34,1287.3744000000002,0,"Pflegegrad 1: 1 Vollzeitstelle: 4,5 Pflegebedürftige; Pflegegrad 2: 1 Vollzeitstelle: 3,5 Pflegebedürftige; Pflegegrad 3: 1 Vollzeitstelle: 2,5 Pflegebedürftige; Pflegegrad 4: 1 Vollzeitstelle: 1,9 Pflegebedürftige; Pflegegrad 5: 1 Vollzeitstelle: 1,7 Pflegebedürftige",1994,Einrichtungseigene Aufenthaltsmöglichkeiten im Freien: Hof und großer Garten  -  GARTEN DER BEGEGNUNG; Eigene Haustiere erlaubt: In Absprache mit der Hausleitung; Bibliothek,"Internetzugang in den Bewohnerzimmern: WLAN wird in absehbarer Zeit instaliert.; Telefonanschluss in den Bewohnerzimmern: Eigene, ehemalige Nummer, sofern innerhalb der Stadt, kann portiert werden.; TV- oder Kabelanschluss in den Bewohnerzimmern: TV Geräte müsse DVBC geeignet sein.; Möbelmitnahme möglich: Jedes Zimmer verfügt über einen ""Erker"", der individuell eingerichtet werden könnte","Wäscheversorgung (insbesondere Kleidung); Hausmeisterservice; Einzugsgespräch in der Pflegeeinrichtung; Basteln, Gymnastik, Frühstücksgruppe für Menschen mit Demenz, ...; Angehörige sind wichtige Partner in der Betreuuung unserer Bewohner so dass die Einbindung zu Gemeinschaftsveranstaltungen und individuellen Aktivitäten ein Selbstverständnis sind.; Es gibt einen Zusatzleistungskatalog für Angebote wie zusätzliche Bewirtung bei privaten Feiern, etc.","Mahlzeiten werden in der Einrichtung zubereitet (nach Absprache): Die hauseigene Küche kocht auch für die Jugendhilfe und die Kindertagesstätten mit.; Zubereitung eigener Mahlzeiten möglich; Spezielle Kostformen nach Absprache möglich (z. B. vegetarisch, ohne Schweinefleisch); Diätkost (z.B. Diabetiker- oder Reduktionskost); Zwischenmahlzeiten (z.B. Joghurt, Obst) zur freien Verfügung; Getränke (kalt/heiß) zur freien Verfügung; Einnahme von Mahlzeiten auf Wunsch im eigenen Zimmer möglich; Gemeinschaftliches Mittagessen möglich; Teeküche ist für die individuelle Nutzung der Bewohner vorhanden",https://navigatoren.aok.de/etl/public/reports/2019/510/51081312773230-698d50d603683.pdf,3,https://navigatoren.aok.de/etl/public/images/nursing_home/image293672detail-63738b6a8db6c.jpg; https://navigatoren.aok.de/etl/public/images/nursing_home/image293673detail-63738b6a8eed5.jpg; https://navigatoren.aok.de/etl/public/images/nursing_home/image293674detail-63738b6a900c9.jpg,True,Besucher jederzeit willkommen,Alle Wohn- und Gemeinschaftsflächen sind für die Bewohner und deren Angehörige in der Einrichtung barrierefrei zugänglich.,Verwaltung Altenhilfebereich der Stiftung Tragwerk (),,4.5,2,,https://maps.google.com/?cid=17011498287209456348&g_mp=Cidnb29nbGUubWFwcy5wbGFjZXMudjEuUGxhY2VzLlNlYXJjaFRleHQQAhgEIAA,ChIJ-xMlbQKWmUcR3CJJuo_7FOw,5,,,,,,,,,,
